0 	1547 	2232 	3851
2768
27 	2229 	3071 	3895 	4548 	4989
770 	3068 	3921 	4656
4604
279 	937 	2336 	2602 	2603
2219 	3823 	4948 	5098
1602
4086
123 	147 	237 	316 	445 	558 	598 	676 	845 	846 	932 	934 	1270 	1352 	1400 	1605 	1813 	1974 	2242 	2277 	2465 	2489 	2527 	2553 	2565 	2822 	2867 	2901 	3044 	3494 	3501 	3746 	3771 	3778 	3892 	4023 	4058 	4153 	4167 	4233 	4282 	4324 	4408 	4553 	4601 	4681 	4981 	5056 	5148
123 	147 	316 	445 	558 	598 	676 	845 	932 	1270 	1352 	1400 	1605 	1813 	1974 	2242 	2277 	2465 	2489 	2553 	2565 	2822 	2867 	2901 	3044 	3494 	3501 	3778 	3892 	4023 	4058 	4153 	4167 	4233 	4282 	4324 	4408 	4601 	4681 	4981 	5056 	5148
554 	1348 	1538 	2611 	3151 	4780 	5081
89 	90 	2300 	4445 	4685 	4984 	5149
973 	3020
670
460 	3149
3399
1668 	1805 	2423 	3435
1791 	2329
1087 	4032
763
3619
394 	474 	494 	519 	521 	895 	977 	1060 	1298 	1331 	1475 	1502 	1555 	1782 	1893 	1951 	1983 	2059 	2493 	2539 	2846 	2862 	2905 	2955 	2956 	3007 	3097 	3255 	3523 	3636 	3686 	3764 	3834 	3900 	3960 	4015 	4157 	4158 	4269 	4530 	4771 	4946
808 	3241 	3448 	4104 	4354
613 	3015
39 	3944
2437
2 	554 	2229 	3071
432 	678 	2634 	5021
1164
1085 	2134
164 	995 	1422 	1937 	2666 	2961 	3029 	3319
973
1489 	2772
633 	1427 	1657 	3307
339 	780 	827 	1312 	1986 	2455 	2524 	2833 	3077 	4018 	5233
3421 	3713 	3891 	4518 	4829 	4847
1706 	2754 	3414 	3452
3310 	3730
25 	632 	2262 	3944
3016 	3892
2249 	3363
749 	3390
194 	243 	1975 	2032 	2534 	3775 	4169 	4694
3962 	4047 	4746
1057
58 	87 	214 	363 	785 	933 	1415 	1673 	2824 	3512 	3596 	3608 	3735 	3792 	3939 	4542 	4583
347 	4305
3454 	4611
134 	200 	910 	1636
2150 	4610 	4629 	4644
1756
4055 	4060 	4493
1520 	1802
2702 	3544
115 	1375 	1438 	1643 	1833 	1834 	1874 	1921 	1959 	3309 	3346 	3946 	3964 	4969
732 	1700 	2676 	4769 	4842 	4894
633 	1331 	2116 	2733 	3759 	3846 	4406
46 	87 	214 	363 	785 	933 	1415 	1673 	2824 	3512 	3596 	3608 	3735 	3792 	3939 	4542 	4583
84 	359 	495 	558 	600 	602 	1162 	1387 	1724 	1745 	1922 	2491 	2867 	2887 	3017 	3243 	3338 	3494 	3699 	4206 	4233 	4517 	4553 	4614 	4694 	4712 	4832 	4964 	4981 	5038
2501
1711 	2075 	3225 	3229
268 	663 	981 	2890 	3317 	3582 	4471
2915 	3337
1675
951 	1096 	4245
1535
554 	1206 	2625 	2733 	4416
1677 	2605 	4874
240 	2005 	5129
589 	2339 	2350 	2967 	3805 	4096
277 	529 	2234 	3008 	3702 	4154 	4736 	4837
3105 	4834
1316
749 	1346
1755
2769 	3757 	4438 	4440 	4945
2278 	2586
1936 	2133 	3341 	3453 	4152
2990 	4256
4287
306 	1166 	1241 	2910 	3456 	3587
1404 	3816
454 	548 	609 	668 	737 	974 	975 	1170 	1369 	1569 	1955 	1964 	2195 	2198 	2357 	2709 	2863 	3447 	3450 	3491 	3796 	3859 	3957 	4131 	4140 	4296 	4498 	4886 	5029 	5066
59 	133 	600 	676 	2332 	2465 	2491 	3771 	4019 	4206 	4233 	4553 	4712
1182 	3082
192 	5139
46 	58 	214 	363 	785 	933 	1415 	1673 	2824 	3512 	3596 	3608 	3735 	3792 	3939 	4542 	4583
3393 	4422 	4734
12 	2300 	4685 	4984
12 	4445
462 	1550 	1680
2072 	2949 	3434 	4362
1387 	1986 	2828 	3028 	3707
410 	1271 	1574 	3206 	3232
2758
4341
3060
2053
539 	3244
778 	1333
4030 	4051 	4309
310 	1280 	1609 	2564 	2802 	3083
2774
923 	1465 	2949 	3434
409
2638
2720 	3372
1385 	2716 	3854
898
4026
117 	416 	532 	629 	707 	922 	948 	1460 	1988 	2065 	2085 	2121 	2193 	2407 	2652 	2732 	2748 	2855 	3280 	3766 	3954 	4147 	4148 	4243 	4599 	4693 	4903 	4999 	5024 	5152
1761
189 	235 	354 	1023 	1228 	2694 	2744 	2906 	3207 	3325 	3955 	4121 	4244
227 	346 	938 	1198 	1396 	1594 	2631 	3348 	3351 	4433 	4713
55 	1375 	1438 	1643 	1833 	1834 	1874 	1921 	1959 	3309 	3346 	3946 	3964 	4969
360 	581 	1919 	3565
111 	1988 	2085 	2193 	2652 	2732 	4999 	5152
2282 	4870
1768 	4146
379 	440 	696 	919 	1154 	1181 	1209 	1318 	1595 	1699 	2457 	2481 	2921 	3337 	3400 	3879 	3962 	4207 	4278 	4592 	4746 	4768 	4962 	5241
3688 	4799
351 	919 	3773 	3962 	4746
9 	10 	147 	316 	445 	558 	598 	676 	845 	846 	932 	934 	1270 	1352 	1400 	1605 	1768 	1813 	1974 	2242 	2277 	2465 	2489 	2527 	2553 	2565 	2822 	2867 	2901 	3044 	3494 	3501 	3778 	3892 	4023 	4058 	4153 	4167 	4233 	4282 	4324 	4408 	4553 	4601 	4681 	4981 	5056 	5148
269 	1015 	2603 	3961
2618 	3913
1317 	4744
196 	437 	1598 	1692 	1847 	2347 	2404 	2470 	2511 	2632 	3286 	3311 	3588 	4203 	4399 	4810
4718
581 	935 	1203 	1750 	1891 	2116 	2298 	2454 	2503 	2665 	3076 	3098 	3134 	3160 	3553 	3650 	3830 	4649
244 	548 	686 	738 	974 	1109 	1369 	1854 	2032 	2140 	2932 	3124 	3957 	4745 	4756 	4884 	5027
1211
857 	1470 	1949 	2021 	3081 	3873 	4773
84 	155 	920 	1001 	1428 	1582 	2084 	2108 	2331 	2332 	2408 	2465 	2495 	2617 	2648 	3413 	3450 	3494 	3752 	3771 	4019 	4206 	4393 	4475 	4517 	4884
49 	910
1330 	3128 	3828 	4397
4858
457 	1305 	1717 	1719 	3582 	3605
3746
3864 	3873
4288
4787
875 	1479 	1750 	1953 	2462 	3553 	3845 	5227 	5237
4714
2852
3549 	3958
3521
9 	10 	123 	237 	316 	395 	445 	558 	598 	676 	845 	932 	934 	1043 	1270 	1352 	1400 	1605 	1813 	1901 	1974 	2242 	2277 	2465 	2489 	2553 	2565 	2599 	2822 	2867 	2901 	3044 	3494 	3501 	3746 	3771 	3778 	3892 	3984 	4023 	4058 	4153 	4167 	4233 	4282 	4324 	4408 	4553 	4601 	4681 	4712 	4752 	4981 	5056 	5148
208 	248 	4466
2286 	2953 	3256
2581 	4210
2607 	3011
1326 	2003 	2370 	2911 	3134 	3345 	3921 	4626 	4726
515 	2808
1932 	3199
133 	427 	1001 	1352 	1369 	2211 	2332 	2578 	2809 	3426 	3690 	4580 	4695
3291 	4781
2245
680 	966 	1504 	1969 	2031 	2787 	2796 	2903 	3166 	3237 	3273 	4022 	4409 	4488 	4510
3562
507 	1158 	2268
2729 	3277 	3913
739 	1222
176 	2233
31 	995 	1937 	2961 	3029 	4988
2577 	3394 	3991 	4526
4370
328
2574 	4071
489 	715 	2856 	2867 	4509
1583 	2400 	2403
707 	1797 	2855 	3399
4941 	4957
511 	3389 	3635
1240 	1946
294 	1435 	1565 	2676 	4540 	4692
163 	2233
1122 	1193 	2140 	2791 	4568
1473 	1672 	3347 	3771 	4261
1021 	3151 	4508
287 	450 	690 	750 	1049 	1848 	3732
3152 	3728
1492 	1732
1395 	1473
1752
930 	3387 	4774 	5176 	5181
1369 	2900 	3124 	4170 	4681 	4998 	5092
695 	837 	1744 	2887 	3639
1035 	1058
113
679 	940 	2707 	3270 	4489 	4652 	4696 	4998 	5076
316 	1457 	2036 	3892 	4282 	4304 	4630
86 	5139
778 	1234 	4456
43 	229 	329 	418 	941 	1036 	1167 	1286 	1976 	2387 	2405 	2586 	2652 	2813 	3138 	3646 	4179 	4184 	4551 	4642 	4690 	4820 	4865 	5067 	5185
1824 	3158
127 	437 	2347 	2404 	2511 	4203 	4399 	4810
560
3804
1059 	2486 	3844 	5174
49 	303 	499 	514 	706 	896 	954 	1013 	1029 	1283 	1308 	1409 	2076 	2409 	2803 	2916 	3021 	3061 	3063 	3075 	3477 	3480 	3675 	3794 	3963 	4674 	4936 	4937 	4960
345 	2498
3632
331 	3632
1996 	2441 	3724 	3758 	3966 	4337 	4571
1087 	3407
682 	1208 	1924 	2079 	2673 	2854 	3146 	4402
1803
148 	248 	4466
3360
859 	5135
321 	668 	731 	2848 	2955 	3629 	3935 	4776 	4912
2143 	2222 	4736
561 	1260 	4180
46 	58 	87 	363 	785 	933 	1415 	1673 	2824 	3512 	3596 	3608 	3735 	3792 	3939 	4542 	4583
2501
1050 	2640 	3358 	3665 	3980
1489 	2718 	2781 	3589 	3789 	4677
647 	4670
619 	2050 	4753
892 	925 	1280
1839 	3539
1582 	1684
2361
1434
2128 	2322 	2546
234 	1292 	1441 	1573 	1575 	2883 	2884 	3188 	4100
114 	247 	1396 	2871 	3351 	3599 	4946
4185
194 	281 	851 	941 	2387 	3168 	3403 	3668 	4150
240 	4848 	5129
491 	762 	1290 	1396 	2997 	3437 	3755 	4435 	4609 	4762 	4885 	4943 	5196
3463
2388 	2579
226 	1441 	3188
113 	689 	2053 	2252 	3883 	4244 	4430 	5131
555 	4268
9 	147 	558 	600 	682 	1585 	2225 	2465 	2589 	2673 	3268 	3306 	3746 	3771 	3780 	4233 	4614
1287
4411
69 	230 	312 	433 	786 	1138 	1244 	1637 	2005 	2487 	2544 	2641 	2811 	2836 	3080 	3353 	3996 	4130 	4360 	4376 	4468 	4672 	4848 	5129
1921 	2214 	2442 	2563 	3549 	4209 	5221
1043 	4205 	4233 	4313 	4553 	4712 	4991
43 	2032 	3185
130 	1101 	4131
2389 	2502 	2520 	2557
357 	697 	2007 	2913 	3201 	3308 	3534 	4282 	4804 	5177
227 	2871 	3599 	4946
148 	208 	1275 	2912 	3276 	4280 	4466 	4584
341 	2827
379 	3319 	4077
722 	2040 	2497 	3725 	4869 	5050
301 	897 	2170
1364 	2057 	2872
543 	545 	662 	751 	755 	757 	998 	1042 	1277 	1324 	1334 	1410 	1526 	1562 	1714 	1915 	2560 	2656 	2668 	2764 	2799 	2917 	3490 	3527 	3530 	3531 	3577 	3683 	4490 	4608 	4910 	4913 	4935 	5207
592 	930 	1603 	1856 	1984 	2841 	3435 	4661 	4774 	4911 	5181
328 	797 	4246
1009 	3549 	4246 	4247
1361 	3132
1280 	1609
4329
636 	3025 	3202 	3426 	4127
1275 	1495 	2793 	4113
263 	1802 	2999
3604
1322
4029
1234
62 	663 	981 	3582
124 	1398 	3170 	3260
1479 	1613 	2598 	2852 	4940
615 	1934
874
1592
677
557 	1856 	1976
484 	570 	1435 	1908 	2032 	3503 	4068
71 	529 	2234 	4154
707 	3992
5 	937 	2336 	2602 	2603 	3335
1869 	3751 	4113
229 	972 	1401 	1468 	3018 	3933 	4455 	4798 	5049
888 	2204
3961 	4246
3660 	4048 	4280
321 	627 	866 	1008 	1169 	1202 	1368 	1500 	1502 	1872 	2318 	2436 	2582 	2602 	2714 	2733 	2910 	3173 	3445 	3520 	3753 	4002 	4046 	4063 	4099 	4157 	4356 	4549 	4779 	5005 	5074
4204
180 	450 	497 	690 	750 	1049 	1838 	1848 	2762 	2884 	3732
1378 	3313
610 	707 	2855
2118 	4094
1473 	1672 	3771
2871 	3651 	3913
4383 	4880 	5071
175 	1435 	1565 	2676 	4540 	4692
1036 	1435 	1738 	2143 	2175 	2243 	2433 	3031 	3032 	3250 	4439 	4921 	5195 	5218
1687 	4576 	4659 	4951
1217 	1312 	4227
1623
406
2380 	2753 	4654
252
2733
200 	499 	706 	896 	954 	1029 	1283 	1308 	2803 	2916 	3021 	3061 	3063 	3075 	3477 	3480 	3675 	3794 	3963 	4674 	4936 	4937 	4960
1189 	1227 	1624 	1827 	1844 	2127 	2598 	2714 	3076 	3177 	3568 	3698 	4453 	4624 	4791 	4826 	4928 	4940 	4987
1551
81 	1403 	2158 	2910 	2984
4920
2206
2742 	4359
102 	1280 	1609 	3896 	4748
1280 	4175
240 	4360 	4672
2651 	2735 	2950 	3152
668 	725 	1563 	2976 	4296 	4582 	4839
1349 	1469
9 	10 	123 	147 	191 	445 	558 	598 	676 	845 	932 	934 	1178 	1270 	1352 	1400 	1605 	1813 	1964 	1974 	2242 	2277 	2303 	2465 	2489 	2553 	2565 	2822 	2867 	2901 	3044 	3494 	3501 	3545 	3778 	3892 	4023 	4058 	4059 	4153 	4167 	4233 	4282 	4304 	4324 	4408 	4553 	4601 	4639 	4681 	4835 	4980 	4981 	5056 	5141 	5148
819 	1214 	2352 	4328
1089 	1240 	1856 	3965 	4476 	4823
677 	4634 	5127 	5140
540 	2996
211 	285 	926 	2733 	2848 	2955 	3935 	4776 	4912
998 	999
2535
2886
1632 	2270 	3281 	3740
672 	3471 	4036 	4422 	4988 	5092
2409
167 	256 	797 	1009 	1553 	3535 	4116 	4246 	5200
194 	941 	1167 	1286 	2405 	2489 	2586 	3746 	5027 	5067
3888
203 	3632
461 	3602 	3762 	5170
639 	782 	1379 	1394 	2137 	2703 	4043 	4208
857 	1975 	2166 	3170 	4184 	4217 	4598
1180 	1616 	3691 	4546
375 	1541 	2106 	2405 	2810 	3906
1856 	2302 	4191
1633 	2908 	3014 	3151 	3429 	3974 	4097 	4175
35 	2833 	3077 	4018
622 	2139
249 	2598 	2827
1794 	2747
679 	1021
997 	1107
201 	1099 	2498 	3222 	4394
114 	3348 	3351
47 	4305
1329
4280
3837 	5239
122 	919 	3773 	3962 	4520 	4746
1907 	1964 	2806
1649 	2411
113 	1023
1703
2053 	2543
246 	697 	2913 	3201 	3308 	3534 	4282 	4804 	5177
971 	1397 	2488 	3122 	4940
59 	600 	2491 	3243 	4233 	4614
116 	549 	581 	1919 	2054 	3565 	4037 	5166
399 	1327
793 	2400
46 	58 	87 	214 	785 	933 	1415 	1673 	2824 	3512 	3596 	3608 	3735 	3792 	3939 	4542 	4583
907 	4391
837
2563
401 	3084 	3138 	3335 	3973 	4038 	4113 	4246 	4657 	4669
2464 	3073
1368
4834
1584 	1624 	1828 	2213 	2834 	3828 	4648 	5035
2910 	3587
539 	3244 	3245 	3380
1895 	4920
336 	2405 	2810 	3906
547
4228 	4906
857 	1494 	2023 	3081 	4534 	4593 	5004
120 	250 	440 	919 	1209 	1877 	2295 	2666 	3319 	3337 	3962 	4077 	4207 	4531 	4746 	4768 	4940 	4962 	5241
1960 	3022
1909 	4251
2137 	3434
1601 	1618 	3065
2383 	3802
1847
1720 	4854
4760
1129 	1185 	1421 	1654 	3584 	3997 	5078
919 	3962 	4746
2588 	4224
2117 	3863
830 	1522 	3517 	3638
4839
22 	474 	494 	519 	521 	895 	977 	1060 	1298 	1331 	1475 	1502 	1555 	1782 	1893 	1951 	1983 	2059 	2493 	2539 	2846 	2862 	2905 	2955 	2956 	3007 	3097 	3255 	3523 	3636 	3686 	3764 	3834 	3900 	3960 	4015 	4157 	4158 	4269 	4530 	4771 	4946
147 	558 	2599 	2867 	4233 	4408 	4553 	4981
1604 	3854 	4662
3576 	4280
4273
361 	1024 	1327 	1704 	3023 	3707
1625 	3125 	4162
367 	729 	764 	1386 	2850 	3084 	3130 	3138 	3334 	3335 	3973 	4038 	4113 	4173 	4246 	4657 	4669
1294 	2885
715 	929 	3339 	3581
718 	1348 	2985 	4894
1993 	4884
299 	1778 	1967 	2063 	2712
2465 	2901
2332
105 	903 	1343 	1419 	1455 	1656 	1663 	1719 	2239 	2577 	2611 	2816 	2965 	3104 	3961 	4477
94 	3206 	3232
1036 	2746
848 	2081 	4246
1750 	3134
824 	1101
1518
111 	629 	2106 	2121
605 	896 	902 	1283 	1441 	2647
194 	978 	1088 	1141 	1675 	1761 	1880 	2186 	2412 	2420 	2538 	2706 	3682 	3736 	3737 	4184 	5226
1871 	1970 	1973 	2390 	3556
1289
4014
1557
1647
3804
5018
2324
155 	1001 	1352 	1369 	2211 	2578 	2809 	3426 	3690 	4580 	4695 	4836
1936 	3453
2620 	3289 	4218 	4801 	4933
4693
569 	616 	721 	724 	746 	752 	1309 	1351 	1464 	1882 	2399 	2479 	2575 	2868 	2928 	2936 	3115 	3791 	3971 	4088 	4241 	4404 	5006
28 	907 	1929 	1986 	2603 	2634 	3293 	3386 	4061 	5021
240 	696 	1244 	2487 	2641 	2772 	2811 	3178 	4376 	4468 	4518 	4672 	4942
893 	1059 	1229 	1686 	2495
708 	1537 	2073 	2859 	3023
3114 	4864 	5197
127 	196 	2347 	2404 	2511 	4203 	4399 	4810
1936
1267 	1746 	2889 	3781
120 	379 	1209 	3337 	4768 	4962
1731 	4044 	4247 	4439
2881 	3163
1976 	2433 	3395 	4881
4073
9 	10 	123 	147 	316 	558 	598 	676 	845 	932 	934 	1270 	1352 	1400 	1605 	1813 	1974 	2022 	2242 	2277 	2465 	2489 	2553 	2565 	2736 	2822 	2867 	2901 	3044 	3494 	3501 	3778 	3892 	4023 	4058 	4153 	4167 	4233 	4282 	4324 	4408 	4553 	4601 	4681 	4981 	5056 	5148
447 	3059 	4289
446 	2144 	3059 	4120 	4289
873 	4079
835 	845 	4605 	4997
180 	287 	690 	750 	1049 	1848 	3732
1940
1707
1231 	1253 	1353 	1764 	2415 	4020 	4407 	4958
83 	548 	974 	975 	1170 	1569 	1964 	2195 	2709 	2863 	3450 	3796 	3859 	4131 	4140 	5029 	5066
1493 	1831 	3290 	3349 	4872
2055
137 	1021 	1305 	2046 	2101 	2354 	3708 	3727 	4080 	4163 	4682 	5047 	5066 	5072
612 	3405 	4920
3985
15 	3149
332 	1737 	3602 	3762 	4929 	5170
91 	1550 	1680
1713 	2099 	4890 	4945
3124 	4517
1338 	1968 	3493
2375 	2376 	3323
589 	1282 	2045 	2967 	3072 	3813 	5216
1623
3382 	4966
2930
3700 	4349
2042 	3482
2586 	3142
22 	394 	494 	519 	521 	895 	977 	1060 	1298 	1331 	1475 	1502 	1555 	1782 	1893 	1951 	1983 	2059 	2493 	2539 	2846 	2862 	2905 	2955 	2956 	3007 	3097 	3255 	3523 	3636 	3686 	3764 	3834 	3900 	3960 	4015 	4157 	4158 	4269 	4530 	4771 	4946
4930
493 	1634 	3318
599 	1192
2176 	3119 	4025
1164
2182 	5068
4528
1590
936
276 	794 	1258 	2032 	2577 	2623 	3693 	4068 	4493
2182 	4195 	4538
488 	3780
732 	3330 	4894
486 	739 	2654 	3780 	4445
169 	715 	2856 	2867 	3475 	4233 	4509 	4981
702 	883 	884 	3795
231 	762 	1290 	1396 	2997 	3437 	3755 	4435 	4609 	4762 	4885 	4943 	5196
1170 	2032 	3124 	3881 	5188
476 	1425 	1562 	1634 	1652 	1754 	2639 	2795 	2990 	3318 	3479 	3507 	4630
22 	394 	474 	519 	521 	895 	977 	1053 	1298 	1331 	1475 	1555 	1893 	1951 	1983 	2059 	2493 	2846 	2862 	2905 	2955 	3097 	3255 	3523 	3636 	3686 	3764 	3834 	3960 	4015 	4158 	4269 	4460 	4508
59 	4233
4087
287 	750 	1838 	2762 	2884
2792 	2885
200 	303 	706 	896 	954 	1029 	1283 	1308 	2803 	2916 	3021 	3061 	3063 	3075 	3477 	3480 	3675 	3794 	3963 	4674 	4936 	4937 	4960
4452
794 	1234 	1668 	2577
2716 	3664 	4113
2419 	4418 	4956
3800
974 	2774
614
160 	644 	1158 	2239 	2268
1157 	1389 	1492 	1740 	3956 	4455 	4574 	4769 	4843 	4920
1945 	2168 	2484
3714 	3945
173 	3389 	3635
2002 	2135
1732 	2745 	3648 	3992 	4416
200 	2076 	2409
153
2176 	4025 	4428
1328 	1404 	1586 	2895 	4410 	4957
1327 	1704
22 	394 	474 	494 	521 	895 	977 	1060 	1298 	1331 	1475 	1502 	1555 	1782 	1893 	1951 	1983 	2059 	2493 	2539 	2846 	2862 	2905 	2955 	2956 	3007 	3097 	3255 	3523 	3636 	3686 	3764 	3834 	3900 	3960 	4015 	4157 	4158 	4269 	4530 	4771 	4946
2980
22 	394 	474 	494 	519 	895 	977 	1060 	1298 	1331 	1475 	1502 	1555 	1782 	1893 	1951 	1983 	2059 	2493 	2539 	2846 	2862 	2905 	2955 	2956 	3007 	3097 	3255 	3523 	3636 	3686 	3764 	3834 	3900 	3960 	4015 	4157 	4158 	4269 	4530 	4771 	4946
585 	3127 	4536 	4954
1009 	1101 	1684 	2165 	2651 	2671 	2910 	3195 	3469 	3516 	3566
876
3017 	4416
1151 	4385 	4841
843 	1974 	2178 	2499 	2606 	2901 	3238 	3738 	4324
4638
71 	277 	2234 	4154
5216
1254 	1856 	3287
111 	2193 	3280 	3954 	4999
1153
778 	1818 	2140 	2618 	3283 	3694
794 	1668
2078
1365 	4717 	5128
692 	944 	1041 	1091 	1918 	2428 	2542 	4035 	4074 	4380 	4887
99 	373 	3244 	3245
320 	2996
668 	2146
696 	1319 	1501 	2019 	2481 	3497 	4159 	4892
254 	545 	662 	751 	755 	757 	998 	1042 	1277 	1324 	1334 	1410 	1526 	1562 	1714 	1915 	2560 	2656 	2668 	2764 	2799 	2917 	3490 	3527 	3530 	3531 	3577 	3683 	4490 	4608 	4910 	4913 	4935 	5207
4682
254 	543 	662 	751 	755 	757 	998 	1042 	1277 	1324 	1334 	1410 	1526 	1562 	1714 	1915 	2560 	2656 	2668 	2764 	2799 	2917 	3490 	3527 	3530 	3531 	3577 	3683 	4490 	4608 	4910 	4913 	4935 	5207
4866
376 	1378 	1534 	2807 	3593
83 	130 	454 	658 	686 	777 	974 	975 	1001 	1170 	1369 	1569 	1609 	1964 	2032 	2195 	2408 	2452 	2465 	2709 	2863 	3124 	3129 	3181 	3338 	3447 	3450 	3690 	3796 	3859 	4131 	4140 	4206 	4387 	4412 	4695 	5029 	5066
360
2831 	4878
1626 	2223 	2584 	2892 	4537 	4695 	4965
1518
2159 	4877
11 	27 	67 	599 	725 	969 	1052 	1149 	1206 	1207 	1348 	1718 	2119 	2255 	2591 	2616 	2693 	2733 	2740 	2741 	2833 	2968 	3151 	3759 	4221 	4329 	4456 	4754 	4769 	5179 	5205 	5211 	5219
236 	4268
2614 	3936 	4988
275 	1423 	1856
9 	10 	59 	123 	147 	237 	316 	395 	445 	598 	600 	676 	682 	845 	932 	934 	949 	1270 	1352 	1387 	1400 	1605 	1724 	1813 	1922 	1974 	1986 	2242 	2277 	2465 	2489 	2553 	2565 	2599 	2673 	2820 	2822 	2867 	2901 	3044 	3238 	3494 	3501 	3629 	3746 	3771 	3778 	3892 	4023 	4058 	4153 	4167 	4188 	4233 	4282 	4324 	4408 	4553 	4601 	4614 	4681 	4694 	4981 	5056 	5148
581
197
213
2755 	3170 	3873 	3880
1145 	1483 	1513 	2024
599 	1052 	2833 	3893
4500
1390 	1914 	2519 	2743
1179 	2679 	3711 	4511
1297 	1336 	1344 	1727 	4039
431 	616 	721 	724 	746 	752 	1309 	1351 	1464 	1882 	2399 	2479 	2575 	2868 	2928 	2936 	3115 	3791 	3971 	4088 	4241 	4404 	5006
276 	1908
1117 	3143 	4395
728 	3412 	4021
1488 	1489 	2718 	2887 	5116
1437 	1769 	2084 	2890 	3109 	3356 	3616 	4099
1527
2756 	4987
1875 	4973
651 	2287 	5183
1157 	1492 	1859 	4455
770 	1804 	2435 	4656 	4666
116 	129 	360 	559 	792 	1171 	1588 	1822 	1824 	1919 	1934 	2181 	2671 	3565 	3669 	4754
2243 	3693
2261 	5081
1003 	5146
522 	1432 	1873 	1961 	2519 	3127 	3880 	4117 	4536 	4954 	5168
1189 	2807 	4258
1965
806 	3018
70 	467 	892 	925 	1268 	1280 	1282 	1662 	1682 	2045 	2179 	2339 	2350 	2967 	3805 	3813 	4096 	4309
2137 	2608 	3434
1243 	3125
255 	2243 	3435
3503 	4476
1976
3709
761 	974 	2420 	2512 	2677 	2774 	2813 	3258 	5148
1093
9 	10 	123 	147 	316 	445 	558 	676 	845 	932 	934 	1270 	1352 	1400 	1605 	1813 	1974 	2242 	2277 	2465 	2489 	2553 	2565 	2822 	2867 	2901 	3044 	3494 	3501 	3778 	3892 	4023 	4058 	4153 	4167 	4233 	4282 	4324 	4408 	4553 	4601 	4681 	4981 	5056 	5148
477 	554 	564 	1052 	1149 	1192 	1718 	2693 	2848 	3519
59 	84 	237 	359 	558 	682 	1162 	1387 	1724 	1922 	2491 	2673 	2801 	2867 	3243 	3494 	3699 	4233 	4517 	4553 	4614 	4694 	4712 	4981
911
59 	3017 	4553
1785 	2114
1768 	1802
417 	896 	1283 	1441 	2647
1413 	2320 	4897
1189 	1230 	1537 	2714 	2871 	2971 	3078 	4445 	4645 	4820
963 	5097
83 	1220 	1380 	1501 	1575 	1751 	2722 	2908 	3151 	4508 	4545 	4892
289 	707 	2855
1260 	3005
458 	4474
24 	707 	1218 	2216 	4339
506 	1167 	1377 	3167 	4562
271
431 	569 	721 	724 	746 	752 	1309 	1351 	1464 	1882 	2399 	2479 	2575 	2868 	2928 	2936 	3115 	3791 	3971 	4088 	4241 	4404 	5006
1831 	3006 	3349
2341 	2409
219 	2050 	4753
3315 	3938
3631 	4282 	5180
340 	1610 	1634 	2139 	2300 	4517
3748
801
714
4703
285 	1331 	2582 	4356
812 	1021 	1380 	1501 	1506 	2562 	2729 	2954 	3391 	3655 	4826 	4892
111 	416 	2106 	2121 	2407
3598
2476 	3706 	4899
39
34 	57 	893 	1347 	1427 	1683 	2142 	2307 	2880 	3100 	3181 	3307 	3468 	3788 	3846 	4406 	5192
3013 	3803
1226 	1881 	2215 	2730
261 	1801 	2638 	3426 	3690 	4427
3873
2774
333
679 	919 	1020 	3962 	4746
2026
2386
4213
507 	899 	1226 	1608 	3356 	4864 	5197
2563
3870
218
2887 	3338 	4581
3918
871 	3459
578 	782 	2287 	2851 	4043 	5183
1341 	1350
5083
2419 	3111
723 	749 	2287 	2763 	3008 	3085
968 	984 	1313 	1670 	1739 	1800 	1947 	2272 	3196 	3575 	3989 	3994 	4138 	4421 	4494
2273 	2292
548 	1470 	4330
838 	1675 	2093 	2682 	3184 	3372 	4430 	4988 	5206
5090
2553 	4700
254 	543 	545 	751 	755 	757 	998 	1042 	1277 	1324 	1334 	1410 	1526 	1562 	1714 	1915 	2560 	2656 	2668 	2764 	2799 	2917 	3490 	3527 	3530 	3531 	3577 	3683 	4490 	4608 	4910 	4913 	4935 	5207
62 	268 	3582
899 	2287 	4043
4362
4594 	4991
1184 	3557 	4715
83 	211 	314 	541 	737 	778 	1046 	1505 	1563 	2146 	2495 	2848 	4296 	4498 	4508 	4886
1706 	2280 	4785
14 	4958
1325 	1396 	3086
326 	2611 	3471 	4363 	4422
687 	1083 	1235 	1611 	1617 	1650 	1807 	1953 	2152 	2915 	3830 	3987 	4516 	4688 	4898
675
674 	3331
9 	10 	84 	123 	147 	316 	445 	558 	598 	845 	932 	934 	1270 	1352 	1400 	1605 	1813 	1974 	2242 	2277 	2465 	2489 	2553 	2565 	2599 	2822 	2867 	2901 	3044 	3494 	3501 	3778 	3892 	4023 	4058 	4153 	4167 	4233 	4282 	4324 	4408 	4553 	4601 	4681 	4712 	4752 	4981 	5056 	5148
274 	319 	4634 	5127 	5140
28
190 	343 	640 	1021 	2707 	3270 	4489 	4652 	4696 	4746 	5076
158 	966 	1504 	1969 	2031 	2787 	2796 	2903 	3166 	3237 	3273 	4022 	4409 	4488 	4510
753 	1381 	4658
206 	237 	558 	600 	1605 	1975 	2225 	2408 	2465 	2673 	3771 	4029 	4233 	4614 	5056 	5225
1228 	2906 	3207
2140 	2722 	3391
745 	991 	1489 	2571 	4076
130 	548 	1880
673 	1953 	2835 	4452 	4898
4731
235 	1188 	2053 	2531 	2774 	5240
180 	287 	450 	750 	1049 	1848 	3732
2977 	4244
538 	4887
5214
696 	2481
187 	1071 	1744 	2054 	3096 	3347 	3747 	3951
120 	433 	542 	694 	711 	1319 	2004 	2019 	2481 	2772 	2804 	2811 	2847 	3497 	3916 	4002 	4159 	4185 	4223 	4346 	4532 	4746 	4772
246 	357 	2913 	3201 	3308 	3534 	4282 	4804 	5177
2310 	2477 	3996
1192
707 	2855
1451 	2510 	2604 	2996 	3733
490 	883 	884 	3795
2111 	3478
3070 	5069
2563
200 	303 	499 	896 	954 	1029 	1283 	1308 	2803 	2916 	3021 	3061 	3063 	3075 	3477 	3480 	3675 	3794 	3963 	4674 	4936 	4937 	4960
111 	171 	278 	289 	610 	613 	700 	1227 	1460 	2855 	3399 	3663 	3992
435 	2073
963 	1435 	1667 	1941 	2980 	3321 	4311 	4436 	4441
953 	1518 	2774 	3240 	4661 	4813
696 	2481 	4532 	4772
932 	2242 	4167 	4681
2757
625 	2852
169 	403 	489 	907 	929 	2856 	2867 	3339 	3581 	4251 	4391 	4509 	4895
907 	1567 	1601 	1642 	1792 	2603 	3293 	4820
1579
404 	1348 	2985 	4894
3854 	4662
775 	894 	1113 	1213 	1300 	1335 	1345 	1414 	1497 	1517 	1571 	1740 	1904 	1907 	2039 	2090 	2163 	2267 	2556 	3405 	3435 	3466 	3623 	3781 	3867 	3907 	4184 	4192 	4413 	4479 	4542 	4570 	4653 	4735 	4975
431 	569 	616 	724 	746 	752 	1309 	1351 	1464 	1882 	2399 	2479 	2575 	2868 	2928 	2936 	3115 	3791 	3971 	4088 	4241 	4404 	5006
251 	2040 	2497 	3725 	4869 	5050
655 	2287 	3008
431 	569 	616 	721 	746 	752 	1309 	1351 	1464 	1882 	2399 	2479 	2575 	2868 	2928 	2936 	3115 	3791 	3971 	4088 	4241 	4404 	5006
314 	554 	1052 	1476 	2495 	2976 	3605 	3750 	3752 	4229 	4831 	4839
937 	1501 	1979
2631 	3351 	3698
572 	3412 	4021
401
3659 	3667
211 	2848
56 	487 	967 	1275 	1348 	1700 	1796 	2532 	2912 	3002 	3330 	4842 	4894
1521 	3913
1030 	1420 	1629 	1695 	1836 	1947 	2690 	3928 	4533 	4995 	5051
1240 	3891
1143 	3091 	4394 	4834
83 	668 	3447
130 	1109 	1854 	2932 	3957 	4745 	4756 	4884 	5027
162 	488 	1222 	1465 	2486 	2516 	2654 	4270
2041 	4852
3465
2761 	3934 	4737
981 	2890 	4863
1653 	3217 	3550
685 	991 	1489 	2571 	2818 	4076 	4633
431 	569 	616 	721 	724 	752 	1309 	1351 	1464 	1882 	2399 	2479 	2575 	2868 	2928 	2936 	3115 	3791 	3971 	4088 	4241 	4404 	5006
4591
1329
42 	74 	655 	1275 	1304 	1346 	1404 	3084 	3390 	4826
180 	287 	450 	497 	690 	1049 	1838 	1848 	2762 	2884 	3732
254 	543 	545 	662 	755 	757 	998 	1042 	1277 	1324 	1334 	1410 	1526 	1562 	1714 	1915 	2560 	2656 	2668 	2764 	2799 	2917 	3490 	3527 	3530 	3531 	3577 	3683 	4490 	4608 	4910 	4913 	4935 	5207
431 	569 	616 	721 	724 	746 	1309 	1351 	1464 	1882 	2399 	2479 	2575 	2868 	2928 	2936 	3115 	3791 	3971 	4088 	4241 	4404 	5006
681 	1381 	4658
1087
254 	543 	545 	662 	751 	757 	998 	1042 	1277 	1324 	1334 	1410 	1526 	1562 	1714 	1915 	2560 	2656 	2668 	2764 	2799 	2917 	3490 	3527 	3530 	3531 	3577 	3683 	4490 	4608 	4910 	4913 	4935 	5207
991
254 	543 	545 	662 	751 	755 	998 	1042 	1277 	1324 	1334 	1410 	1526 	1562 	1714 	1915 	2560 	2656 	2668 	2764 	2799 	2917 	3490 	3527 	3530 	3531 	3577 	3683 	4490 	4608 	4910 	4913 	4935 	5207
3016 	4214
3207 	3833
916 	2821 	5173
596 	843 	882 	1948 	1974 	2677 	2721 	2939 	3037 	3258 	3402 	4414 	4719 	5002 	5215
231 	491 	928 	1290 	1396 	1832 	2647 	2800 	2997 	3437 	3658 	3755 	3968 	4435 	4609 	4762 	4885 	4943 	5196
20
401
798 	1065 	3194
2391
3239
1592 	2308
2774
3 	580 	3921 	4656
1037 	1527 	2227 	2474 	3018 	3156 	4056 	4640
4246 	4259
3565
1189 	2504 	2568
720 	894 	1113 	1345 	1497 	1571 	1907 	2090 	2267 	2556 	3623 	3867 	3907 	4184 	4192 	4413 	4479 	4542 	4570 	4735
2025 	2473 	3235
548 	1609 	1891 	2408 	2452 	2465 	3129 	3690 	4649
100 	193 	534 	668 	992 	1205 	1234 	1248 	1563 	1916 	2171 	3233 	3852 	4313 	4321 	4456 	4504
3852
35 	827 	1090 	1194 	2092 	2115 	4934 	5233
2486 	3677 	4962
333 	651 	1326 	1563 	2137 	2287 	2851 	4043 	4954 	5183
784 	2774
783 	974 	1933 	2774
46 	58 	87 	214 	363 	933 	1415 	1673 	2774 	2824 	3512 	3596 	3608 	3735 	3792 	3939 	4542 	4583
240 	3080 	4130
5181
805 	3248
3022 	3378 	4450 	4618
2105 	3258 	4719
1910 	2514 	4104
581 	1171
362 	2400
484 	501 	535 	1234 	1668 	2623 	4000
3020 	3333
1101
256 	328 	4246
765
3461
2859 	2924 	3789
624 	1174 	3131 	3393 	3937
1729 	2094 	5206
937
2613
788 	1472 	1794 	2160 	2747 	3248 	4046 	4285 	4799 	5092
588 	3018
1597 	3417
23 	4104
1172 	4982
996 	5204
2146 	4172 	4505
628
1057 	3084
3390 	4194 	4778
1956 	1957
1794 	2594 	4553
1897 	5134
1453 	4795
317
1352
4271 	4291 	5217
3693
1792 	2013 	2726 	3158 	3201 	3203 	4321 	4426 	4557 	4629 	4792 	5107 	5142
414
2354 	2859 	2860 	3878
878 	2684 	4909
35 	780 	2066 	2455 	2714 	2975 	3549 	5221 	5233
2456 	2634 	3448
913 	3629 	3801 	5120
392 	1522 	3517 	3638
3224 	3502
2580 	4553 	4733 	5094 	5155
4871
3209 	4934
449 	845 	2755 	3170 	4605
4472
187 	365 	1744 	3218 	4920
659 	2543
2093 	2252 	2541 	4034
1887 	2723 	3514 	4506
1063 	2248 	3366 	4318 	5144
3716 	4786
527 	761 	1974 	2178 	2499 	2606 	2721 	2901 	3238 	3258 	3402 	3738 	4324
1979 	1980
9 	10 	123 	147 	316 	445 	449 	558 	598 	676 	835 	932 	934 	1270 	1352 	1400 	1605 	1813 	1820 	1890 	1926 	1974 	2242 	2277 	2465 	2489 	2553 	2565 	2606 	2822 	2867 	2901 	3044 	3238 	3385 	3494 	3501 	3742 	3778 	3892 	4023 	4058 	4153 	4167 	4233 	4282 	4324 	4408 	4553 	4601 	4681 	4981 	5056 	5148
9 	123 	961 	2023 	3081 	5148
3573
412 	2081 	4246
3463
2696
229 	1215
1435 	1788 	2501 	2724 	4896
2994
1320 	4013 	4014 	5165
1103 	1467 	1530 	2321 	2358 	3493 	3524 	4846 	5189
3349 	3595 	4171
132 	334 	378 	1066 	1440 	1470 	1949 	2023 	2089 	2566 	2716 	3081 	3187 	3193 	3873 	4374 	4385 	4975
1665 	4322
210 	5135
862 	2252 	2254
2336 	3913
860 	2252 	2254
4901
1899
983 	1075 	3647 	3661 	4131
285 	1169 	1202 	1368 	3173 	3753 	5005 	5074
2659 	3745
4370
4107
1406 	1840 	3653
650 	3459
1084 	1086 	4964
448 	4079
272
142 	1479 	5227
524
1079 	1280 	1495 	4113
826 	2018 	2684 	3546 	4909
4858
3622
1312 	2603 	4645
761 	4414
490 	702 	884 	3795
490 	702 	883 	3795
1891 	2503
4797
1291 	4914 	5052
282 	907 	3408 	3790
1227 	4934
1722 	2137 	3811 	5236
1076 	2551 	3067
220 	589 	925 	1275 	1280 	1472 	1824 	3141 	5231
434 	633 	1347 	1686 	2880 	3100
720 	775 	1113 	1345 	1497 	1571 	1907 	2090 	2267 	2556 	3623 	3867 	3907 	4184 	4192 	4413 	4479 	4542 	4570 	4735
22 	394 	474 	494 	519 	521 	977 	1298 	1331 	1475 	1555 	1893 	1951 	1983 	2059 	2493 	2846 	2862 	2905 	2955 	3097 	3255 	3523 	3636 	3686 	3764 	3834 	3960 	4015 	4158 	4269
200 	303 	417 	499 	605 	706 	902 	954 	1029 	1283 	1308 	1438 	1441 	1501 	2647 	2803 	2916 	3021 	3061 	3063 	3075 	3432 	3477 	3480 	3675 	3794 	3963 	4083 	4674 	4826 	4936 	4937 	4960
252
109
644 	664 	2287 	2533 	4864 	5197
2162 	3239
2127 	3645 	4221 	5030
417 	896 	1283 	1441
409 	1719 	4751
3282 	4896
1270
1964
364 	432 	715 	716 	888 	1601 	1929 	1986 	2603 	2788 	2938 	3293 	3386 	3408 	3790 	4215 	4391 	4820 	4987
1280 	1495 	1921 	2214 	2793 	3660 	4113 	4888
1881 	2643 	2844 	4251 	4437
49 	134
601
1228 	2906 	3207
829 	3629 	3801 	5120
2861
1009 	1553
760 	916 	1564 	1748 	2410 	2524 	2821 	2853 	3629 	4645 	5173
3877 	4282 	4998 	5177
4095 	4887
120 	122 	351 	379 	389 	640 	1020 	3773 	3962 	4746
133 	1088 	2495 	2614 	3752 	4313
993
111 	3766
104
1021 	1176 	1306 	3992
220 	589 	892 	1268 	1280 	1456 	3640
321 	2733
2508 	3175
762 	1832 	2647 	2800 	3437 	3658 	3968 	4609 	5196
403 	715 	3339 	3581
185 	255 	3387 	4774 	5181
1299
9 	10 	123 	147 	316 	445 	558 	598 	676 	712 	845 	1270 	1352 	1400 	1605 	1813 	1974 	2242 	2277 	2465 	2489 	2553 	2565 	2822 	2867 	2901 	3044 	3494 	3501 	3620 	3778 	3892 	4023 	4058 	4153 	4167 	4233 	4282 	4324 	4408 	4601 	4681 	4981 	5056 	5148
46 	58 	87 	214 	363 	785 	1415 	1673 	2824 	3512 	3596 	3608 	3735 	3792 	3939 	4542 	4583
9 	123 	147 	316 	445 	558 	598 	676 	845 	1270 	1352 	1400 	1605 	1813 	1974 	2242 	2277 	2465 	2489 	2553 	2565 	2822 	2867 	2901 	3044 	3494 	3501 	3778 	3892 	4023 	4058 	4153 	4167 	4233 	4282 	4324 	4408 	4553 	4601 	4681 	4981 	5056 	5148
129 	1598 	1750 	2298 	3134 	3286 	3553 	3588
483 	1297 	2092 	2115 	3448 	3600 	4383 	4955
5 	279 	726 	803 	938 	1207 	1501 	1661 	1979 	2336 	2468 	2582 	2602 	2603 	2711 	2910 	3335 	3424 	4046 	4522 	4987
114 	937 	3351
4072 	4920
190 	4998
194 	229 	329 	952 	989 	1603 	2387 	3026 	3329 	3462 	3646 	3789 	3884 	3972 	4029 	4420 	4551 	4963 	5185
4975
2054 	2676 	3824
538 	1839 	1918 	2428 	2910 	4887
1092 	1407 	1563 	2503 	2582 	3067 	4297 	4474 	4492 	4641 	4807 	5007
2445
1994 	2131 	2494
111 	2407 	2652
558 	1605 	1974 	2465 	2553 	2820 	2901 	3238 	3771 	4188 	4324 	5056
3680
65 	1096 	4245
941 	3789
710
200 	303 	499 	706 	896 	1029 	1283 	1308 	2803 	3021 	3061 	3063 	3075 	3477 	3675 	3794 	3963 	4937 	4960
1594 	3632 	3869
3558 	4463
3601
4103
1284 	2890
3628 	4687 	4964
846 	1372 	1511 	2045 	2528 	2561 	2967 	3030 	3487 	3787
962 	4939
608 	709 	2833 	4441 	5097
1168 	1856
2711 	3983
158 	680 	1504 	1969 	2031 	2787 	2796 	2903 	3166 	3237 	3273 	4022 	4409 	4488 	4510
732 	1796 	2532
656 	984 	1313 	1670 	1739 	1800 	1947 	3196 	3989 	3994 	4421
554 	2740 	5179
2198
358 	1397 	2488 	3122 	4940
281 	3590 	3992 	5137
13 	32 	3020 	4673
83 	130 	454 	505 	548 	596 	784 	975 	1170 	1369 	1569 	1964 	2195 	2709 	2774 	2863 	3450 	3796 	3859 	3957 	4131 	4140 	4695 	5029 	5066
83 	454 	548 	974 	1001 	1170 	1569 	1964 	2195 	2709 	2863 	3450 	3796 	3859 	4131 	4140 	4206 	5029 	5066
3277 	3842
22 	394 	474 	494 	519 	521 	895 	1060 	1298 	1331 	1475 	1502 	1555 	1782 	1893 	1951 	1983 	2059 	2493 	2539 	2846 	2862 	2905 	2955 	2956 	3007 	3097 	3255 	3523 	3636 	3686 	3764 	3834 	3900 	3960 	4015 	4157 	4158 	4269 	4530 	4771 	4946
418 	1761 	1880
3789 	4968
4774 	5181
62 	268 	743 	1880 	2890 	3582 	4863
1053 	4508
865 	1075 	3647 	3661 	3723 	4131
656 	968 	1313 	1670 	1739 	1800 	1947 	2272 	3196 	3575 	3989 	3994 	4138 	4421 	4494
1187 	1403 	3265 	3949
4081 	4523
2991 	3643 	3820 	5235
3969 	3981 	4710
941 	3026 	3462 	3972 	4029 	4420 	4963
1275 	3013 	3225 	3227 	3229 	3230 	4620
685 	745 	756 	2571 	2841 	3572
778 	1248 	1648 	1686 	1916 	2140 	2401 	3831 	4319 	4675
921 	1649
1089 	3718
31 	164 	1615 	1937 	2840 	3952
810 	5204
344 	1107
254 	322 	543 	545 	662 	751 	755 	757 	999 	1042 	1277 	1324 	1334 	1410 	1526 	1562 	1714 	1915 	2560 	2656 	2668 	2764 	2799 	2917 	3490 	3527 	3530 	3531 	3577 	3683 	4490 	4608 	4910 	4913 	4935 	5207
322 	998
1937
133 	155 	427 	548 	975 	1186 	1352 	1369 	1494 	2108 	2211 	2578 	2617 	2809 	3426 	3450 	3690 	4206 	4580 	4695 	4836 	4884
2155 	2248 	2545
584 	2502 	4436 	4992 	5146 	5153
1053 	1674 	4436
2089 	2246 	2353
1508 	1805 	4976
2381 	2487
285 	1493 	1852 	2243 	2394 	2501 	3754 	4205 	4603 	5209
257 	328 	523 	915 	1040 	1553 	1638 	2092 	2115 	2165 	2365 	2528 	2706 	2714 	3154 	3155 	3210 	3316 	3494 	3535 	3849 	3890 	4247 	4382 	4701 	4803 	4940 	5106
1011
1010
1940 	2164 	3197
200
1585 	3193
124 	2603 	3961
3629 	4448
1429 	2673 	3193 	4614 	4853
2915 	3076
2542 	3265 	3364
640 	919 	3962 	4746
179 	343 	457 	628 	679 	924 	1089 	1199 	1258 	1306 	1856 	2046 	2076 	2117 	2920 	3151 	3274 	3641 	3701 	3873 	4131 	4160 	4163 	4892 	4920 	4950 	5004 	5047 	5066
1668
113 	354
399 	1327
4327
4175
2223
1913
200 	303 	499 	706 	896 	954 	1283 	1308 	2803 	2916 	3021 	3061 	3063 	3075 	3477 	3480 	3675 	3794 	3963 	4674 	4936 	4937 	4960
734 	1420 	1629 	1695 	1836 	1947 	2690 	3055 	3928 	4009 	4178 	4403 	4533 	4995 	5051 	5059
2058 	3057 	3838 	3889 	4061 	4073 	4252 	5021
2439
1034 	1774
1033 	1774
188 	1058
194 	295 	411 	1038 	1518 	1552 	1563 	1976 	2190 	2433 	2746 	2774 	2879 	3043 	3521 	3822 	4122 	5106
771 	2474
1036 	2652 	2746 	3822 	4122
2100
1009 	2046 	4382
538 	1918 	2542 	4887
254 	543 	545 	662 	751 	755 	757 	998 	1277 	1324 	1334 	1410 	1526 	1562 	1714 	1915 	2560 	2656 	2668 	2764 	2799 	2917 	3490 	3527 	3530 	3531 	3577 	3683 	4490 	4608 	4910 	4913 	4935 	5207
147 	242 	2867 	4233 	4553 	4712 	4991
2671 	4455
1412
668 	4508
2765 	4967
1516 	2169 	2537 	2775 	3554
180 	287 	450 	690 	750 	1848 	3732
216 	3358 	3665 	3980
1164 	2778 	3447
554 	564 	599 	725 	1054 	1121 	3594 	3759 	4743 	4904
494 	982 	1004 	1674 	4436 	4508
1052 	2686 	3594 	4904
2624 	5005
1760 	2487 	4390
45 	813 	1260 	3084 	4456
188 	1035 	4941
199 	434 	1193 	1229 	1459 	1793 	2486 	2495 	2689 	3844 	4839 	5174
22 	394 	474 	519 	521 	977 	1298 	1331 	1475 	1555 	1782 	1951 	1983 	2059 	2493 	2539 	2862 	2905 	2955 	2956 	3007 	3097 	3255 	3523 	3636 	3900 	3960 	4015 	4157 	4158 	4530 	4771 	4946
2199 	4267 	4567
1356 	3808 	3898 	5016
841 	4066 	4318
1549 	2774
765 	1436 	1519 	1892 	4193 	4841
857 	1470 	1949
3336 	4070
2473 	2774
4449
2877 	3923
695 	2054
1630 	1845 	2480 	3649 	3787 	4168
3008
2243 	2463 	3181
865 	983 	3647 	3661 	3723 	4131
891 	2551
1078 	4590
1077 	4590
877 	1280 	1495 	4113 	5221
2535
1285
1352
673 	1235 	1242 	1650 	2433 	4898
872 	1086 	4964
30 	2134
872 	1084 	1548 	4964
19 	205 	754 	3349 	3407 	4032 	4119 	4196 	4797 	4990
418 	920 	1141 	1600 	2186 	2495 	3151 	3507 	3893 	4807 	4839
318 	994 	1021 	1408 	1563 	1603 	1856 	2053 	2583 	2920 	3718 	4119 	4212 	4244 	4504 	4661 	4664 	4683 	4823 	4977
780 	1194 	2092 	2115
538 	1918 	4074 	4887
945 	1407
597 	5032
1584
1221
65 	951 	3362 	4245
2398
3076
345 	4394
1414 	2879 	2897 	3839
244 	414 	523 	796 	1848 	2526 	3231 	3469 	3749 	4131 	4248 	4884 	4927
3614
855 	1228 	1530 	2906 	3207 	3495 	3499 	4846
1840 	2224 	3659
2563
3657
344 	997
4514
130 	738 	1854 	2932 	3957 	4745 	4756 	4884 	5027
2021 	3953
1753
2071 	2230 	3321
720 	775 	894 	1345 	1497 	1571 	1907 	2090 	2267 	2556 	3623 	3867 	3907 	4184 	4192 	4413 	4479 	4542 	4570 	4735
3619
4173
1179 	2635 	4132
571 	3143 	3161 	4395 	4860
1684
2777
1387 	1730 	3145 	4517
1052 	3759 	4743
177 	1193 	2123 	2140 	2520 	2791 	4368 	4568
2727 	4350
2224 	3659
1175 	4124
1578 	1768 	2243 	2692 	3580 	4541
2484 	3606 	4177
3041
388 	1185 	1654 	3584 	3997
1160 	3247 	4957
2663 	2814
1197 	1342 	1687
4236
1794 	2747
1759 	4008
1505 	4806 	5039
1690
240 	1812 	2544 	2836 	3353
1721
1225
418 	1088 	2186
1221 	2235 	3321 	5171
736 	3091 	4834
1466 	1585 	1598 	2379 	2687 	3588 	4700
563 	1483 	1513 	2024
1472 	3526 	3969 	4667 	4793 	5228
1481 	1920 	2349 	4742
2504 	2587
554 	599 	2693 	2848 	3519 	4898
2354
526 	4385 	4841
3579
533
120 	1181 	2457
2167
1508 	1563 	1565 	1934 	2181 	2212 	4574 	4754
508 	579 	1492 	1508 	1563 	1859 	1934 	4455 	4574 	4684
160 	507 	2268
2715 	3297 	3931
1130 	3247 	4957
4808
59 	600 	1387 	3494 	4233 	4517 	4614
1369
29 	479 	1051 	1227 	1358 	1803 	1844 	2778 	4196 	4797 	4798 	4990
4632 	4798
81 	2910
194 	329 	614 	1286 	1377 	1552 	2405 	2586 	4562 	5067
964 	1856
285 	866 	1368 	5005
83 	454 	492 	548 	974 	975 	1569 	1964 	2032 	2195 	2304 	2709 	2863 	3124 	3450 	3690 	3796 	3859 	4131 	4140 	5029 	5066
581 	792
809 	4982
2095 	2592 	3266 	5118
801 	3131
1125 	4124
924 	1856
4538
316 	1237 	1417 	1963 	4282 	4304 	4835
567 	1116 	2635 	2679 	3711 	3811 	4132 	4511
335 	1616 	3691 	4546
120 	1154 	2457
85 	3082
1297
667 	2864 	4715
388 	1129 	1654 	3584 	3997
1001 	1494
985 	1403 	3265 	3949
689
304 	586 	607 	774 	1227 	1230 	1514 	1900 	2504 	2568 	2573 	2807 	2929 	3925 	4441 	4526 	4645
2794
2541
477 	599 	699 	1476 	1501 	2436 	2515 	2601 	2955 	3893 	4068 	4776 	4892 	4902
177 	1059 	1122 	1459 	2140 	2335 	2689 	3299 	4920
780 	1090 	2115
1472
3396
1132 	1342 	1687 	2393 	3404 	3607
114 	1594 	2631 	4433
1021
2179 	4024 	4185 	4385
2465 	5237
285 	866 	1368 	3173 	3753 	5005 	5074
129 	1750 	3076 	3134
2077
778 	1565 	1890 	1934 	2181 	2337 	3778 	4754
67 	554 	2255
554 	937 	1665 	2261 	2726 	2741 	3519 	4322 	4987
206 	2673
120 	379 	440 	3337 	4165 	4207 	4768 	5241
3500
131 	1909 	2688 	4914
3985
720
317 	4328
851
4213 	4536
297 	1312 	1479 	3848 	4227 	4887
613 	3261
1444 	2431
609 	1380
1095 	1142 	5171
162 	739 	3962 	4746
2231 	2784 	3072
2666 	3319 	4077
1140
635 	644 	1881 	2730 	3356 	3959
304 	707 	889 	1164 	1189 	1230 	1514 	1601 	1844 	2573 	2714 	2778 	2807 	2929 	3174 	3177 	3925 	3984 	4184 	4352 	4441 	4452 	4526 	4561 	4645 	4820 	4934
113 	683 	912 	1103 	1296 	1530 	2140 	2158 	2906 	3046 	3207 	3391 	3495 	4121 	4953 	5060 	5142
434 	1059 	2495
607 	1189 	1227 	2573 	2603 	2714 	2807 	3177 	3914 	4184 	4645 	4651 	4820 	4973
453 	1253 	1353 	1568 	1764 	2241 	2415 	2750 	3676 	4020 	4028 	4407 	4958 	5099
1771 	2319 	2752 	3807
1940 	2417
193 	267 	501 	778 	794 	1563 	1668 	1934 	3181 	3852 	4044 	4456 	4668
673 	1083 	4898
2001 	4216
1178 	1417 	1963 	4282
3463 	4482
1936 	2200 	3453 	4824 	5123
174 	318 	735 	1946 	2866 	3503 	3797 	3891 	3965 	4476 	5055
81 	2910
1083 	2433 	2522 	2774
591 	3125
240 	433 	2487 	2641 	4468 	4672
3438
4222
1634 	2172 	3295 	3328 	3892 	4304 	4517 	4835 	4838 	5149
778 	992 	1686 	1916 	4319 	4675
1815
2183 	2430
2728 	2817 	4111
1491 	2507 	2923 	2978 	3211 	3506
453 	1231 	1353 	1764 	2415 	4020 	4407 	4958
531
4017
3885 	3981
1616
484 	1021 	3693 	4493
1503 	5044 	5071
213 	611 	1057 	1572 	2143 	2811 	3005 	3032 	3105 	3657 	3678 	3698 	3967 	4108 	4532
2766 	2955 	3005 	3671
1831 	3349 	4759 	4947
3932 	4972
2887 	3338 	3912
1452
1814 	3242
439 	1746 	2354 	2889 	3781 	4163
589 	925 	1280
4222 	4226
9 	10 	123 	147 	316 	445 	558 	598 	676 	845 	905 	932 	934 	1352 	1400 	1605 	1813 	1974 	2242 	2277 	2465 	2489 	2553 	2565 	2822 	2867 	2901 	3044 	3494 	3501 	3778 	3892 	4023 	4058 	4153 	4167 	4233 	4282 	4324 	4408 	4553 	4601 	4681 	4981 	5056 	5148
94 	1574 	3206 	3232 	4798
3956
1333
2129 	2257 	4426 	5122
248 	262 	732 	749 	892 	990 	2912 	3225 	3227 	3230 	3276 	4280 	4584
3617 	4892 	4921
254 	543 	545 	662 	751 	755 	757 	998 	1042 	1324 	1334 	1410 	1526 	1562 	1714 	1915 	2560 	2656 	2668 	2764 	2799 	2917 	3490 	3527 	3530 	3531 	3577 	3683 	4490 	4608 	4910 	4913 	4935 	5207
2780 	3837
1315 	1560
102 	220 	259 	310 	311 	589 	877 	892 	908 	925 	1079 	1268 	1456 	1495 	1609 	1987 	2214 	2564 	2802 	3083 	3567 	3640 	3660 	3896 	4068 	4113 	4280 	4464 	4476 	4731 	4748 	4888
1803
467 	589 	2967
200 	303 	417 	499 	605 	706 	896 	902 	954 	1029 	1308 	1438 	1441 	2647 	2803 	2916 	3021 	3061 	3063 	3075 	3432 	3477 	3480 	3675 	3794 	3963 	4674 	4936 	4937 	4960
959 	1509 	3164 	3420 	3541
1081
194 	329 	1167 	2405 	2586 	5067
238
2058 	3057
420
231 	491 	762 	1396 	2997 	3437 	3755 	4435 	4609 	4762 	4885 	4943 	5196
887 	4222
226 	1573 	2883 	2884 	4100
2550
402 	2885
2686
1228 	2906 	3046 	3207
568 	936 	1183 	1336 	1344 	1727 	3215 	3600 	4039 	4955
22 	394 	474 	494 	519 	521 	895 	977 	1060 	1331 	1475 	1502 	1555 	1782 	1893 	1951 	1983 	2059 	2493 	2539 	2846 	2862 	2905 	2955 	2956 	3007 	3097 	3255 	3523 	3636 	3686 	3764 	3834 	3900 	3960 	4015 	4157 	4158 	4269 	4530 	4771 	4946
931 	1693 	2346 	2685 	2957 	3120 	4106 	4770
720 	1740 	3405
2935
1474 	4232
4199
749 	1328 	1404 	1586 	2895 	3816
137 	457 	2046 	2101 	3708
924 	1021
4452
200 	303 	499 	706 	896 	954 	1029 	1283 	2803 	2916 	3021 	3061 	3063 	3075 	3477 	3480 	3675 	3794 	3963 	4674 	4936 	4937 	4960
431 	569 	616 	721 	724 	746 	752 	1351 	1464 	1882 	2399 	2479 	2575 	2868 	2928 	2936 	3115 	3791 	3971 	4088 	4241 	4404 	5006
1424 	3652
3566
35 	297 	881 	1217 	1986 	2436 	2455 	2524 	2603 	4227 	4645 	4883
656 	968 	984 	1670 	1739 	1800 	1947 	2272 	3196 	3575 	3989 	3994 	4138 	4421 	4494
1433 	1482 	1666 	2322 	2618 	4711
1279
73 	3301 	3741 	4371 	5162 	5184
126 	4744
120 	1595 	2791 	4263 	4278 	5045
542 	696 	2481 	3497 	3829 	4159 	5080
854 	4013 	4014 	5165
1614
265
2782
254 	543 	545 	662 	751 	755 	757 	998 	1042 	1277 	1334 	1410 	1526 	1562 	1714 	1915 	2560 	2656 	2668 	2764 	2799 	2917 	3490 	3527 	3530 	3531 	3577 	3683 	4490 	4608 	4910 	4913 	4935 	5207
671 	1396 	3086 	3437 	4160
152 	782 	1563 	2137 	2370 	4540
361 	399 	518 	1024 	1704 	2332 	2871 	3023 	3544 	3637 	3707 	4187 	5239
517 	1304 	1404 	1586 	2895 	3816 	4957
348 	748 	2576 	4270 	4370
135 	1719 	1840 	3128
22 	57 	394 	474 	494 	519 	521 	627 	895 	977 	1060 	1298 	1475 	1502 	1555 	1782 	1893 	1951 	1983 	2059 	2116 	2493 	2539 	2846 	2862 	2905 	2955 	2956 	3007 	3097 	3255 	3523 	3636 	3686 	3759 	3764 	3834 	3900 	3960 	4015 	4112 	4157 	4158 	4269 	4356 	4530 	4771 	4902 	4946
4664 	5015
100 	1273 	1880 	4668 	4897 	5019
254 	543 	545 	662 	751 	755 	757 	998 	1042 	1277 	1324 	1410 	1526 	1562 	1714 	1915 	2560 	2656 	2668 	2764 	2799 	2917 	3490 	3527 	3530 	3531 	3577 	3683 	4490 	4608 	4910 	4913 	4935 	5207
720
568 	1297 	1344 	1727 	4039
1374 	2666 	3319
465 	1968 	3493
1645 	2641 	4868
1935
652
1132 	1197 	1687 	3126 	3404 	3607
409 	1663 	1719
568 	1297 	1336 	1727 	4039
720 	775 	894 	1113 	1497 	1571 	1907 	2090 	2267 	2556 	3623 	3867 	3907 	4184 	4192 	4413 	4479 	4542 	4570 	4735
74 	749 	2044
633 	893 	2880 	3100
11 	404 	554 	718 	732 	1700 	2228 	2815 	2985 	4842 	4894
315 	1469
652
431 	569 	616 	721 	724 	746 	752 	1309 	1464 	1882 	2399 	2479 	2575 	2868 	2928 	2936 	3115 	3679 	3765 	3791 	3971 	4088 	4241 	4404 	5006
9 	10 	123 	147 	155 	316 	427 	445 	558 	598 	676 	820 	845 	932 	934 	1001 	1082 	1270 	1369 	1400 	1605 	1616 	1813 	1947 	1974 	2211 	2242 	2277 	2465 	2489 	2526 	2553 	2565 	2578 	2809 	2822 	2867 	2901 	3044 	3069 	3154 	3426 	3494 	3501 	3690 	3778 	3892 	3957 	3994 	4023 	4058 	4138 	4153 	4167 	4233 	4282 	4324 	4408 	4533 	4553 	4580 	4584 	4601 	4681 	4695 	4981 	5056 	5148
453 	1231 	1253 	1764 	2415 	4020 	4407 	4958
2147 	4417 	5126
3740 	4540 	4767
1062 	3808 	3898 	5016
2005
1164
1698 	2430 	4874
4940 	4958
258 	2177 	2940 	3132 	3458 	4579
2887
2738 	3411 	3630
253 	1364 	2057 	2872
537 	2285 	4716 	4717 	5128
2060 	2755 	3170
1981
285 	369 	866 	1169 	1202 	3173 	3753 	4333 	5005 	5074
83 	130 	155 	186 	427 	548 	974 	1001 	1163 	1352 	1964 	2109 	2211 	2578 	2809 	2813 	3124 	3426 	3427 	3491 	3690 	3957 	4170 	4527 	4580 	4681 	4695 	4698 	4812 	4975 	4998
2074
2586
961 	2528 	3787
2269
1337 	2666 	3319
55 	115 	1438 	1643 	1833 	1834 	1874 	1921 	1959 	3309 	3346 	3946 	3964 	4969
3579
614 	1167 	4562
288 	547 	1534 	2807 	3200 	3440 	3593 	4730
333
609 	628 	1220 	2729 	2908 	4545 	4826
681 	753 	2630 	2819 	4220 	4658
1733 	4722
4329
1938
108 	2716 	3854
401 	3084
59 	93 	558 	600 	1120 	1162 	1619 	1730 	1986 	2047 	2069 	2332 	2626 	2828 	2867 	3017 	3028 	3145 	3494 	3707 	3892 	4233 	4342 	4517 	4553 	4614 	4712
4952
508 	2440 	3621 	3956 	4589 	5087 	5157
566 	2743
3765 	4809
1580 	2248 	4447 	4741
2021 	2379 	3508
333 	2475 	2518 	3292 	4208
183 	1473 	3771
114 	227 	231 	491 	671 	762 	1290 	1325 	2049 	2997 	3086 	3351 	3437 	3755 	4160 	4435 	4609 	4762 	4885 	4943 	5196
358 	971 	2488 	3122 	4940
269 	3170
4754
9 	10 	123 	147 	316 	445 	558 	598 	676 	845 	932 	934 	1270 	1352 	1605 	1813 	1974 	2242 	2277 	2465 	2489 	2553 	2565 	2822 	2867 	2901 	3044 	3494 	3501 	3778 	3892 	4023 	4058 	4153 	4167 	4233 	4282 	4324 	4408 	4553 	4601 	4681 	4981 	5056 	5148
281
2878
306 	985 	1187 	2213 	2984 	3265 	3949
82 	517 	749 	1304 	1328 	1586 	2895 	3816 	4410 	4957
1641 	2981 	4962
870 	1840 	3653
945 	1092
1089 	4244
200 	3675
254 	543 	545 	662 	751 	755 	757 	998 	1042 	1277 	1324 	1334 	1526 	1562 	1714 	1915 	2560 	2656 	2668 	2764 	2799 	2917 	3490 	3527 	3530 	3531 	3577 	3683 	4490 	4608 	4910 	4913 	4935 	5207
2284 	4469 	4598
1045
606 	2320 	4897
720 	1100 	2879 	2897 	3435 	3466 	3839
46 	58 	87 	214 	363 	785 	933 	1673 	2824 	3512 	3596 	3608 	3735 	3792 	3939 	4542 	4583
2582
1178 	1237 	1963 	4282
2387 	3648 	3780 	3992
409 	2611
734 	1030 	1629 	1695 	1836 	1947 	2690 	3055 	3928 	4009 	4178 	4403 	4533 	4995 	5051 	5059
388 	5078
31 	2666 	3319
557
1310 	3652
493 	1634 	2795 	3507
3981
34 	633 	3307
133 	1880 	2357 	2648 	2671 	3122 	3124 	4181 	4304 	4517 	4835 	5032 	5062 	5070
1017 	2157 	3799 	3873 	4975
1793 	4573
2521 	2798 	4324 	5234
585 	1605 	1961 	2291 	2379 	2553 	3261 	3262 	3880 	3992 	4357 	4642
1314 	2322 	2501 	2618
224
175 	276 	294 	295 	709 	852 	1454 	1565 	1853 	2032 	2501 	2676 	2843 	2980 	3321 	3466 	3503 	4381 	4436 	4439 	4540 	4584 	4692 	4926 	5195
1065 	3868 	4193
574
55 	115 	896 	1283 	1375 	1643 	1833 	1834 	1874 	1921 	1959 	2647 	3309 	3346 	3432 	3946 	3964 	4969
1922 	1964
857 	1470 	1949
226 	234 	417 	605 	896 	902 	1283 	2647 	3188 	4083
1869 	3441 	3751
5211
1219 	2431
4644 	5214
2429 	5107 	5150
1888 	2028 	2318 	4426
1449 	2857 	3054 	3204 	3349 	3374 	4003 	4225 	4637 	5021
1448 	2857 	3054 	3204 	3374 	4637
2028 	2130 	2145 	2418 	3379 	5159
701
1265
818 	4795
1435 	3005 	3214 	5195
409 	2965 	3104
925 	1280 	3640
191 	1943 	2009 	2036 	3116 	3118 	4304 	4613 	4628 	5107 	5149
1533 	2480
1059 	1193 	2335 	2689 	3299
111 	707 	2855
4497 	4841
4286
1914 	4523
431 	569 	616 	721 	724 	746 	752 	1309 	1351 	1882 	2399 	2479 	2575 	2868 	2928 	2936 	3115 	3791 	3971 	4088 	4241 	4404 	5006
104 	739 	4270
1144
855 	3493
281 	3018 	4455 	4798 	5049
315 	1349
132 	658 	857 	1066 	1440 	1949 	4181 	4574 	5070 	5083
2631 	3351
805 	892 	1146 	1195 	1489 	2205 	2563 	2577 	2963 	4046 	4285 	4954 	5228
178 	183 	291 	1395 	1478 	1672 	2586 	2813 	3347 	3720 	3771 	4261
1302 	1531 	2974 	3680 	4232
22 	394 	474 	494 	519 	521 	895 	977 	1060 	1298 	1331 	1502 	1555 	1782 	1893 	1951 	1983 	2059 	2493 	2539 	2846 	2862 	2905 	2955 	2956 	3007 	3097 	3255 	3523 	3636 	3686 	3764 	3834 	3900 	3960 	4015 	4157 	4158 	4269 	4530 	4771 	4946
725 	1192 	3605 	3685 	4068 	5057
4975
1473 	3746 	3771
142 	270 	875 	1217 	1613 	2852 	3848 	5227
2278 	3398
1147 	1920 	2349
1314 	1498 	1666 	1679 	2322 	2445 	2602 	2618 	2619 	2711 	3094 	4283 	4578 	4711 	4987
563 	1145 	1513 	2024
1487 	4098
2645 	2887 	3106 	3284 	3347 	3679 	3765 	3825 	4041
4251
1484 	4098
573
33 	217 	573 	685 	745 	1472 	1831 	2205 	2461 	2484 	2603 	2718 	2772 	2781 	3006 	3045 	3324 	3589 	3768 	3789 	4092 	4209 	4423 	4425 	4677 	5116
3707
1252 	2507 	2923 	2978 	3211 	3506
182 	508 	579 	1157 	1859 	4455 	4574
455 	1008 	1831 	3349
378 	1001 	1186 	1565 	1583 	1724 	1799 	2023 	2403 	2774 	2829 	2970 	2993 	3081 	3406 	4534 	4540 	4593 	5004
262 	877 	908 	1079 	1280 	2793 	4113 	5221
3024
720 	775 	894 	1113 	1345 	1571 	1907 	2090 	2267 	2556 	3623 	3867 	3907 	4184 	4192 	4413 	4479 	4542 	4570 	4735
1482 	2268 	2640 	3039 	3094 	3151 	3405 	3605 	3769 	4127 	4629 	4843 	4920
1974 	2553
285 	4046
542 	609 	628 	726 	896 	937 	1192 	1575 	2729 	2738 	2954 	3151 	3637 	3899 	3915 	4068 	4826 	4892
22 	285 	394 	474 	519 	521 	977 	1298 	1331 	1475 	1555 	1951 	2059 	2493 	2582 	2862 	2905 	2955 	3007 	3255 	3523 	3636 	3960 	4015 	4157 	4356 	4771 	4946
1259 	3153 	5044 	5071
158 	680 	966 	1969 	2031 	2787 	2796 	2903 	3166 	3237 	3273 	4022 	4409 	4488 	4510
668 	1136 	4806
628 	2729 	3655 	4826
3992
1006 	1156 	1157 	1563 	1565 	1805 	1934 	2181 	3181 	4753 	4754 	4976
1284 	2554 	2695 	3541 	4839 	5007
2016
961 	2045 	2179 	2967 	3813 	4761
3872 	4619
563 	1145 	1483 	2024 	2646
1189 	1227 	2714
3053
1048
720 	1904 	4975
415 	552 	710 	1036 	1976 	2433 	2669 	2774 	2842 	4538 	5169
1065 	1783 	1892
53 	1802
733 	3913
392 	830 	3517 	3638
2027 	4127 	4321 	4629
2056 	2482 	3886
1779 	2105 	2902 	2982 	3123 	3744 	4442
254 	543 	545 	662 	751 	755 	757 	998 	1042 	1277 	1324 	1334 	1410 	1562 	1714 	1915 	2560 	2656 	2668 	2764 	2799 	2917 	3490 	3527 	3530 	3531 	3577 	3683 	4490 	4608 	4910 	4913 	4935 	5207
575 	771 	1922 	2227 	2465 	3018 	4324 	5026
1529
1528
855 	1103 	1228 	2906 	3207 	3495 	3499 	4846
1474
3909 	4850
1458 	2480 	3666 	5033
547 	1378 	2714 	2807 	2933 	3593 	4876
66
3129
435 	607 	2073 	2714 	4452
11 	2611
3193 	3597 	3880
2650 	2987
336 	2810 	3906
1543
1542
2374 	3356 	5197
4073
1635 	4252
0
1086 	4964
1064 	2774
91 	462 	1680
305
1036 	1167 	2722 	3043 	3698 	4892 	5067
328 	915 	1009 	3189 	3821 	4116
2767 	4118
22 	394 	474 	494 	519 	521 	895 	977 	1060 	1298 	1331 	1475 	1502 	1782 	1893 	1951 	1983 	2059 	2493 	2539 	2846 	2862 	2905 	2955 	2956 	3007 	3097 	3255 	3523 	3636 	3686 	3764 	3834 	3900 	3960 	4015 	4157 	4158 	4269 	4530 	4771 	4946
2500
422
1561 	2730
2282 	2425 	2635 	3492 	3718 	3871
1279
1558 	2730
254 	493 	543 	545 	662 	751 	755 	757 	998 	1042 	1277 	1324 	1334 	1410 	1526 	1634 	1714 	1915 	2560 	2656 	2668 	2764 	2799 	2917 	3490 	3507 	3527 	3530 	3531 	3577 	3683 	4490 	4608 	4910 	4913 	4935 	5207
314 	668 	778 	782 	945 	1036 	1089 	1156 	1157 	1234 	1326 	1508 	1862 	1934 	1990 	1991 	2027 	2137 	2334 	2618 	2879 	3493 	3689 	3836 	4031 	4321 	4504 	4511 	4582 	4753 	5019 	5053
916
175 	294 	1156 	1205 	1435 	1494 	1508 	1934 	2123 	2185 	2628 	2676 	3332 	3694 	3831 	4540 	4691 	4692
3815
716 	2603
1231 	2241 	2415 	2750 	3676 	4028 	4958 	5099
83 	454 	548 	974 	975 	1170 	1964 	2195 	2709 	2863 	3450 	3796 	3859 	4131 	4140 	5029 	5066
3917 	4828
720 	775 	894 	1113 	1345 	1497 	1907 	2090 	2267 	2556 	3623 	3867 	3907 	4184 	4192 	4413 	4479 	4542 	4570 	4735
1260 	2143 	2811 	3032 	3698 	4532
226 	1292 	2883 	2884 	4100
94 	1271 	3206
226 	609 	1501 	2954 	2992 	3151 	3635 	4283 	4671 	4892
3359 	3590
4370
1126 	1768 	3580 	4541
717 	2243 	2671 	2813 	4536 	5194
1392 	2248 	4447 	4741
2348
133 	222
170 	1494 	2400 	2403
371 	1094 	3828 	3927
237 	1014 	1144 	2225 	2379 	2465 	3193 	3268 	3269 	3306 	3746 	3771 	4700
517 	1304 	1328 	1404 	2895 	4914
2353 	3340
581
2382 	3737
482 	2536
1649 	1749
273 	768 	2308 	3003
2240 	3476 	3498 	3602
114 	955 	1198 	2631 	3632 	3869 	4433 	5085
120 	1318 	4278
3930 	4459
807 	3417
127 	935 	1144 	1902 	2462 	2511 	3286 	3586 	3588
3466 	4680
1088 	2186 	3601 	3665 	4695
383 	716 	907 	1227 	1618 	2174 	3065 	3293 	3976 	4820
7 	4325 	4326
255 	941 	1089 	1856 	2181 	2813 	2841 	4661 	4754
396 	3854 	4645 	4662
9 	10 	123 	147 	316 	445 	558 	598 	676 	682 	845 	932 	934 	949 	1270 	1352 	1400 	1432 	1813 	1974 	1975 	2022 	2242 	2277 	2465 	2489 	2553 	2565 	2736 	2820 	2822 	2867 	2901 	3044 	3238 	3494 	3501 	3771 	3778 	3892 	4023 	4058 	4153 	4167 	4188 	4233 	4282 	4324 	4408 	4553 	4601 	4681 	4981 	5056 	5148 	5225
3779
5013
644 	3356
102 	259 	310 	548 	777 	1280 	2092 	2730 	2802 	2971 	3129 	3305 	4464 	4731 	4748
622 	1634 	2300 	4517
673
4497 	4841
270 	1479 	2852 	3848
1321
995
335 	1180 	1257 	1352 	1947 	1974 	2577 	3069 	3691 	3957 	3994 	4138 	4533 	4546 	4642
673 	4551
383 	1601 	3065
1387 	2047 	3017 	3892 	4233 	4517 	4553 	4712
1730 	2046 	2047
4918
3776 	4185
298 	468
304 	371 	2127 	2714 	4987
400 	3125 	4162
551 	2223 	2892 	4695 	4965
2911 	4602
4237
734 	1030 	1420 	1695 	1836 	1947 	2690 	3928 	4533 	4995 	5051
1072 	2023 	2823
2590
325 	2270 	3281 	3740
338 	2908 	4483
476 	493 	622 	1247 	1425 	1562 	1610 	1652 	1754 	2300 	2639 	2795 	2990 	3318 	3328 	3479 	3507 	4517 	4630 	5191
1546 	4252
49 	2714 	2737
240 	2190 	4569 	4848 	5129
1009 	2528 	3159 	3535 	4116 	4970
4239
2761
1405 	2981 	4962
716 	1792
55 	115 	1375 	1438 	1833 	1834 	1874 	1921 	1959 	3309 	3346 	3946 	3964 	4969
2931 	3271 	4487 	4709
1339 	2641 	2811 	4868 	4942
3707
423
992 	2401 	3831 	4675
353 	993 	1591 	1749 	2411 	2686 	3536
673 	1083
3356
493 	1634 	2795 	4630
744 	3217
388 	1129 	1185 	3584 	3997
3129
409 	2965 	3979 	4155
34 	2587 	4807
2451 	4797
2906
2586 	4695 	5061
937 	4046
589 	2045 	2967
409 	1343 	1719
2602 	2603
858 	1207 	2261 	4322
1314 	1482 	2322 	2618 	4493 	4711
709
17 	501 	535 	794 	1022 	1234 	1805 	1885 	2423 	2462 	4000 	4109 	4338
4922
656 	968 	984 	1313 	1739 	1800 	1947 	2272 	3196 	3575 	3989 	3994 	4138 	4176 	4412 	4421 	4494 	4596
3547 	5186
178 	291 	1473 	3771 	4261
46 	58 	87 	214 	363 	785 	933 	1415 	2824 	3512 	3596 	3608 	3735 	3792 	3939 	4542 	4583
1004 	1053 	4436
64 	418 	659 	3000 	3682
1802
68 	4874
3213
1482 	2445 	4283
91 	462 	1550
1742
589
633 	2142 	2307 	3468 	3788 	5008 	5192
222 	523 	1118 	2629 	2670 	2833 	3724 	3758 	4131
4907
434 	893 	992 	1248 	1916
296 	1132 	1197 	1342 	4576 	4659
1872 	4436
1696 	1816 	1831 	2600 	2718 	2859 	3006 	3148 	3349 	3774 	4686 	4759
1137
4003
127 	2511 	3311 	4810
1299 	2346 	2685 	2957 	4106 	4770
3457 	3992 	4642
734 	1030 	1420 	1629 	1836 	1947 	2690 	3928 	4533 	4995 	5051
1689 	2600 	3774
3081
1359 	1905 	2430 	4874
120 	4746
56 	732 	1348 	4894
1780 	2208
1897 	1982 	3824
355
399 	518 	1327 	3023 	3707
5161
37 	669 	2280 	2754 	3414 	3452 	4785 	4954
452
2124 	3719 	4301
2406 	5216
2577
61 	2075
2959 	3488
463 	4890 	5130 	5156
254 	543 	545 	662 	751 	755 	757 	998 	1042 	1277 	1324 	1334 	1410 	1526 	1562 	1915 	2560 	2656 	2668 	2764 	2799 	2917 	3490 	3527 	3530 	3531 	3577 	3683 	4490 	4608 	4910 	4913 	4935 	5207
2660 	3926 	4897
3305
137 	3582
554 	599
137 	409 	903 	1330 	1343 	1663 	1840 	2657 	2858 	3605 	3629 	4751
386 	4854
1139
890 	2137 	3811 	5236
2085
59 	558 	600 	1494 	2023 	2829 	2867 	3406 	3746 	3771 	3772 	4233 	4979 	4981
2982
2726 	4313
568 	1297 	1336 	1344 	3215 	3251 	4039 	4529
1956 	5088 	5091
802 	5206
1120 	1387 	1620 	2046 	2047 	3734 	4517
441 	4247
182 	513
1382 	4185 	4722
2170 	4255
1765
5101
461 	1996 	2441 	3602 	3724 	3758 	3762 	4929
295 	4921 	5195 	5218
656 	968 	984 	1313 	1670 	1800 	1947 	3196 	3989 	3994 	4421
508 	720 	1300 	3405 	4920
3493
1681 	4284 	5238
2710
187 	695 	837 	3170 	3951
59 	2887 	3338 	3826 	4832 	4924 	5038
439 	1267 	2354 	2889 	3781 	4163
3551 	3602 	4410
916 	2821 	2853
1591 	1649
129 	142 	413 	935 	1203 	1922 	2151 	2227 	2298 	2739 	2901 	3018 	3076 	3134 	3553 	4033 	4055 	4725
609
184
1111
493 	1634 	2639 	2795 	2990 	3479 	5191
75
51
2978 	3212
4063
1135 	3777 	4008 	4564 	4799
1056 	2487 	4390
112 	418 	978 	1880 	2026 	2243 	2246 	2368 	4723
1841 	2434 	2672 	4377 	4486 	4974
2134
453 	1231 	1253 	1353 	2415 	4020 	4407 	4958
1735
2337 	3040
2716 	3471 	3854 	4110 	4662
119 	123 	604 	1126 	1578 	3435 	3580 	4697 	5167 	5230
574
2579 	3486
1232 	2319 	2752 	3807
4789
1933 	4523
1033 	1034
2318 	4127 	4629 	5111
2125
2774 	4123
406
1525 	2105 	2902 	2932 	2982 	3123 	3744 	4442
1701 	2208
2254 	2941
22 	394 	474 	519 	521 	977 	1060 	1298 	1331 	1475 	1555 	1951 	1983 	2059 	2493 	2539 	2862 	2905 	2955 	2956 	3007 	3097 	3255 	3523 	3636 	3900 	3960 	4015 	4157 	4158 	4530 	4771 	4946
1519 	1892
3293 	4820 	4973
603 	2114
2859 	3257 	4499
4996
852 	2501
2593 	2633
2637 	5010
18 	1889 	2329
716 	823 	1642 	1997 	2195 	2421 	2725 	3051 	3201 	3203 	4063 	4304 	4383 	4556 	4622 	4629 	4738 	4880
1059 	1430 	2079 	4402 	4573 	4839 	5174
342 	805 	816 	1134 	2160 	2747
3345
732 	967 	2532 	3002
171 	3399 	4405 	4439
4431
1494 	2675
656 	968 	984 	1313 	1670 	1739 	1947 	1948 	2096 	2272 	3196 	3470 	3575 	3989 	3994 	4138 	4176 	4412 	4421 	4494 	4521 	4533 	4596 	5020
636 	3690
53 	263 	604 	1520 	1676 	2462 	2813 	2999 	3018 	3593 	5049
207 	1164 	1281 	4797 	4798
580 	2283 	2435 	4666
17 	1006 	1508 	1668 	2423 	4540 	4976
3150 	3179 	3370 	5111
673
4967
3595
3354 	5104
2188 	2461 	2484
1138
9 	10 	123 	147 	316 	445 	558 	598 	676 	845 	932 	934 	1270 	1352 	1400 	1605 	1974 	2242 	2277 	2465 	2489 	2553 	2565 	2822 	2867 	2901 	3044 	3494 	3501 	3778 	3892 	4023 	4058 	4153 	4167 	4233 	4282 	4324 	4408 	4553 	4601 	4681 	4981 	5056 	5148
1266
1249
1689 	2600 	2859
2363 	5136
534 	1823 	1870 	1934 	1972 	2462 	2708 	3466 	3852 	3978 	4807
2603
845
3219 	4090 	4317
581
1818
195 	581 	892 	1991 	2252 	2543 	3158 	3203 	4313 	4321
2636
2114 	2934
304 	2582 	2714 	4987
371
2791 	5022
1831 	2925 	3006 	3236
455 	617 	1262 	1489 	1493 	1689 	1830 	1835 	2266 	2461 	2484 	2718 	2859 	2925 	3006 	3148 	3236 	3349 	3774 	4003 	4032 	4201 	4423 	4425 	4686 	4759 	4782 	4947
762 	928 	3658
55 	115 	1375 	1438 	1643 	1834 	1874 	1921 	1959 	3309 	3346 	3946 	3964 	4969
55 	115 	1375 	1438 	1643 	1833 	1874 	1921 	1959 	3309 	3346 	3946 	3964 	4969
1831
734 	1030 	1420 	1629 	1695 	1947 	2690 	3055 	3928 	4009 	4178 	4403 	4533 	4995 	5051 	5059
4507
287 	497 	750 	2762 	2884
221 	944 	2910 	3539
870 	1104 	1330 	1406 	1719 	2224 	3576 	3653 	3659 	4280
1762 	2434 	2672 	4377 	4486 	4974
2369
2492
304 	1164 	1227 	2385 	2778 	3177 	4561
1072 	2480 	3357 	4129
2140 	4579
127 	385 	1891 	2503 	3101 	4810
180 	287 	450 	690 	750 	1049 	1101 	3469 	3732 	4927
4526 	4746 	4962
2217
3818
1008
1435 	2501
130 	738 	1109 	2932 	3957 	4745 	4756 	4884 	5027
2635 	4971
255 	275 	318 	337 	531 	557 	964 	1021 	1089 	1168 	1176 	1603 	1984 	2117 	3274 	3287 	3873 	4212 	4661 	4683 	4823 	4911 	5004 	5181
2973 	3102
2301 	2322 	3686
579 	1157 	1492 	4455
2391 	2634
5003
1563
1891
4523
1869 	2067 	2833 	2845 	3751 	4018 	4113
1869 	3339 	3581
3433 	4102
2205
280 	1442 	1865 	1866 	1986 	2067 	2833 	2845 	3186 	3339 	3441 	3471 	3533 	3549 	3581 	3751 	4016 	4113 	4361 	4662 	4988
1818 	3852 	4807
419 	1970 	1973 	2390 	3556
285 	1688
585 	2519 	4117 	4536 	4954
55 	115 	1375 	1438 	1643 	1833 	1834 	1921 	1959 	3309 	3346 	3946 	3964 	4969
577 	4973
2649
379 	4531 	4940
1991 	2027
2037 	2259 	3298
418 	686 	978 	981 	1333 	1428 	1761 	2371 	2890 	4551 	4723 	4975 	5019
635 	909 	1226 	2730 	4251
431 	569 	616 	721 	724 	746 	752 	1309 	1351 	1464 	2399 	2479 	2575 	2868 	2928 	2936 	3115 	3791 	3971 	4088 	4241 	4404 	5006
4049 	4127 	4629 	5142
2506 	3012 	3449 	4976 	4986
1668
2209
840 	2723 	4506
1447 	4426
1791 	2154
845 	1205 	2023 	2606 	2822 	4988 	5017
129 	777 	885 	1847 	1863 	2426 	2503 	2665 	3990 	4629 	4649
1065 	1519 	1783
22 	394 	474 	494 	519 	521 	895 	977 	1298 	1331 	1475 	1555 	1951 	1983 	2059 	2493 	2846 	2862 	2905 	2955 	3097 	3255 	3523 	3636 	3686 	3764 	3834 	3960 	4015 	4158 	4269
2084
374 	4920
2154 	2252 	2253 	2254 	2540 	3515 	4312
817 	1702 	3824 	5134
2469
864
1189
147 	4233 	4408 	4553
1598 	2213 	2462 	3076 	3586 	3588 	3714 	4575 	4940 	5148
3665
720 	1517 	4975
1698 	2430
2158 	3722
352 	720 	775 	894 	1113 	1345 	1497 	1571 	1964 	2090 	2267 	2556 	2806 	3623 	3867 	3907 	4184 	4192 	4413 	4479 	4542 	4570 	4735
276 	570
381 	1211
791 	2514 	4104
3338 	4029
4987
1028 	3999 	4975
566 	1463 	2743 	4523 	5049
254 	543 	545 	662 	751 	755 	757 	998 	1042 	1277 	1324 	1334 	1410 	1526 	1562 	1714 	2560 	2656 	2668 	2764 	2799 	2917 	3490 	3527 	3530 	3531 	3577 	3683 	4490 	4608 	4910 	4913 	4935 	5207
778 	992 	1248 	1686 	4319 	4675
2070
538 	944 	1041 	1091 	2428 	2542 	4035 	4074 	4380 	4887
116 	360 	581 	2891 	3565
1147 	1481 	2349
55 	115 	241 	908 	1375 	1438 	1643 	1833 	1834 	1874 	1959 	2214 	2833 	3008 	3267 	3309 	3342 	3346 	3560 	3946 	3964 	4211 	4969 	4977
59 	558 	600 	1439 	1527 	1750 	1964 	2227 	2465 	2901 	3017 	3018 	3785 	4233 	4238 	4324 	4614 	4694 	4725 	4975 	5026
2502 	5045
206 	3146
4185
845
2253 	2254 	3363 	3515
4515 	5032
432 	907 	1986 	3386 	4215 	4987
3022
2726 	4069
154 	3199
784 	1773 	1934 	2774 	4523
271 	581 	1156 	1157 	1205 	1234 	1508 	1563 	1565 	1818 	1933 	1958 	2038 	2054 	2181 	2674 	2676 	2726 	2754 	2813 	3181 	3694 	3978 	4246 	4294 	4540 	4607 	4681 	4753 	4754 	4785 	5017 	5119 	5193
1340 	2288 	3322 	3903 	4502
78 	428 	438 	1239 	2133 	2200 	2704 	3341 	3453 	4824 	5123
31 	164 	995 	1000
1384
2331
451 	1012 	1233 	2164 	2417 	3197
709 	1998 	2027 	2311 	2329 	3355 	4311 	4631
2247 	2432
1457 	2009 	2036 	2107 	2184 	3116 	3190 	4126 	4128 	4314 	5107 	5150
2051 	3296
509 	2168
174 	1240 	5055
656 	734 	968 	984 	1030 	1313 	1352 	1420 	1616 	1629 	1670 	1695 	1739 	1800 	1836 	1974 	2272 	2690 	3069 	3196 	3575 	3928 	3957 	3989 	3994 	4138 	4421 	4494 	4533 	4995 	5051
761 	1800 	4414 	4533
132 	857 	1066 	1440 	1470
2050 	3419 	3493 	4753
22 	394 	474 	494 	519 	521 	895 	977 	1060 	1298 	1331 	1475 	1502 	1555 	1782 	1893 	1983 	2059 	2493 	2539 	2846 	2862 	2905 	2955 	2956 	3007 	3097 	3255 	3523 	3636 	3686 	3764 	3834 	3900 	3960 	4015 	4157 	4158 	4269 	4530 	4771 	4946
2541 	2616 	5117 	5120 	5132
142 	673 	687 	2086 	2104 	2154 	2333 	2870 	2915 	3510 	3553 	3624 	3830 	3845 	4316 	4387 	4516 	4547 	4898 	5206
4474 	5030
83 	3447
815 	1728 	1957 	5088 	5091
815 	1956
1934 	3832
55 	115 	1375 	1438 	1643 	1833 	1834 	1874 	1921 	3309 	3346 	3946 	3964 	4969
380 	3022
585 	1432 	3880 	4342
2603 	4508 	4645 	5224
1178 	1237 	1417 	4282
83 	316 	352 	454 	548 	906 	974 	975 	1170 	1369 	1439 	1569 	1907 	1922 	2195 	2709 	2788 	2806 	2863 	3450 	3796 	3859 	3892 	4131 	4140 	4282 	4304 	4695 	4861 	5029 	5066
587 	3340 	3930
4958
406
465 	1338 	2117 	3493
158 	680 	966 	1504 	2031 	2787 	2796 	2903 	3166 	3237 	3273 	4022 	4409 	4488 	4510
419 	1871 	1973 	2390 	3556
2714 	2888 	4525
1818 	3466
419 	1871 	1970 	2390 	3556
9 	10 	123 	147 	316 	445 	527 	558 	598 	676 	761 	843 	845 	932 	934 	949 	1270 	1352 	1400 	1499 	1605 	1616 	1813 	1947 	2178 	2242 	2277 	2465 	2489 	2499 	2553 	2565 	2606 	2721 	2820 	2822 	2867 	2901 	3044 	3069 	3238 	3258 	3402 	3494 	3501 	3738 	3771 	3778 	3892 	3957 	3994 	4023 	4058 	4138 	4153 	4167 	4188 	4233 	4282 	4324 	4408 	4533 	4553 	4601 	4681 	4981 	5056 	5148
43 	334 	682 	1605 	2534 	3775 	4694 	5056 	5225
194 	275 	443 	594 	1036 	1518 	2062 	2433 	2745 	2843 	3338 	3395 	3782 	4340 	4881
2485
2244 	3511
726 	844 	937 	1980 	2467 	3303 	3463
844 	1979
1367
1702
22 	394 	474 	494 	519 	521 	895 	977 	1060 	1298 	1331 	1475 	1555 	1782 	1893 	1951 	2059 	2493 	2539 	2846 	2862 	2905 	2955 	2956 	3007 	3097 	3255 	3523 	3636 	3686 	3764 	3834 	3900 	3960 	4015 	4157 	4158 	4269 	4530 	4771 	4946
255 	1856 	4911
3383 	4959
35 	93 	432 	558 	907 	1312 	1387 	1869 	1929 	2455 	2524 	2828 	2867 	3028 	3318 	3386 	3494 	3707 	3751 	4233
1280
111 	117 	2085 	2193 	4999 	5152
4136
1563
1563 	1824 	1878 	2027 	3117 	3203 	3352 	4321 	4738 	5112
3109 	3114
405 	4884
947 	2131 	2494
3714
204 	1737 	2441 	3724 	3758
1792 	2421 	3201 	3203 	4383 	4629 	4880
1941 	2028 	2107 	2329 	2444 	2726 	3116 	3198 	4426 	4457 	4643
4321
2281 	2563
1236 	4216
512 	2135 	4512
152 	4726 	4780 	5081
696 	2847 	4346
69 	240 	1357 	5129
3087
246 	4282
4095
1457 	1943 	5107
5142
4000
2381 	2839
823 	3201 	4629 	4630
3410 	3672
5049
1510
2481 	3422 	4044 	4945 	5042
878 	2600 	2859 	3546
542 	696 	2481 	4159 	4532
2617 	2972
132 	1110 	1393 	2379 	2552 	2755 	3170 	3508 	3880 	3950 	3953
445 	1605 	2553 	2736 	4601 	5056
378 	846 	857 	1494 	1630 	1724 	1890 	2606 	2823 	2914 	3081 	3406 	3513 	3697 	3873 	5004 	5148
563 	1145 	1483 	1513
776 	2473 	3139 	3176 	3235 	4519 	4581
641 	1761 	2621 	4145 	4197
1523 	1563 	1878 	1941 	1991 	2028 	2318 	2329 	2330 	2726 	3117 	3200 	3203 	3216 	4265 	4350 	4629 	5112
1447 	1450 	1998 	2027 	2318 	2418 	3034 	3200 	3379 	3413 	4311 	4426
2034 	4817
4085
158 	680 	966 	1504 	1969 	2787 	2796 	2903 	3166 	3237 	3273 	4022 	4409 	4488 	4510
43 	130 	243 	276 	484 	492 	548 	1170 	1435 	3124 	3158 	3742 	4169 	4439 	4955
3634
2029
2156
191 	1457 	1943 	3116
1879 	3298
1934
720 	3435
251 	722 	2497 	3725 	4869 	5050
740 	4852
472 	3482
4957
1346
467 	589 	961 	1511 	1662 	2210 	2772 	2967 	3813 	5216
457 	1021 	1040 	1305 	1620 	1730 	2047 	2101 	2332 	4131 	4938 	5047 	5066
1387 	1619 	1620 	1730 	2046 	2379 	3017 	3261 	3734 	3892 	4233 	4517 	4553 	4712
4975
1396
219 	619 	1950 	3493 	4753
1944 	3296
3072 	4073
98 	235 	356 	689 	1089 	2543 	5240
360 	695 	943 	1071 	1934 	2154 	2598 	2896 	3181 	3957 	4799 	4893 	4958
456 	2342
1524 	2482 	2483 	2876 	3254 	3886
253 	1364 	2872
1031 	1288 	3057 	3838 	3889
22 	394 	474 	494 	519 	521 	895 	977 	1060 	1298 	1331 	1475 	1502 	1555 	1782 	1893 	1951 	1983 	2146 	2493 	2539 	2846 	2862 	2905 	2955 	2956 	3007 	3097 	3255 	3523 	3636 	3686 	3764 	3834 	3900 	3960 	4015 	4157 	4158 	4269 	4530 	4771 	4946
1366 	2755 	3170
3890
1976
406
3819
111 	2121 	2407
827 	2714 	2975 	3549 	5233
1865 	1869 	2563 	3186 	3751 	4113 	4560 	4591 	5179
5084
1387 	2626 	3145 	3494
1917 	2106
1112 	2230 	3321
92 	4362
435 	708 	1537 	2859 	3023 	3976 	4820
1370
61 	1711
200 	514 	1021 	2409 	4160 	4163 	4206 	4218
1204 	3314
536
206 	1793 	4402
3152 	4151
412 	848 	4246
3283 	4348
3749
133 	574 	1894 	2448 	2513 	2622 	2627 	3447 	4436
111 	117 	1723 	1988 	2193 	4999 	5152
1953 	3510
2609 	4213 	4400
3824
857 	1005 	2246 	2716
720 	775 	894 	1113 	1345 	1497 	1571 	1907 	2267 	2556 	3623 	3867 	3907 	4184 	4192 	4413 	4479 	4542 	4570 	4735
4829
780 	936 	1009 	1090 	1609 	2115 	2730 	4383 	4934
659 	839 	2252 	2541 	4034 	4312 	4430
802
1173
1800 	3470 	4521 	5020
5206 	5214
4994 	5114
463 	4945
1039
457 	1305 	2046
2113
2238 	3181
1953
790 	1525 	1779 	2902 	2932 	2982 	3123 	3258 	3744 	4442 	4719
336 	416 	629 	2070
1943 	1998 	2893 	3116 	3198 	5150
133 	1001 	2332 	4517
1369 	4527 	4812 	4998
2243
703 	2295 	3319 	3393 	4077 	4361
3644
2102
603 	1785 	1826 	2934
780 	936 	1009 	1090 	1194 	2092 	2409 	2714 	2971 	4383 	4645 	4934
57 	129 	1331 	2454 	3098 	3650 	3759
391 	1021 	1856 	1968 	3274 	4364
290 	2661 	4094 	4699 	4759 	4833
554 	2968
4200
111 	416 	629 	2065 	2407 	2652 	4903 	4999
3435 	4298 	4535
1122 	1565 	2140 	2520 	3694 	4368
1708 	4301
1776
2958 	4986
304 	901 	1624 	2714 	4624
225 	2322 	2546
1274 	2257 	4426 	5122
1450 	3379
947 	1994 	2494
4985
78 	1936 	3341
30 	1085 	1763
512 	2002
4104 	4971
333 	382 	590 	782 	890 	1326 	1563 	1722 	2181 	2322 	2334 	2618 	2619 	3434 	3756 	3760 	3811 	4323 	4540 	4579 	4742 	4785 	5236
2201 	2202 	3761 	4513
340 	622 	2667 	3211 	3767 	4474 	4652
130 	177 	534 	684 	992 	1122 	1193 	1228 	1846 	2123 	2238 	2279 	2324 	2520 	2602 	2618 	2722 	2791 	2954 	3181 	3391 	3988 	4298 	4368 	4492 	4568 	4579 	4675 	4769 	5142
2784
633 	1683 	2307 	3468 	3788 	5192
212 	295 	1260 	1572 	2175 	2222 	2243 	2705 	3005 	3032 	3125 	3528 	3698 	4141 	4736
447 	3059
1450 	5159
541 	668 	811 	2059 	2366 	2689 	3841 	4474 	4557 	4750 	4806 	4993
1354 	4417 	5126
2751 	4318
2196 	5115
50 	4610 	4629 	4644
1750 	2739
673 	2915
4055 	4329
1889 	1896 	1953 	2054 	2870 	3181 	3184
1002 	2248 	2545
2035
1429
306 	1228 	1906 	2324 	2722 	2906 	2984 	3207 	3391 	3722 	3921 	4626 	4879 	5060
553 	4877
805 	1794 	2747 	3571 	5202
2373 	2693 	2909
900 	3239
720
1012 	1940 	3197
523 	1009 	2746 	3155 	4053 	4249 	4386 	4940
334
1155
509 	1945
1048 	2537
252 	1734
778 	3233
1247 	3892 	5149
2314 	2755 	4595
1601 	3976 	4089
295 	2143
478 	516 	3119 	3200 	4025 	4428
1361 	2940 	3458
527 	843 	1974 	2499 	2606 	2901 	3238 	3738 	4324
589 	1200 	1511 	2299 	2967 	3813 	3882 	4185 	4385 	5216
3919 	3920 	4766
581 	1156 	1205 	1508 	1603 	1934 	2137 	2813 	3434 	4742 	4754
480 	485 	4195 	4538 	4690 	5068
1250 	2297 	2430 	2605 	4874 	4957
1943 	3190
1565 	3831
418 	1088 	1141 	1600 	2572 	2706 	3376 	3384 	3503 	3507 	3613 	4839
4416
1811
4536
1036 	1637 	2746 	4569
4062 	4426
4067 	4303 	4627 	4720
111 	117 	532 	1988 	2085 	4999 	5152
4788 	5000
83 	454 	548 	974 	975 	1170 	1569 	1792 	1964 	2709 	2863 	3201 	3203 	3450 	3796 	3859 	4131 	4140 	4264 	4304 	5029 	5066
2149 	5115
2198
83 	970 	2197 	3447 	3806 	4975
1061 	4267 	4567
1239 	1936 	3453 	4824 	5123
2138 	4439
2138 	3761 	4513
2775
282
1472 	1489 	1868 	5163
308 	2265 	2693 	2723 	3137 	5229
2465 	2648 	3771 	4188 	4324 	4700
1701 	1780
1886 	2766 	3283
2045 	2418 	2894 	2967 	3375 	3377 	3446 	4064 	4135 	4306 	4616 	4815 	4818 	5113
155 	427 	1001 	1352 	1369 	2578 	2809 	3170 	3426 	3690 	4580 	4695
1156 	2927
371 	1403 	1902 	5035 	5148
241 	908 	1280 	1921 	2563 	2833 	3008 	4748
635
613 	4339
1850 	2608 	2879 	3435
4381 	4797 	4990
6 	3823 	4948 	5098
3192 	3538 	4084
2784
212 	2143 	4736
551 	1027 	1626 	2584 	2892 	4695 	4965
1104 	1124 	1840 	3659 	3901
237 	682 	1585 	2465 	2673 	3268 	3306 	3746 	3771 	4029
3035 	3629 	4764
771 	1527 	1750 	1922 	2465 	2901 	3018 	4324 	4725
1348 	2322 	2618 	4711
2 	27 	3071
1112 	2071 	3321
1223 	2783 	2784 	3072 	3221 	4287
0
163 	176
71 	277 	529 	4154
1142 	2359 	3703
4655
3948
2103 	2140 	3181 	3692
409 	507 	2965
1593 	2519 	3476 	3498 	3602 	4629
1231 	1568 	2415 	2750 	3676 	4028 	4958 	5099
9 	10 	123 	147 	316 	445 	558 	598 	676 	712 	845 	932 	934 	1270 	1352 	1400 	1605 	1813 	1974 	2277 	2465 	2489 	2553 	2565 	2822 	2867 	2901 	3044 	3494 	3501 	3620 	3778 	3892 	4023 	4058 	4153 	4167 	4233 	4282 	4324 	4408 	4553 	4601 	4681 	4981 	5047 	5056 	5066 	5148
295 	582 	592 	1008 	1074 	1126 	1579 	1761 	2110 	2143 	2574 	2671 	2843 	3032 	3146 	3693 	4383 	4493 	5194
1978 	3511
157
1005 	1761 	2089 	2730
1942 	2432
841 	1002 	1392 	1580 	2155 	2254 	2545 	3366 	4149 	4388 	4447 	4741 	5144
41 	2249 	2250 	2254 	2541 	2543 	2546 	3099 	3363 	3365 	5131 	5147
2249 	2541 	2543 	3184 	3510 	5147
2254 	2258 	2543 	3184
235 	839 	860 	862 	1824 	1896 	2093 	2252 	2253 	2254 	2540 	2541 	2543 	2782 	4034 	4312 	4430 	5131
1896 	1927 	2252 	2254 	3363 	3515 	4312 	5145
860 	862 	1781 	1896 	1927 	2248 	2249 	2251 	2252 	2253 	2258 	2726 	2941 	3099 	3365 	3515 	4063 	4430
554 	1206
2584 	2892 	4695 	4965
1274 	2129 	4426 	5122
2251 	2254
1879 	3298
4875
583 	1207 	1665 	2955 	3913 	4322 	5081
39
2967 	4253 	4802
4118
2206 	2370 	2691 	4679 	4726
1831 	4032 	4351
720 	775 	894 	1113 	1345 	1497 	1571 	1907 	2090 	2556 	3623 	3867 	3907 	4184 	4192 	4413 	4479 	4542 	4570 	4735
160 	507 	1158 	1498
1373
325 	1632 	3629 	3740 	4443 	4597
3371
656 	984 	1313 	1670 	1800 	1947 	3196 	3575 	3994 	4138 	4176 	4412 	4494 	4596
657 	2292
3940
3522 	4123
3522 	4123
9 	10 	123 	147 	316 	445 	558 	598 	676 	845 	932 	934 	1270 	1352 	1400 	1605 	1813 	1974 	2242 	2465 	2489 	2553 	2565 	2822 	2867 	2901 	3044 	3494 	3501 	3778 	3892 	4023 	4058 	4153 	4167 	4233 	4282 	4324 	4408 	4553 	4601 	4681 	4981 	5056 	5148
77 	1480 	2586 	3398 	5001
2140 	2520 	4298
669 	1706 	4785
2000 	2563 	4038
118 	1559 	2367 	2425 	3492 	4480 	4870
1804 	2435 	4451 	5064
1411 	3902
1365 	3569 	4185 	4272
149 	2953 	3256
578 	651 	655 	664 	723 	782 	899 	2851 	3008 	3114 	3610 	4043 	4392 	4864 	5183
1935
4160
2338 	3705
1432 	3261 	3590
657 	2273
2907
4428
379 	2111 	2666 	3319 	3981 	4011 	4077 	4361
3680
2183 	2430 	4164 	4538
129 	935 	1750 	3134 	3553
2179 	3813 	3882 	4185
12 	89 	622 	1610 	1634 	4517 	4685 	4984
1858 	2322 	3686
337 	4191
316 	4980
1170 	3450 	3690
2761 	2849
2366
633 	1683 	2142 	2774 	3468 	3788 	5192
768 	1592
4749
698 	2477
1941 	2378 	4426
2444 	2726 	3116 	3198 	4457
3219 	4317
2173 	4595
3665 	5030
4905
5040
285 	1447 	1775 	2027 	2028 	3158 	4254 	4265
1232 	1771 	2752 	3807
606 	1413
855 	2358 	3493 	3495 	3499 	3524 	5189
225 	1314 	1433 	1482 	1666 	1858 	2128 	2137 	2228 	2301 	2546 	2618 	3158 	3684 	3686 	3756 	4493 	4711 	4785
2726
426 	2140 	2158 	3080 	3140 	3391 	3496 	3655 	3722 	3865 	3977 	4599
2541
4186
5142
2422 	2952 	4303
18 	1791 	1941 	1998 	2027 	2330 	2726 	3034 	3216 	3413 	4350 	4631 	5125
2027 	2329 	4350
133 	1939 	2332 	2343 	3344 	3361 	5149
84 	133 	155 	408 	1327 	1387 	2046 	2108 	2331 	2409 	2465 	3494 	3771 	4019 	4160 	4163 	4184 	4206 	4393 	4496 	4517
1953 	2870 	3845
1563 	2137 	3817
1193 	1459 	3299
5 	279 	861 	937 	2602 	2603 	3913 	4380 	4481 	4711 	4844
1205 	1766
2290 	3705
70 	589 	2350 	2967 	3805 	4096
3593 	3633
618 	2409
2055
2331 	3344
3200 	4320 	4730
2745
1299 	1693 	2685 	4770
127 	196 	437 	2404 	2511 	4203 	4399 	4810
1581
1147 	1481 	1920
70 	589 	2339 	2967 	3805 	4096
5053
317
1005 	1587 	3340
457 	825 	1150 	1267 	1746 	2859 	2860 	3455 	3827 	3878 	4154 	4163 	4335 	4873 	5023 	5102 	5103
2412 	3466
4958
83 	1428 	4517
855 	2321 	3493 	3524 	4846
2235
5217
223 	2898 	3274 	4086
3349
1817 	5136
3724
1009
2146 	2306 	4240 	4806
2282 	3492 	4870
1761 	2420
1842
152 	1326 	2265 	2691
1880
2821
2161 	2693 	2909
1544
466
466 	2954 	3323
3205 	4730
2311 	2726 	4426
1144 	1393 	1432 	1585 	2021 	2047 	2687 	3261 	3262 	3508 	3950 	3992 	4642
300
1007 	2012 	2487 	2839
1589
384 	3802
5031
1844 	4215 	4218
642
194 	229 	941 	1418 	3648 	3780 	3992
233 	2579
245 	2502 	2520 	4343 	5045
419 	1871 	1970 	1973 	3556
766 	1860 	2634 	4492 	4806
2805
1197
1008 	4603
3006
5186
3193 	3436 	3880
1097
431 	569 	616 	721 	724 	746 	752 	1309 	1351 	1464 	1882 	2479 	2575 	2868 	2928 	2936 	3115 	3791 	3971 	4088 	4241 	4404 	5006
170 	362 	793 	1583
992 	1648
2833
170 	1494 	1583
127 	196 	437 	2347 	2511 	4203 	4399 	4810
194 	329 	336 	375 	1167 	1286 	2586 	2810 	3906 	5067
1709 	5216
111 	629 	948 	2065 	2121 	2652
133 	548 	682 	777 	2465 	2673 	3494 	3746 	5027
200 	327 	514 	618 	2076 	2115 	2332 	2341 	4163 	4206 	4218 	4707
916 	2524
353 	1649
418 	2355 	3466
3451 	5174
3310
453 	1231 	1253 	1353 	1568 	1764 	2241 	2750 	3676 	4020 	4028 	4407 	4843 	4958 	5099
2595 	2713
1233 	1940
1450 	2028 	2210 	2726 	3116 	4550 	4555 	4616 	4643 	4819 	5113
503 	654 	2833 	3111 	4418 	4956
418 	596 	2368 	3957 	4865
1792 	1997 	4629
2328 	2952 	4303
17 	1668 	1805
3492
1559 	2282 	3492
1891 	2503 	3990
3847
538 	944 	1918 	4887
1446 	5107 	5150
1250 	1359 	1698 	1905 	2183 	2297 	2512 	2605 	4874 	5036
1219 	1444
1942 	2247
295 	443 	1036 	1083 	1242 	1518 	1976 	2669 	2842 	2946 	3395 	3615 	4295 	4538 	4881
1762 	1841 	2672 	4377 	4486 	4974
580 	1804 	2283 	4451 	4666 	5064
285 	1192 	1312 	4068 	4883
26
4507
1032 	3397
1389 	5087
204 	1737 	1996 	3724 	3758
241
3052 	3368 	4315 	4587 	4644 	4650 	4727 	4816 	5110
1998 	2312 	2726 	3116 	3198 	4457 	4643
946 	1482 	1679 	2450 	2545 	4231 	4283 	4708 	4711 	5012
3006 	3349 	4205
3423 	4040
2084
2449
2445 	4283 	4708
1658 	4797
548 	777 	3690
2770 	4625
129 	2116 	3098 	3650
35 	827 	1312 	1986 	2524
828 	2634 	3448
120 	1154 	1181
2554 	2695 	2918
2460 	3862
2459 	3862
1489 	1811 	1831 	2718 	4423
142 	1598 	1668 	1802 	1818 	1902 	2708 	2813 	2870 	3553 	3586 	3588 	5237
1074 	3181
368 	3073
9 	10 	84 	123 	133 	147 	237 	316 	407 	445 	548 	558 	598 	676 	682 	777 	845 	932 	934 	949 	1201 	1270 	1352 	1400 	1527 	1585 	1605 	1813 	1922 	1974 	2207 	2225 	2227 	2242 	2277 	2332 	2408 	2489 	2553 	2565 	2648 	2820 	2822 	2867 	2901 	3018 	3044 	3238 	3268 	3306 	3494 	3501 	3746 	3771 	3778 	3892 	4019 	4023 	4029 	4058 	4153 	4167 	4188 	4233 	4282 	4324 	4393 	4408 	4553 	4601 	4681 	4700 	4981 	5056 	5076 	5148 	5237
3207 	4467
1979 	3303 	3463
937 	4987
1898 	5043 	5066
127 	2511 	2632 	3286 	4810
3922 	4635
4769 	4843
776 	1068 	2025 	3139 	3176 	3235 	3564 	3699 	4114 	4519
771 	1037 	3156
1394 	2518 	3292 	3715
631 	2812 	3706 	4899
698 	2310 	3996
2809 	3892 	4282
431 	569 	616 	721 	724 	746 	752 	1309 	1351 	1464 	1882 	2399 	2575 	2868 	2928 	2936 	3115 	3791 	3971 	4088 	4241 	4404 	5006
1072 	1458 	1533 	1845
120 	542 	694 	696 	711 	1319 	2017 	2019 	3497 	4159 	4185 	4532 	4746 	4772 	4945
1524 	2056 	2483 	3254 	3886
2056 	2482 	3254 	3886
509 	1127 	1489 	1811 	1831 	2718 	3006 	3606 	3774 	4177 	4425
1977
199 	739 	781 	1059 	2654 	3677 	3844 	4394 	4962 	5174
240 	433 	1007 	1056 	1244 	1760 	2381 	2641 	3992 	4390 	4468 	4599 	4672 	4917 	4978
358 	971 	1397 	3122 	4940
9 	10 	123 	147 	316 	329 	445 	558 	598 	676 	845 	932 	934 	1270 	1352 	1400 	1605 	1813 	1974 	2242 	2277 	2465 	2553 	2565 	2822 	2867 	2901 	3044 	3494 	3501 	3746 	3778 	3892 	4023 	4058 	4153 	4167 	4233 	4282 	4324 	4408 	4553 	4601 	4681 	4981 	5027 	5056 	5148
2774 	2890
59 	84 	359 	600 	3243 	4233 	4553 	4614 	4712
1843
22 	394 	474 	494 	519 	521 	895 	977 	1060 	1298 	1331 	1475 	1502 	1555 	1782 	1893 	1951 	1983 	2059 	2539 	2846 	2862 	2905 	2955 	2956 	3007 	3097 	3255 	3523 	3636 	3686 	3764 	3834 	3900 	3960 	4015 	4157 	4158 	4269 	4530 	4771 	4946
947 	1994 	2131
133 	434 	668 	725 	920 	1059 	1088 	1229 	2614 	2714 	2726 	3135 	3665 	3750 	3752 	3943 	4127 	4229 	4453 	4831 	4839 	4987
4599
251 	722 	2040 	3483 	3725 	4869 	5050
201 	345
527 	843 	1974 	2178 	2606 	2901 	3238 	3738 	4324
1556
60 	215 	852 	1008 	1433 	1435 	1788 	1853 	2655 	2673 	2724 	3275 	4095 	4887 	4896
245 	1003 	1923 	2389 	2557 	4343 	5045
129 	885 	945 	1847 	1891 	2426 	3990
774 	1148 	1189 	2568 	2587
3647 	3661 	3857 	4465
1884 	3012 	4986
1252 	1491 	2923 	2978 	3211 	3506
927 	3175
3438
701 	3733
127 	196 	437 	1598 	1692 	2347 	2404 	2470 	2632 	3286 	3311 	3588 	4203 	4399 	4810
596 	2430 	5148
2084 	3447
791 	1910 	4104
1192
739
3881
1394 	2475 	3292
566 	585 	1873 	2240 	2743 	4536 	4629 	4954
245 	1122 	2123 	2140 	2279 	2389 	2838 	4298 	4368
1431 	2798 	4324 	5234
1242 	2937
2602
35 	916 	1312 	1986 	2410 	2455 	4251 	4883 	4895
2777
1101 	1352 	3749 	4248
9 	123
961 	1009 	1372 	1638 	2561 	2714 	2737 	3030 	3487 	3535 	3787
2602 	2833 	4209
3472 	4372 	5011
689 	2774
732 	967 	1796
899
43 	1975 	3775 	4694
323 	1080
1590
1048 	2169
418 	5226
22 	394 	474 	519 	521 	977 	1060 	1298 	1331 	1475 	1555 	1782 	1951 	1983 	2059 	2493 	2862 	2905 	2955 	2956 	3007 	3097 	3255 	3523 	3636 	3900 	3960 	4015 	4157 	4158 	4530 	4771 	4946
1896 	2252 	2548
839 	1191 	1952 	2093 	2249 	2250 	2252 	2325 	2543 	4034 	5117 	5120 	5132
538 	1019 	1041 	1918 	3265 	3364 	4887
356 	838 	1824 	2053 	2249 	2250 	2251 	2252 	2541 	3184
240 	1138 	2836 	3353 	3525
1002 	2155 	2248 	2445 	2644 	3740 	5012
225 	2128 	2249 	2322
3510 	4378
2540
5149
1293
891 	1076 	3067
2021 	3880
9 	10 	123 	147 	316 	445 	558 	598 	661 	676 	845 	932 	934 	949 	1270 	1352 	1400 	1432 	1499 	1605 	1813 	1974 	2022 	2242 	2277 	2465 	2489 	2565 	2736 	2820 	2822 	2867 	2901 	3044 	3238 	3494 	3501 	3771 	3778 	3892 	3992 	4023 	4058 	4153 	4167 	4188 	4233 	4282 	4324 	4408 	4553 	4601 	4681 	4700 	4981 	5056 	5148
1509 	2458 	2695 	2990 	4839 	5007
3591 	4354 	4971
720 	775 	894 	1113 	1345 	1497 	1571 	1907 	2090 	2267 	3623 	3867 	3907 	4184 	4192 	4413 	4479 	4542 	4570 	4735
245 	2502
3918
3041 	3929
254 	543 	545 	662 	751 	755 	757 	998 	1042 	1277 	1324 	1334 	1410 	1526 	1562 	1714 	1915 	2656 	2668 	2764 	2799 	2917 	3490 	3527 	3530 	3531 	3577 	3683 	4490 	4608 	4910 	4913 	4935 	5207
961 	2528
628 	2683 	2833 	3391 	3506 	4839
241 	366 	645 	705 	1105 	1472 	2000 	2067 	2214 	2281 	3555 	4038 	4560 	4851 	5179
102 	1280 	3083
9 	10 	123 	147 	316 	445 	558 	598 	676 	845 	932 	934 	1270 	1352 	1400 	1605 	1813 	1974 	2242 	2277 	2465 	2489 	2553 	2822 	2867 	2901 	3044 	3494 	3501 	3778 	3892 	4023 	4058 	4153 	4167 	4233 	4282 	4324 	4408 	4553 	4601 	4681 	4981 	5056 	5148
857
3690 	4375 	5047
774 	1189 	2504
3674
2906
685 	745 	991
2186
1189 	1227 	1230 	2714 	4452 	4820
168 	2243 	3532 	3568 	3693 	3764 	4071 	4453 	4493
431 	569 	616 	721 	724 	746 	752 	1309 	1351 	1464 	1882 	2399 	2479 	2868 	2928 	2936 	3115 	3791 	3971 	4088 	4241 	4404 	5006
1329
165 	409 	484 	501 	1472 	1616 	1710 	2973 	3133 	3136 	3394 	3894 	4822 	4916 	4988 	5179
155 	427 	1001 	1352 	1369 	2211 	2809 	3426 	3690 	4580 	4695
233 	1770 	2388 	3486
832 	2638 	4553 	4563 	4621 	4733 	5094 	5155
150
285 	627 	937 	945 	1416 	1502 	1827 	3424 	4157 	4356
1089
551 	2223 	2256 	2892 	4101 	4695 	4836 	4965
3778
77 	194 	329 	473 	1167 	1286 	1371 	1473 	1660 	2278 	2405 	2813 	3138 	3142 	3381 	3552 	3771 	4690 	5067
1148 	1657 	2504 	4807
390 	4224
237
1631
554 	2613 	2616 	5205
1173 	5206 	5214
1789 	2633 	2680
816 	4553
2416 	2713
3144 	5212 	5222
4668
270 	304 	341 	2054 	2896 	3076 	3698 	3984 	4445 	4940
147 	395 	558 	676 	2867 	4233 	4408 	4553 	4981
1689 	1696 	1816 	2018 	2859 	3774
1192
5 	279 	285 	937 	1482 	1664 	2140 	2336 	2523 	2529 	2603 	2711 	2756 	2833 	2910 	2973 	4172 	4205 	4209 	4522 	4746 	4987
5 	124 	279 	432 	716 	881 	907 	937 	1015 	1230 	1312 	1489 	1567 	1664 	1819 	1962 	2336 	2602 	2738 	2887 	3084 	3293 	3914 	3961 	4645 	4677 	4832 	4987
701 	2996 	4689
68 	2183 	2430 	4874
527 	843 	845 	1890 	1974 	2023 	2178 	2499 	2743 	2901 	3238 	3738 	4324
151 	3011
590 	2217 	2879 	3435
2087 	4400
3293 	4820 	4973
11 	409 	672 	1419 	1538 	2740 	2741 	2742 	3072 	4363 	4769
4422
804 	2591 	4450 	5092
556 	920 	2495 	3936 	4988
3263
554 	1952 	2591 	5120 	5205
133 	1001 	2020 	2972 	3124 	3450 	4206 	4719 	4836 	4855 	4884
125 	534 	1314 	1433 	1482 	1563 	1666 	2137 	2140 	2228 	2322 	2619 	2995 	3151 	3756 	3760 	3913 	4127 	4323 	4493 	4579 	4629 	4711 	4785 	4987 	5142
1482 	2137 	2618 	2995 	4579
429 	4218 	4801 	4933
2026 	4145 	4197
2084
484 	794
1055 	5005
67 	2713 	4416
1387 	2069 	3145 	3494
2084
1565
1684 	3724 	3758 	4131
1381 	2819 	3088 	4220
114 	727 	1198 	1471 	1594 	3351 	3698 	4433
127 	2470 	2511 	3286 	4810
1789 	2593
28 	432 	828 	1860 	2391 	2456 	2859 	3448 	3574 	4225 	4785 	5021 	5203
1116 	1179 	1559 	1855 	3718 	3811 	4132 	4971
1825 	2713 	4989
1790 	5010 	5160
106 	636 	2580 	4427 	4553 	4621 	4695 	5155
493 	1634 	1754 	2795 	2990 	3428 	3479 	3590 	3992
216 	1498 	3665 	4920
240 	433 	1244 	1339 	1645 	2487 	2766 	2811 	2906 	3005 	4468 	4599 	4672 	4868 	4942 	5178
3588
909 	4437
2545 	3740
1485
1513
417 	605 	762 	896 	928 	1283 	1438 	1441 	2982 	3093 	3432 	3437 	4083 	4257 	4609 	5196
133 	1428 	2207 	2465 	3771 	4188 	4324 	4700
1876
1540 	2987
313 	523 	2735 	2950 	3047 	3152 	4262
111 	117 	194 	948 	1038 	2121 	2407 	3138 	3280 	3954 	4647 	4903
3837 	4282
488 	739 	2486 	2915 	3092 	4026
2501
254 	543 	545 	662 	751 	755 	757 	998 	1042 	1277 	1324 	1334 	1410 	1526 	1562 	1714 	1915 	2560 	2668 	2764 	2799 	2917 	3490 	3527 	3530 	3531 	3577 	3683 	4490 	4608 	4910 	4913 	4935 	5207
1719
4327
867 	3745
1715 	3926 	4897
2118 	4699 	4759
4699 	4759
1131
3207
129 	1891
31 	379 	1224 	1337 	1374 	1422 	2295 	2833 	3109 	3319 	3489 	3660 	4077 	4422 	4463 	4589
2139
254 	543 	545 	662 	751 	755 	757 	998 	1042 	1277 	1324 	1334 	1410 	1526 	1562 	1714 	1915 	2560 	2656 	2764 	2799 	2917 	3490 	3527 	3530 	3531 	3577 	3683 	4490 	4608 	4910 	4913 	4935 	5207
1518 	2433
1684
523 	581 	1044 	1428 	1579 	2243 	2749 	2813 	2891 	3516 	3565 	3566 	3978 	3992 	4181 	4373 	4455 	5032 	5053 	5062
1762 	1841 	2434 	4377 	4486 	4974
206 	237 	558 	600 	682 	1017 	1208 	2225 	2408 	2501 	2915 	3146 	3746 	3771 	4095 	4233 	4614
1934 	5193
1799
56 	175 	294 	943 	1435 	1565 	1934 	2754 	3399 	3694 	3824 	4540 	4579 	4692 	4769 	4821
596 	761 	3258
3434
567 	1179 	3155 	3711 	4511 	5098
2593
5065
659 	5206
2562 	2833 	3965 	4476 	4839
826 	878 	4909
1299 	1693 	2346 	2957 	4106 	4770
1054 	1295 	1649 	3396
1144 	2379
1211
1059 	1193 	1459 	2146 	4993 	5012
734 	1030 	1420 	1629 	1695 	1836 	1947 	3055 	3928 	4009 	4178 	4403 	4533 	4995 	5051 	5059
2265 	2370
1126
554 	599 	1149 	2161 	2206 	2373 	2909 	3715
113 	3325 	3955 	4524 	5172
1509 	2458 	2554 	2990 	3985 	4839 	5007
850
3656 	4663
2879
3278 	5206 	5213
4277 	4389 	5214
2749 	3654 	3874
54 	2851 	3323 	3544 	3648 	4027
333 	4043
1936
2143
418 	1009 	2186 	3316
190 	679 	3270 	4489 	4652 	4696 	5076
1818 	2462
83 	454 	548 	974 	975 	1170 	1569 	1964 	2195 	2863 	3450 	3796 	3859 	4131 	4140 	5029 	5066
1743
937 	965 	1482 	2602 	2756 	3913 	3925 	3983 	4522 	4987 	5085
406
2416 	2595 	2625 	2636
285 	304 	607 	827 	1009 	1227 	1230 	1514 	1534 	1537 	1624 	1636 	1827 	1971 	2066 	2115 	2127 	2495 	2528 	2573 	2737 	2859 	2888 	2964 	2975 	3251 	3494 	3549 	3890 	4055 	4060 	4127 	4352 	4452 	4525 	4624 	4651 	4702 	4763 	4779 	4820 	4826 	4987 	5077 	5221
1159 	3297 	3931
108 	502 	857 	1385 	1767 	2089 	3231 	3471 	3854 	3855 	4113 	4385 	4938
3948
217 	573 	1489 	1689 	1831 	2461 	2484 	3006 	3148 	3349 	3589 	3768 	3789 	4423 	4425 	5116
4603
107
761 	843 	1974 	3258 	3402
609 	684 	1552 	2140 	2158 	3391 	4892
840 	1887 	2206 	3137 	3514 	4045 	4506 	5229
852 	2501 	4896
1792
823 	1207 	1726 	1931 	1934 	1998 	2027 	2254 	2312 	2323 	2329 	2378 	2418 	2444 	2495 	2751 	3056 	3116 	3158 	3198 	3203 	3216 	3369 	4059 	4063 	4069 	4127 	4313 	4321 	4426 	4457 	4458 	4550 	4586 	4606 	4622 	4643 	4732 	4738 	4791 	4792 	4987 	5104 	5105 	5142
1123 	4334 	4350
1251
161 	628 	1380 	1501 	1506 	3277 	3625 	3655 	3913 	4545 	4826 	4892
635 	1226 	1558 	1561 	1609 	1881 	2092 	2246
4433
111 	117
57 	67 	285 	302 	321 	554 	926 	4099 	4416 	4501
3211 	3786
313 	2651 	2950 	3152
445 	1605 	2022 	2553 	5056
1636 	2528 	2714 	4970
1363 	1501 	2603 	3411 	3630 	4892
1750 	2151
554 	969 	2611 	5179
554 	1207 	2611
309 	2611 	3089 	4359 	4367
566 	1390 	1914 	2519 	2606 	4954
113
513 	1976 	2345 	4234 	4266 	4416
411 	1036 	1038 	2165 	2190 	4122 	4249 	4286 	4386
342 	805 	1134 	1794 	2160
111 	4243 	4599
2671 	2701 	3654 	3874 	5049
1231 	1568 	2241 	2415 	3676 	4028 	4958 	5099
2148 	2726 	4318 	4606 	4738
1232 	1771 	2319 	3807
300
37 	1706 	1934 	2676 	3414 	3452 	4540
562 	835 	1366 	2021 	2060 	2173 	2821 	3170 	3406 	3982 	4160 	4374 	4595
576 	2602 	2711 	4987
713
95
2919
3835
742 	1640 	2305 	2849 	3252 	3934 	4461 	4737
287 	497 	750 	1838 	2884
655
254 	543 	545 	662 	751 	755 	757 	998 	1042 	1277 	1324 	1334 	1410 	1526 	1562 	1714 	1915 	2560 	2656 	2668 	2799 	2917 	3490 	3527 	3530 	3531 	3577 	3683 	3897 	4490 	4608 	4729 	4910 	4913 	4935 	4944 	5207
1047 	4967
1261 	2209 	2641 	2955 	3005 	3671 	4468 	4532
1554 	4118
1
76 	4945
2453 	4625
2772 	4091
33 	433 	696 	1489 	2045 	2771 	2811 	2967 	3006 	4091
3467
103 	505 	596 	638 	689 	710 	769 	783 	784 	785 	974 	1036 	1064 	1068 	1242 	1494 	1518 	1549 	1777 	1933 	2307 	2490 	2531 	2962 	3122 	3171 	3373 	3493 	3726 	3816 	3924 	3978 	4061 	4123 	4415 	4439 	4775
1048 	2203
4585 	4610 	4616
1119 	2525
1051 	1164 	1227 	1844 	4196 	4797 	4990
2852 	3013 	4473
1278 	3837
217 	1489 	4677
1323 	2252
2231 	3072
1223 	2141 	2221 	2231 	3072 	3221 	3233 	3327 	4260
4566
3721
158 	680 	966 	1504 	1969 	2031 	2796 	2903 	3166 	3237 	3273 	4022 	4409 	4488 	4510
907 	1964 	4861
4874
3992
177 	1122 	1318 	1829 	2140 	4263 	4492 	4769 	5045
498 	2885
262 	908 	1495 	4113
1190
493 	1425 	1634 	1652 	1754 	2639 	2990 	3479 	3507 	4630
158 	680 	966 	1504 	1969 	2031 	2787 	2903 	3166 	3237 	3273 	4022 	4409 	4488 	4510
3452
1431 	2521 	4324 	5234
254 	543 	545 	662 	751 	755 	757 	998 	1042 	1277 	1324 	1334 	1410 	1526 	1562 	1714 	1915 	2560 	2656 	2668 	2764 	2917 	3490 	3527 	3530 	3531 	3577 	3683 	4490 	4608 	4910 	4913 	4935 	5207
762 	928 	3658 	3968
600
102 	1280 	1609
200 	303 	499 	706 	896 	954 	1029 	1283 	1308 	2916 	3021 	3061 	3063 	3075 	3477 	3480 	3675 	3794 	3963 	4674 	4936 	4937 	4960
696 	3916
2392
352 	1907 	1964
547 	586 	1189 	1227 	1230 	1378 	1534 	3177 	3593 	4258 	4779
153 	4416
155 	427 	1001 	1352 	1369 	2211 	2478 	2578 	3426 	3690 	3892 	4282 	4580 	4695
336 	375 	1541 	2405 	3906
240 	433 	696 	1260 	1572 	1645 	2641 	2772 	3743 	3916 	4002 	4223 	4376 	4532 	4942
2476 	4899
194 	596 	1369 	1473 	1579 	1603 	1802 	1934 	2181 	2462 	2586 	2671 	3138 	3771 	3978 	4455 	4574 	4690 	4754 	4769 	4975
1131 	2910
1348 	4842 	4894
409
1251 	4111
745 	4633
1381 	2630 	3088 	4220
558 	949 	1605 	1974 	2465 	2553 	2878 	2901 	3238 	3771 	4188 	4324 	5052 	5056
760 	916 	1748 	2372 	2755 	2830 	2853 	4251 	4374 	4895 	5073 	5173
9 	10 	123 	147 	316 	445 	558 	598 	676 	845 	932 	934 	1270 	1352 	1400 	1605 	1813 	1890 	1974 	2242 	2277 	2465 	2489 	2553 	2565 	2867 	2901 	3044 	3494 	3501 	3778 	3892 	4023 	4058 	4153 	4167 	4233 	4282 	4324 	4408 	4553 	4601 	4681 	4981 	5056 	5148
1630 	2023
46 	58 	87 	214 	363 	785 	933 	1415 	1673 	3512 	3596 	3608 	3735 	3792 	3939 	4542 	4583
4281 	5013
3690
249 	341
93 	1387 	1986 	3028 	3707
1494 	1724
2821 	4251
550 	4878
2915
35 	339 	554 	564 	963 	1684 	1865 	1869 	1921 	2214 	2402 	2419 	2529 	2562 	2602 	2666 	2683 	2845 	3008 	3077 	3253 	3605 	3660 	3751 	3893 	4018 	4068 	4209 	4422 	4839
371
687 	4898
240 	1138 	2544 	3353 	3405 	3605 	3904 	4344 	4455 	4920
3525 	4438
2520
2012 	2381
995 	3952
255 	991 	1603 	3572 	5181
1518 	2433
1435 	1976 	2243 	3338 	4495
909
1865 	1869 	2833 	3751
22 	394 	474 	494 	519 	521 	895 	977 	1298 	1331 	1475 	1555 	1893 	1951 	1983 	2059 	2493 	2862 	2905 	2955 	3097 	3255 	3523 	3636 	3686 	3764 	3834 	3960 	4015 	4158 	4269
696 	2004 	4346
211 	321 	599 	668 	731 	1149 	2955 	3519 	3629 	3935 	4296 	4776 	4912
2305 	2761
401
651 	782 	2287 	2702 	3648 	4027 	4043 	5183
144 	270 	714 	1479 	1613 	2779 	3090 	3848
916 	1748 	2821
206
111 	171 	289 	610 	700 	707 	1460 	3399
169 	489 	715 	2867 	4391 	4509
1448 	1449 	3054 	3204 	3374 	4637
1719
435 	800 	825 	1689 	1786 	1816 	1831 	2018 	2073 	2354 	2600 	2634 	2714 	2888 	2924 	3148 	3257 	3789 	3827 	3878 	4032 	4113 	4154 	4499 	4686
825 	2354 	3878
914
22 	394 	474 	494 	519 	521 	895 	977 	1060 	1298 	1331 	1475 	1502 	1555 	1782 	1893 	1951 	1983 	2059 	2493 	2539 	2846 	2905 	2955 	2956 	3007 	3097 	3255 	3523 	3636 	3686 	3764 	3834 	3900 	3960 	4015 	4157 	4158 	4269 	4530 	4771 	4946
83 	454 	548 	974 	975 	1170 	1569 	1964 	2195 	2709 	3450 	3796 	3859 	4131 	4140 	5029 	5066
1184 	4379 	4715 	5082
4849
1240 	3503
9 	10 	59 	123 	147 	169 	316 	395 	445 	489 	558 	598 	600 	676 	715 	845 	932 	934 	1043 	1270 	1352 	1387 	1400 	1605 	1724 	1813 	1974 	1986 	2242 	2277 	2465 	2489 	2553 	2565 	2599 	2822 	2856 	2901 	3044 	3494 	3501 	3778 	3892 	4023 	4058 	4153 	4167 	4233 	4282 	4324 	4408 	4509 	4553 	4601 	4681 	4712 	4752 	4981 	5056 	5148
431 	569 	616 	721 	724 	746 	752 	1309 	1351 	1464 	1882 	2399 	2479 	2575 	2928 	2936 	3115 	3791 	3971 	4088 	4241 	4404 	5006
4585
1953 	2154 	2333 	2462 	3845
227 	247 	292 	607 	1327 	3071 	3078 	3599 	3913 	4187 	4445 	4676 	4946 	5239
253 	1364 	2057 	2872
4895
4922
3625 	4156 	4465
2056
1070 	3923
1402 	2820 	5052
1036 	1100 	1414 	1563 	2217 	2608 	2698 	2897 	3435 	3839
633 	893 	1347 	3100
442 	3163
3942
226 	1292 	1573 	2884 	4100
226 	287 	497 	750 	1292 	1573 	1838 	2762 	2883 	4100
402 	498 	1294 	2792
324 	4612
59 	187 	573 	648 	1264 	1362 	1485 	1745 	2603 	3095 	3096 	3105 	3338 	3639 	3679 	3789 	3826 	3912 	4581 	4832 	4924 	4925 	5038
1971 	2714 	2859 	4525 	4763 	4779
439 	1267 	1746 	3781
62 	574 	743 	959 	981 	1880 	2490 	3109 	3317 	4471 	4551 	4863
1919 	2671 	3274 	5018 	5069
551 	1626 	2223 	2256 	2584 	4695 	4965
2107 	5150
2210 	4135 	4815
517 	1304 	1328 	1404 	1586 	4914
2054 	2598
1100 	1414 	2879 	3839
2361
5190
186 	5092
9 	10 	123 	147 	316 	407 	445 	527 	558 	598 	676 	843 	845 	932 	934 	949 	1270 	1352 	1400 	1605 	1750 	1813 	1922 	1974 	2178 	2227 	2242 	2277 	2465 	2489 	2499 	2553 	2565 	2606 	2820 	2822 	2867 	3018 	3044 	3238 	3494 	3501 	3738 	3771 	3778 	3892 	4023 	4058 	4153 	4167 	4188 	4233 	4282 	4324 	4408 	4553 	4601 	4681 	4725 	4981 	5056 	5148
1525 	1779 	2105 	2932 	2982 	3123 	3744 	4442
158 	680 	966 	1504 	1969 	2031 	2787 	2796 	3166 	3237 	3273 	4022 	4409 	4488 	4510
4272
22 	394 	474 	494 	519 	521 	895 	977 	1060 	1298 	1331 	1475 	1502 	1555 	1782 	1893 	1951 	1983 	2059 	2493 	2539 	2846 	2862 	2955 	2956 	3007 	3097 	3255 	3523 	3636 	3686 	3764 	3834 	3900 	3960 	4015 	4157 	4158 	4269 	4530 	4771 	4946
113 	683 	912 	1103 	1228 	1296 	1530 	1659 	2158 	2570 	2641 	3046 	3207 	3495 	3499 	3921 	4121 	4599 	4626 	4953 	5060
2293
338 	609 	1380 	1633
2161 	2373 	2693
81 	285 	306 	372 	523 	937 	944 	1166 	1241 	1839 	2602 	2814 	2973 	3335 	3456 	3485 	3587 	4046 	4205 	4293 	4577 	4992
152 	1627 	3134
248 	732 	1275
246 	357 	697 	3201 	3308 	3534 	4282 	4804 	5177
2023 	3697
63 	673 	1018 	1953 	2152 	2654 	2673 	2832 	3076 	3092 	3337 	4026 	4470
200 	303 	499 	706 	896 	1029 	1283 	1308 	2803 	3021 	3061 	3063 	3075 	3477 	3480 	3675 	3794 	3963 	4674 	4936 	4960
254 	543 	545 	662 	751 	755 	757 	998 	1042 	1277 	1324 	1334 	1410 	1526 	1562 	1714 	1915 	2560 	2656 	2668 	2764 	2799 	3490 	3527 	3530 	3531 	3577 	3683 	4490 	4608 	4910 	4913 	4935 	5207
2458
2759
1021 	1089 	4119 	4504
120 	3879 	4592
4222 	4226
1252 	1491 	2507 	2978 	3211 	3506
800 	2859 	3789
1830 	1831 	3006 	3236
2969 	3542 	4275 	4704
2212
431 	569 	616 	721 	724 	746 	752 	1309 	1351 	1464 	1882 	2399 	2479 	2575 	2868 	2936 	3115 	3791 	3971 	4088 	4241 	4404 	5006
1189 	1227 	4526
470
1644 	3271 	4487 	4709
130 	738 	1109 	1779 	1854 	2105 	2902 	3123 	3957 	4745 	4756 	4884 	5027
1534
1826 	2114
1301
431 	569 	616 	721 	724 	746 	752 	1309 	1351 	1464 	1882 	2399 	2479 	2575 	2868 	2928 	3115 	3791 	3971 	4088 	4241 	4404 	5006
2522
907 	4391
761 	5215
1361 	2177 	3458
1781 	2254
3627 	3632
4425
3109
3048 	3049 	4095 	4887
2433
4783
3216 	4738
92 	104 	3434
313 	2651 	2735 	3152
3481
2328 	2422 	4303
149 	2286 	3256 	3611
628 	1501 	1575 	2140 	2376 	3388 	4826 	4892
22 	211 	321 	394 	474 	494 	519 	521 	895 	977 	1060 	1192 	1261 	1298 	1331 	1475 	1502 	1555 	1782 	1893 	1951 	1983 	2059 	2261 	2493 	2539 	2766 	2846 	2848 	2862 	2905 	2956 	3005 	3007 	3097 	3255 	3523 	3636 	3671 	3686 	3764 	3834 	3900 	3913 	3935 	3960 	4015 	4154 	4157 	4158 	4269 	4332 	4530 	4771 	4776 	4892 	4902 	4912 	4946
22 	394 	474 	519 	521 	977 	1060 	1298 	1331 	1475 	1555 	1782 	1951 	1983 	2059 	2493 	2539 	2862 	2905 	2955 	3007 	3097 	3255 	3523 	3636 	3900 	3960 	4015 	4157 	4158 	4530 	4771 	4946
1299 	1693 	2685 	4106
2126 	4986
1712 	3488
3038
31 	164
2774
1472
2714
409 	1455 	1656 	2239 	3104 	4477
5014
70 	467 	589 	961 	1282 	1511 	1662 	2045 	2179 	2210 	2263 	2339 	2350 	2772 	3805 	3813 	4096 	4761 	5216
554 	2119
2926 	3542 	4055 	4131 	4275 	4704
1494
607 	1609 	2115 	3305 	4645
2020 	2617 	3450
1857 	2577 	2602 	2910 	3102
1474
827 	2066 	2714 	4763
314 	725 	4839
691 	3561 	3696 	4244
1252 	1491 	1757 	2507 	2923 	3211 	3212 	3506 	3786
3585 	3662
520 	709 	1435 	3321 	4436
1405 	1641 	4962
1525 	1725 	1779 	2105 	2647 	2902 	3123 	3744 	4257 	4442
3019
306 	1403 	2158
404 	718 	1348 	4894
3492 	4517
1540 	2650
2989
2988
79 	493 	1634 	1754 	2554 	2639 	2695 	2795 	3226 	3479 	4256 	4839
987 	3643 	5235
1575 	3763 	4283
1494
853
2618 	2619
320 	540 	701 	2604 	4689
231 	491 	762 	1290 	1396 	3437 	3755 	4435 	4609 	4762 	4885 	4943 	5196
4939
263 	1802
1675
3181
732 	1796
1592
3609
611 	1260 	1261 	1454 	2143 	2641 	2766 	2955 	3214 	3671 	3967 	4108 	4468 	4532
617 	1489 	1689 	1830 	1831 	2395 	2446 	2484 	2718 	2772 	2925 	3236 	3349 	4091 	4205 	4425 	4759
22 	394 	474 	519 	521 	977 	1060 	1298 	1331 	1475 	1502 	1555 	1782 	1951 	1983 	2059 	2493 	2539 	2862 	2905 	2955 	2956 	3097 	3255 	3523 	3636 	3900 	3960 	4015 	4157 	4158 	4530 	4771 	4946
71 	655 	723 	1073 	1921 	2214 	2287 	2833 	4185
3582
4113 	4361 	4988
151 	2607
1884 	2506 	3219 	4986
634 	990 	2779 	3225 	3803
338 	4097
24
40 	758 	3892 	4214
59 	525 	602 	1387 	1619 	1922 	2047 	3785 	3892 	4233 	4416 	4517 	4553 	4712
281 	588 	771 	806 	1468 	1527 	1750 	1802 	1922 	2227 	2465 	2901 	4324 	4455 	4725 	4798 	5026 	5049
2983
13 	795 	973 	3333 	4987
200 	303 	499 	706 	896 	954 	1029 	1283 	1308 	2803 	2916 	3061 	3063 	3075 	3477 	3480 	3675 	3794 	3963 	4674 	4936 	4937 	4960
380 	789 	1930 	1960 	3378 	4618
399 	435 	1327 	1704 	2073 	3707
1496
261 	3202 	3426 	4127 	4304 	4610 	4629
941 	989 	3462 	3972 	4029 	4420 	4963
3518 	4882
93 	1387 	1986 	2828 	3707
31 	164
961 	2528 	3787
295 	4921 	5218
295 	1260 	1572 	2143 	2243 	3698
4396
2028 	2329 	3200 	3203 	3379 	3413 	4311
2226 	3629 	4764
4351
761 	3258 	5002
2960
1498
1766
1128 	2559 	3929
3288 	3473
1036 	1552
9 	10 	123 	147 	316 	445 	558 	598 	676 	845 	932 	934 	1270 	1352 	1400 	1605 	1813 	1974 	2242 	2277 	2465 	2489 	2553 	2565 	2822 	2867 	2901 	3494 	3501 	3778 	3892 	4023 	4058 	4153 	4167 	4233 	4282 	4324 	4408 	4553 	4601 	4681 	4981 	5056 	5148
1489
1228 	1296 	2906 	3207
2651
2945 	4095 	4887
2945 	4095 	4887
3418 	5124 	5199
1792 	4622 	4738
2443 	3368 	4315 	4587 	4644 	4650 	4727 	4816 	5110
1515 	4198
1448 	1449 	2857 	3204 	3374 	4637
1030 	1420 	1836 	2690 	4009 	4178 	4403 	4533 	5051 	5059
2726 	4791
1031 	1288 	2058
4554
446 	447 	2144 	4115 	4289
97 	4190
200 	303 	499 	706 	896 	954 	1029 	1283 	1308 	2803 	2916 	3021 	3063 	3075 	3477 	3480 	3675 	3794 	3963 	4674 	4936 	4937 	4960
3947
200 	303 	499 	706 	896 	954 	1029 	1283 	1308 	2803 	2916 	3021 	3061 	3075 	3477 	3480 	3675 	3794 	3963 	4674 	4936 	4937 	4960
4053
383 	1601 	1618
4769
891 	945 	2551 	4432 	4641
3
1352 	1616 	1947 	1974 	3156 	3484 	3734 	3957 	3994 	4138 	4533
704 	5069
2 	27 	2229 	2871 	3895
467 	1223 	2052 	2231 	2611 	2783 	2784 	3813 	4073
368 	2464
4252
200 	303 	499 	706 	896 	954 	1029 	1283 	1308 	2803 	2916 	3021 	3061 	3063 	3477 	3480 	3675 	3794 	3963 	4674 	4936 	4937 	4960
129 	304 	1018 	1098 	1203 	1750 	1902 	2598 	2915 	3134 	3830 	4940
35 	339 	2833 	4018
607 	2871 	3986 	4445
4478
240 	786 	2324 	4599
132 	378 	846 	857 	1494 	1697 	2023 	3240 	4773 	5004
85 	1182
102 	1280 	2564 	3393 	4422
367 	401 	749 	813 	1057 	1386 	2603 	3138 	4038
655
671 	1325 	1396 	3437 	4160
2006 	4011 	5173
2630 	2819
2742
2852
736 	1143 	4394 	4834
2654 	2915
2647
1482 	1498 	4127 	4629
2887 	3105
695 	2887 	3105 	3639 	3747 	3951 	3992 	4690 	4834 	4900
22 	394 	474 	494 	519 	521 	895 	977 	1060 	1298 	1331 	1475 	1555 	1782 	1893 	1951 	1983 	2059 	2493 	2539 	2846 	2862 	2905 	2955 	2956 	3007 	3255 	3523 	3636 	3686 	3764 	3834 	3900 	3960 	4015 	4157 	4158 	4269 	4530 	4771 	4946
129 	2116 	2454 	3650 	3704
2249 	2254 	5131
633 	893 	1347 	2880 	3239
1847
1857 	2973
3657
409 	1455 	2965 	3464 	3509
72 	1260 	2887 	3095 	3096 	3657 	3698 	4834 	4900
1485 	3679
4834
5079
574 	1992 	2666 	2890 	2944
3338
654 	2419
3679 	4809
3590
436 	1992 	2287 	4503 	4864 	5197
431 	569 	616 	721 	724 	746 	752 	1309 	1351 	1464 	1882 	2399 	2479 	2575 	2868 	2928 	2936 	3791 	3971 	4088 	4241 	4404 	5006
1457 	1943 	1998 	2036 	2107 	2312 	2418 	2444 	2726 	3198 	4302 	4321 	4457 	4555 	4643 	4819 	5107
1991 	2027 	3158 	3203 	4840 	5112
1457
478 	2176 	3200 	4025
1299
4615
358 	971 	1397 	1428 	2488 	2774 	4940
1525 	1779 	2105 	2902 	2932 	2982 	3744 	4442
130 	186 	464 	492 	548 	1170 	1369 	1428 	2032 	2617 	3450 	4170 	4510 	4517 	4681 	4998
400 	591 	1243 	1625 	2143 	3528 	4162
1342
522 	585 	4536 	4954
135 	1330
548 	777 	1536 	1609 	1655 	3181 	3234 	3312 	3695 	4308 	4362 	5060
401
801 	1174
258 	1361
2577
129 	152 	413 	935 	1203 	1750 	2298 	2911 	3076 	3553
2495
2577
2206 	2723 	5229
194 	367 	401 	2586 	2652 	2813 	3084 	4038 	4647 	4690
2025 	2473 	3176 	4519
2324 	3496 	3655 	3977
892
473 	2586
571 	1117 	4395
2596 	5212 	5222
1120 	1387 	2069 	2626 	3494 	4342
206 	1924 	2243 	2673 	4383
4202 	4889
1689 	1831 	2718 	2859
15 	460
1806 	3179 	3370 	5111
11 	179 	338 	554 	609 	1021 	1088 	1498 	1501 	1575 	2618 	3405 	3759 	4456 	4508 	4769 	4892 	4920
181 	313 	2080 	2651 	2735 	2950 	3728 	4151
1503
1009 	1352 	3540 	4645
1009 	2165 	2679 	3711 	4940 	5098
771 	2474 	3069 	3734
4247 	4249 	4572
195 	823 	1824 	2032 	2318 	2322 	2726 	3117 	3201 	4254 	4311 	4321 	4840
1638 	4116 	4970
129
1117 	4860
3372 	5212
442 	2881
1284 	3420
4182
158 	680 	966 	1504 	1969 	2031 	2787 	2796 	2903 	3237 	3273 	4022 	4409 	4488 	4510
614 	4562
229 	3668
4794 	5111
269 	334 	562 	835 	1366 	1398 	1744 	2021 	2060 	2211 	2755 	3260 	4274
2774
3629
285 	866 	1202 	1368 	3753 	5005 	5074
1227 	3984
927 	2508
2025 	2473 	3139 	3564 	3699 	4114 	4519
304 	1227 	1230 	1844 	2807
433 	4518 	4942
1806 	3150 	3370 	5111
4949
548 	633 	1074 	1234 	1508 	1934 	2054 	2103 	2140 	2154 	2238 	2463 	3001 	3129 	3788 	3988 	4753
3183
3182
659 	2154 	2250 	2251 	2543 	3372 	5206
243 	3853 	4209
1869 	2067 	4113
857
226 	234 	1441
1553
1943 	2184
4307
2220
857 	1014 	1017 	1539 	1585 	2397 	3436 	3880
765
523
656 	968 	984 	1313 	1670 	1739 	1800 	1947 	2272 	3575 	3989 	3994 	4138 	4421 	4494
1012 	1940 	2164
1998 	2107 	2312 	2444 	2726 	3116 	4313 	4457 	4643 	5143
154 	1932
1378 	2027 	2028 	2176 	2344 	3034 	3119 	3203 	3440 	4320 	4730
246 	357 	697 	823 	1792 	1997 	2013 	2195 	2913 	3158 	3203 	3308 	3415 	3534 	4059 	4127 	4264 	4282 	4304 	4321 	4522 	4629 	4630 	4695 	4804 	5177
261 	3025 	3426 	4127
823 	1792 	1824 	1991 	1997 	2027 	2195 	2726 	3034 	3117 	3200 	3201 	4063 	4304 	4321 	4383 	4556 	4629 	4792 	4880 	5112
1448 	1449 	2857 	3054 	3374 	4637
2377 	4350 	4636 	4730 	5108 	5151
94 	410 	1271 	1574 	3232
113 	683 	759 	912 	1103 	1228 	1296 	1530 	2158 	2466 	2664 	2906 	3046 	3495 	3833 	4121 	4467 	4953 	5060
3529
834 	4934
1009 	5106
1252 	1491 	2139 	2507 	2734 	2923 	2978 	3506 	3786 	4474 	4652
1757 	2978
1678
1454 	3005
1297 	1727
2027 	2329 	2726 	2948 	4738 	5104
744 	1653
837 	3896 	4589 	4920
1821 	2313 	3012 	4317 	4986
4362 	4492 	4769
2231 	2784 	3233 	3812
345
3379 	4063 	4134 	4136
831
61 	990 	1275 	3013 	3227 	3229 	3230 	4620
2990 	4256
990 	1275 	3225 	3230
3828
61 	990 	3225 	4620
990 	1275 	3225 	3227
1101 	2716 	4927 	4938
94 	410 	1271 	3206
778 	2171 	2784 	3221 	3463 	3887
3129
776 	2025 	2473 	3564
1830 	1831 	2925 	3006 	4351
158 	680 	966 	1504 	1969 	2031 	2787 	2796 	2903 	3166 	3273 	4022 	4409 	4488 	4510
527 	558 	843 	845 	949 	1605 	1974 	2178 	2465 	2499 	2553 	2606 	2820 	2901 	3738 	3771 	4188 	4324 	5056
767 	900 	2162 	3100
710 	3081 	3642 	3860
23 	3448 	4104
1266
59 	359 	600 	2491 	4233 	4614
99 	373 	539
373 	539
3687
1130 	1160 	4957
788 	805 	4799 	5092 	5141 	5206 	5218
4042
295
1727 	2714 	4529
2761
2833 	3605 	4209
2056 	2482 	2483 	3886
22 	394 	474 	494 	519 	521 	895 	977 	1060 	1298 	1331 	1475 	1502 	1555 	1782 	1893 	1951 	1983 	2059 	2493 	2539 	2846 	2862 	2905 	2955 	2956 	3007 	3097 	3523 	3636 	3686 	3764 	3834 	3900 	3960 	4015 	4157 	4158 	4269 	4530 	4771 	4946
149 	2286 	2953
1786 	2859 	4499
596 	761 	790 	843 	1974 	2105 	2677 	2721 	3037 	3402 	4282 	4719 	5002
4829
269 	3170
1218 	1432 	2047 	2291 	2379 	3590 	3992 	4357 	4642
1432 	2379
2615 	3263 	4472
3335 	3601 	3970 	5053
985 	1019 	1187 	1403 	2542 	3364 	3949
1173 	5118
1921 	3342
237 	1585 	2225 	2465 	3306 	3746 	3771
1585 	3746 	3771
190 	679 	2707 	4489 	4652 	4696 	5076
1644 	2931 	4487 	4709
4884
158 	680 	966 	1504 	1969 	2031 	2787 	2796 	2903 	3166 	3237 	4022 	4409 	4488 	4510
1021 	1856 	2117 	2361 	2891 	4086 	5069
2501
248 	1275 	4584
161 	976 	2729 	3842 	3913
2699 	5206 	5213
4086
111 	532 	2652 	3954 	4147 	4999
325 	1632 	3740
904 	4896
534 	2082 	2209 	3503
1485 	3347 	3825
3347 	4425 	4923
127 	935 	1598 	2470 	2511 	2632 	3588 	4810
531 	1856
3042 	3473
429
455
156 	4781
1394 	2475 	2518
432 	716 	907 	1601 	1784 	2603 	2610 	4820 	4973
3680
1247 	4838
1944 	2051
1159 	2715 	3931
1879 	2037 	2259
1193 	1459 	2335
3463 	4087
1316 	3741
4988
1979 	2467 	3463
3347 	3356 	3439
1609 	1716 	2971
237 	1585 	2225 	2465 	3268 	3746 	3771
34 	633 	1427
246 	357 	697 	2913 	3201 	3534 	4282 	4804 	5177
55 	115 	1375 	1438 	1643 	1833 	1834 	1874 	1921 	1959 	3346 	3946 	3964 	4969
38 	2414 	3730
127 	1692 	2511 	4810
3129
288
2077
620 	3938
1009 	2706 	3463 	4646
62 	2890 	4471
476 	493 	1634 	1986
31 	250 	379 	1224 	1337 	1374 	1422 	2111 	2295 	2666 	4077 	4361
4219
709 	1112 	1142 	1435 	2071 	2230 	2980 	4436
1935 	3903
466 	2376 	2702
1489 	4092
113 	2694 	3955
3875
2784
1247 	1634 	4517
941 	4075 	4551
487 	732 	4894
675
1565
795 	3020
401
279 	367 	401 	937 	2910 	3264 	3970 	4657
1067 	4070
63 	120 	379 	440 	1209 	2915 	3400 	4165 	4207 	4768 	5241
59 	548 	648 	1264 	1745 	1911 	1976 	2843 	2887 	3110 	3393 	3789 	3826 	3912 	4077 	4387 	4551 	4581 	4832 	5038
403 	715 	929 	1866 	1869 	3581
1587 	1965 	2353 	3930
78 	1936 	2133 	4152 	4292
1921 	3267
3503
2331 	2343
152 	1795
55 	115 	1375 	1438 	1643 	1833 	1834 	1874 	1921 	1959 	3309 	3946 	3964 	4969
178 	695 	1473 	1485 	3284 	3285 	3304 	3356 	3439 	3679 	3771 	3825 	4029 	4041 	4425 	4710 	4923
114 	346 	3351
455 	617 	856 	1087 	1262 	1448 	1493 	1689 	1831 	2362 	2446 	2718 	3006 	4003 	4171 	4205 	4678 	4759 	4947
3809
114 	227 	346 	727 	938 	1396 	1471 	2631 	3348 	3698
1991 	4133 	4321 	4738
240 	1138 	2544 	2836 	3904 	4455
1810 	5104
1941
574 	644 	1226 	1544 	1608 	1651 	3304 	3347 	3439 	3959 	5147 	5197
1845 	4129
216 	1050 	3665 	3980 	4689
1576 	3590
209
2331
1096
41 	1927 	2249 	2253 	3515
1019 	2542 	3265
2249 	2254
841 	2248 	5144
3450 	4062 	4610
2443 	3052 	4315 	4587 	4644 	4650 	4727 	4816 	5110
2726 	5105
1806 	3150 	3179 	5111
2271
107 	659 	3162 	3184 	4310 	5212
2774 	3924 	4775
1448 	1449 	2857 	3054 	3204 	4637
2210 	4306 	4818
2186 	3503
2210 	4306
789 	3022 	4618
1450 	2028 	2130 	3034 	3223 	3413 	4134 	4311
373
2586
469 	4237 	4665 	4966
1985 	4959
2186
845
432 	907 	1929 	1986 	4920
185 	930 	4774 	5181
2954
173 	511 	3635
42 	749 	814 	4194 	4778
628 	684 	1228 	2140 	2158 	2324 	2562 	2722 	3722 	5142
4419 	4493
88 	801 	2111 	3083 	3338 	3828 	4077 	4139 	4422 	4543 	4734 	4988
165 	2577
443 	1976 	2433 	4881
1196 	2686
2439
1480 	2278
16 	171 	707 	1797 	2676 	2855
120 	3337 	4599
4492
761 	843 	1974 	2721 	3258
229
1197 	1342 	3607
458 	720 	1300 	1498 	1740 	2836 	3151 	4344 	4920
1494 	1724 	2023 	2755
205 	1087 	4196 	4797 	4990
888 	907
4664
2014 	3672
1363 	2738 	3630
572 	728 	4021 	4932
133 	2028 	2329 	3034 	3379 	4350
37 	1706 	2754 	3452
3201 	4304
4318
807 	1597
3050 	5124 	5199
1950 	3493
1284 	3164 	5034
36 	3713 	3891 	4829
2017 	4044 	4536 	5042
2447
937 	2582
4962
155 	261 	427 	636 	1001 	1352 	1369 	2211 	2578 	2809 	3025 	3202 	3690 	4127 	4230 	4580 	4695
1369
2639 	5049
338
3682
4354 	4971
896 	1283 	1438 	2647
1867 	4102
92 	104 	382 	590 	2137 	2181 	2678 	2949 	4742
17 	255 	592 	720 	1414 	1768 	2039 	2122 	2217 	2608 	2879 	3466 	4653 	4890
2397 	3193 	3880
231 	491 	762 	928 	1290 	1325 	1396 	2647 	2997 	3086 	3755 	4160 	4435 	4609 	4762 	4885 	4943 	5196
1245 	2509
3304 	3347 	3356
1378 	3200 	4730
1442 	1869 	3751
3788
4841
4508
285
2210 	4064 	4306 	4818
83 	548 	737 	1051 	1955 	2084 	2198 	2513 	5060
23 	828 	936 	2456 	2634 	3241 	4104 	5021
1884 	4976
83 	133 	454 	548 	974 	975 	1001 	1170 	1569 	1964 	2195 	2304 	2617 	2709 	2863 	2972 	3124 	3367 	3690 	3796 	3859 	4131 	4140 	4206 	4610 	4836 	4884 	5029 	5066
2413 	5174
37 	1706 	2754 	2797 	3414 	5153
78 	428 	1239 	1936 	2200 	4824 	5123
48 	4611
2354
81 	2910
1694 	3992 	4642
1361 	2177 	2940
650 	871
3861
799
941 	989 	3026 	3972 	4029 	4420 	4963
232 	849 	1238 	1979 	2467 	3233 	3300 	3303 	3316 	4276 	4482 	4483 	4549
3104 	3509
741
720 	1414 	1435 	1599 	1818 	1972 	2355 	2412 	3435 	3629
2773
633 	1683 	2142 	2307 	3788 	5192
523 	1101 	1848 	4927
1800 	2096 	4521 	5020
326 	672 	1767 	1869 	2716 	3854 	3855 	3961 	4113 	4361 	4422 	4662 	4988
2530 	4372 	5011
3042 	3288
3679
489
1593 	2240 	3498 	3602
200 	303 	499 	706 	896 	954 	1029 	1283 	1308 	2803 	2916 	3021 	3061 	3063 	3075 	3480 	3675 	3794 	3963 	4674 	4936 	4937 	4960
703
493 	1634 	1754 	2639 	2795 	2990
200 	303 	499 	706 	896 	1029 	1283 	1308 	2803 	2916 	3021 	3061 	3063 	3075 	3477 	3675 	3794 	3963 	4674 	4936 	4960
2951
472 	2042
2497 	3725 	4869
3069
2910 	3587
1770 	2579
961 	2528
1712 	2959 	3809
2666 	4589
254 	543 	545 	662 	751 	755 	757 	998 	1042 	1277 	1324 	1334 	1410 	1526 	1562 	1714 	1915 	2560 	2656 	2668 	2764 	2799 	2917 	3527 	3530 	3531 	3577 	3683 	4490 	4608 	4910 	4913 	4935 	5207
83 	1369 	4206 	4391
1559 	2282 	2367 	2424 	2425 	2986 	3717 	4517 	4870
465 	855 	1338 	1467 	1563 	1741 	1950 	1968 	2050 	2321 	2358 	2774 	3419 	3524 	4511 	4753
9 	10 	59 	123 	133 	147 	316 	445 	558 	598 	600 	676 	845 	932 	934 	1009 	1162 	1270 	1352 	1387 	1400 	1605 	1813 	1974 	1986 	2069 	2242 	2277 	2332 	2408 	2465 	2489 	2553 	2565 	2626 	2714 	2822 	2867 	2901 	3044 	3145 	3501 	3778 	3890 	3892 	4023 	4058 	4153 	4167 	4233 	4282 	4324 	4342 	4393 	4408 	4452 	4475 	4517 	4553 	4601 	4614 	4681 	4981 	5046 	5056 	5148
1103 	1228 	1530 	2321 	2906 	3207 	3499
2324 	3140 	3655 	3977
542 	696 	1319 	2481 	4159 	4381 	5080
1593 	2240 	3476 	3602
1103 	1530 	2321 	2906 	3495
1210
9 	10 	123 	147 	316 	445 	558 	598 	676 	845 	932 	934 	1270 	1352 	1400 	1605 	1813 	1974 	2242 	2277 	2465 	2489 	2553 	2565 	2822 	2867 	2901 	3044 	3494 	3778 	3892 	4023 	4058 	4153 	4167 	4233 	4282 	4324 	4408 	4553 	4601 	4681 	4981 	5056 	5148
831
276 	593 	1240 	1435 	2186 	2866 	3283 	3343 	3376 	3665
5186 	5187
4439 	5045
1252 	1491 	2507 	2562 	2923 	2978 	3211
493 	1088 	1425 	1562 	1634 	2186 	2795 	4839
1393 	2021 	2379
3104 	3464
1953 	2086 	2250 	2547 	4378 	5147
1978 	2244 	4623 	5121
46 	58 	87 	214 	363 	785 	933 	1415 	1673 	2824 	3596 	3608 	3735 	3792 	3939 	4542 	4583
2023 	5138
840 	2723
1896 	1927 	2253 	2254 	3363 	4312 	4430
523 	2671 	3566 	3845 	4373
392 	830 	1522 	3638
3027 	3731 	4882
599 	1149 	1207 	2848 	4456
285
146 	1036 	4941
2275 	2276 	4123
22 	394 	474 	494 	519 	521 	895 	977 	1060 	1298 	1331 	1475 	1502 	1555 	1782 	1893 	1951 	1983 	2059 	2493 	2539 	2846 	2862 	2905 	2955 	2956 	3007 	3097 	3255 	3636 	3686 	3764 	3834 	3900 	3960 	4015 	4157 	4158 	4269 	4530 	4771 	4946
855 	2321 	2358 	3493
2544 	2837 	4438
1146 	3969 	4793
254 	543 	545 	662 	751 	755 	757 	998 	1042 	1277 	1324 	1334 	1410 	1526 	1562 	1714 	1915 	2560 	2656 	2668 	2764 	2799 	2917 	3490 	3530 	3531 	3577 	3683 	4490 	4608 	4910 	4913 	4935 	5207
2143 	3125
3208
254 	543 	545 	662 	751 	755 	757 	998 	1042 	1277 	1324 	1334 	1410 	1526 	1562 	1714 	1915 	2560 	2656 	2668 	2764 	2799 	2917 	3490 	3527 	3531 	3577 	3683 	4490 	4608 	4910 	4913 	4935 	5207
254 	543 	545 	662 	751 	755 	757 	998 	1042 	1277 	1324 	1334 	1410 	1526 	1562 	1714 	1915 	2560 	2656 	2668 	2764 	2799 	2917 	3490 	3527 	3530 	3577 	3683 	4490 	4608 	4910 	4913 	4935 	5207
2574 	3568 	4453
1869
246 	357 	697 	2913 	3201 	3308 	4282 	4804 	5177
328 	1009 	1638 	2528 	4701
1649
5047
2220
221 	1839
3154 	4050 	4645
1284 	1509
2926 	2969 	4275 	4704
4858
54 	1327 	2702 	3637 	3648 	4855
316 	4282 	4639
878 	2018
1671
4143 	4736
145 	241 	257 	827 	1869 	2066 	2714 	3751 	3958 	4209 	4581 	4763 	5221 	5233
744 	4633
1747 	3602 	3762 	4410
2586
129 	142 	935 	1750 	1953 	2298 	2462 	3134 	4387 	5206 	5237
1048
2563
419 	1871 	1970 	1973 	2390
667
956 	4463
4920
1921 	4211 	4977
2977
159
4714 	4975
2473 	3176 	3235 	3699 	4114
116 	360 	581 	773 	1919 	2671
523 	1311 	2671 	3516 	4504
1280 	4280
304 	2574 	3532 	3970 	4453 	4791
2285
4538
2160 	4474 	5202
991 	2841
847
2634 	5203
656 	984 	1313 	1670 	1800 	1947 	2272 	3196 	3994 	4138 	4176 	4412 	4494 	4596
397 	1840 	4280
254 	543 	545 	662 	751 	755 	757 	998 	1042 	1277 	1324 	1334 	1410 	1526 	1562 	1714 	1915 	2560 	2656 	2668 	2764 	2799 	2917 	3490 	3527 	3530 	3531 	3683 	4490 	4608 	4910 	4913 	4935 	5207
4455 	5083
1152 	1376
1126 	1578 	1768 	3729
403 	715 	929 	1866 	1869 	3339
62 	137 	268 	663 	981 	1717 	3009 	4867 	5200
4988
388 	1129 	1185 	1654 	3997
2979 	3662
1598 	1902 	2462
81 	372 	2910 	3485
127 	935 	1144 	1598 	1902 	2462 	2511 	2642 	3286 	3941
217 	1489 	2718
972 	1576 	2291 	2639 	3113 	3261 	3359 	3992
2555 	4354 	4971
4425
547 	1378 	1534 	1802 	2340 	2807 	3633 	4876
1052 	1054 	4904
856 	1809
46 	58 	87 	214 	363 	785 	933 	1415 	1673 	2824 	3512 	3608 	3735 	3792 	3939 	4542 	4583
1539
630
227 	247 	2871 	4946
936 	1297
957 	1600 	3264 	3665 	4695
332 	461 	1593 	1737 	1747 	2240 	3476 	3498 	3551 	3762 	4410 	4929 	5170
3962 	4746 	4962
264
137 	725 	1476 	1498 	1719 	2833 	2836 	3253 	3660 	3693 	3910 	4209 	4493 	4839
1127 	2484 	4177
1197 	1342 	3404
46 	58 	87 	214 	363 	785 	933 	1415 	1673 	2824 	3512 	3596 	3735 	3792 	3939 	4542 	4583
3004
2287 	4392
2953
3648
2186
1102
2433 	4181 	4295
574
1276 	4892 	4921
4921
21 	1114
932 	2242 	4167 	4681
1389 	3690 	3956
880
720 	775 	894 	1113 	1345 	1497 	1571 	1907 	2090 	2267 	2556 	3867 	3907 	4184 	4192 	4413 	4479 	4542 	4570 	4735
1953
2729 	2875 	3913 	4156 	4465
4424
2942 	3632
960 	4687 	4964
211 	558 	829 	913 	916 	1016 	1719 	2226 	2270 	2848 	3035 	3172 	3466 	3801 	3935 	4233 	4443 	4448 	4597 	4645 	4764 	4912 	5120 	5173
1363 	2738 	3411
621 	4282 	5180
202 	203 	331 	955 	1594 	2942 	3627 	3869 	4251 	4452 	4600
2340 	3593 	3799 	5232
2033
173 	511 	1575 	3389
22 	394 	474 	494 	519 	521 	895 	977 	1060 	1298 	1331 	1475 	1502 	1555 	1782 	1893 	1951 	1983 	2059 	2493 	2539 	2846 	2862 	2905 	2955 	2956 	3007 	3097 	3255 	3523 	3686 	3764 	3834 	3900 	3960 	4015 	4157 	4158 	4269 	4530 	4771 	4946
1327 	1501 	3544 	4892
392 	830 	1522 	3517
187 	2887 	3096
925 	1280 	1456
1021
3240
987 	2991 	5235
2112
901 	4221 	5030
194 	941
865 	983 	1075 	2505 	3661 	3723 	3857 	4131 	4465
513 	1418 	2387 	2702 	2851 	3544 	3612 	3992 	4027
1072
129 	2116 	2454 	3098
292
1310 	1424
870 	1406 	1840
2701 	2749 	3874
628 	1506 	2324 	2729 	3140 	3496 	4826
2697 	4663
1106 	1260 	3103 	3105 	4425 	4923
762 	928 	1832 	2800 	3968
730 	1104 	1124 	1840 	2224 	3659 	3667 	3901 	4125 	4731
284 	908 	1280 	2666 	2833 	3605 	4048 	4105 	4280 	4363 	4422 	4888
865 	983 	1075 	2505 	3647 	3723 	3857 	4131 	4465
2979 	3585
707
502
216 	1050 	1600 	1903 	2315 	2495 	2640 	3358 	3503 	3601 	3980 	4454 	4540 	4695
1533
730 	3659 	4125 	4731
229 	3168 	3995 	5093
581
4728
1261 	2766 	2955 	3005
2014 	3410
4174
2569
200 	303 	499 	706 	896 	954 	1029 	1283 	1308 	1409 	2803 	2916 	3021 	3061 	3063 	3075 	3477 	3480 	3794 	3963 	4674 	4936 	4937 	4960
1231 	1568 	2241 	2415 	2750 	4028 	4958 	5099
781 	2486 	4962
1260
1351 	1485 	2887 	3106 	3112 	3347 	3474 	3765 	3825 	4809
950 	1474 	2296 	3294 	4755
4001
418 	1675 	3430 	4908
254 	543 	545 	662 	751 	755 	757 	998 	1042 	1277 	1324 	1334 	1410 	1526 	1562 	1714 	1915 	2560 	2656 	2668 	2764 	2799 	2917 	3490 	3527 	3530 	3531 	3577 	4490 	4608 	4910 	4913 	4935 	5207
2322
1476 	5057
22 	394 	474 	494 	519 	521 	895 	977 	1298 	1331 	1475 	1555 	1858 	1893 	1951 	1983 	2059 	2301 	2322 	2493 	2846 	2862 	2905 	2955 	3097 	3255 	3523 	3636 	3764 	3834 	3960 	4015 	4158 	4269 	4460 	4493
3246
121
1563
155 	427 	548 	636 	777 	1001 	1170 	1352 	1369 	1801 	2211 	2304 	2452 	2567 	2578 	2809 	2826 	3426 	3450 	3621 	4127 	4375 	4580 	4695 	4698 	4940 	5047
335 	1180 	1616 	4546
2238
484 	582 	822 	1258 	2243 	2574 	3605 	3764 	4493
534 	1565 	1934 	2123 	2676 	4540 	4579 	4692 	4821
3129 	4811 	5053
2977
2023 	2914
304 	727 	1260 	1552 	1572 	2143 	2598 	2631 	3032 	3105 	3351 	4791 	4892 	4928
59 	600 	2473 	3176 	3564 	4114 	4233 	4614
471 	4349
1021
71 	4154
2235 	4250
3098
2290 	2338
631 	2476 	4899
93 	399 	1327 	1387 	1490 	1646 	1704 	1986 	2828 	3023 	3028 	4078 	4299
457 	1305
595
4841
567 	1179 	2679 	3155 	4511 	5098
5098
36 	3421 	3891 	4829
510 	1902 	1995 	3945 	4575
2475 	2693
842 	4786
3492
994 	1089 	1559 	2635
1708
1473
2786 	4588
1906 	2158 	2324 	3391
983 	1075 	3647 	3661
204 	1684 	1737 	1996 	2364 	2441 	2629 	3758 	4131
251 	722 	2040 	2497 	3483 	4869 	5050
2774 	3816
457
181 	3152
3580
38 	3310
3518
180 	287 	450 	690 	750 	1049 	1848
701 	2510
1730 	2047 	3069 	3156
46 	58 	87 	214 	363 	785 	933 	1415 	1673 	2824 	3512 	3596 	3608 	3792 	3939 	4542 	4583
418 	3737
418 	1589 	3736
527 	843 	1974 	2178 	2499 	2606 	2901 	3238 	4324
3993 	5101
325 	1355 	1632 	2270 	2545 	2644 	3281 	4540 	4767
1316 	3301
845 	2032 	4955
2811 	3916 	4705
1525 	1779 	2105 	2902 	2982 	3123 	4442
867 	2659
9 	138 	147 	237 	329 	558 	1478 	1585 	1724 	2225 	2408 	2465 	2489 	2673 	3268 	3269 	3306 	3771 	3957 	4233 	4553 	5027
695 	3096 	3951
623
1101 	2083 	2526 	4248
725 	2495 	4831
280 	1442 	1865 	1869 	1986 	2067 	2833 	2845 	3441 	3549 	4113
133 	725 	920 	2495
285 	866 	1202 	1368 	3173 	5005 	5074
1008
231 	491 	762 	1290 	1396 	2997 	3437 	4435 	4609 	4762 	4885 	4943 	5196
2137 	2322 	2618
76 	4438
204 	1684 	1737 	1996 	2441 	2629 	3724 	4131
57 	554 	1052 	1121 	1331 	2116 	3151 	4743
2137 	2618 	4323
2138 	2202 	4513
332 	461 	1737 	3551 	3602 	4929 	5170
2992
22 	394 	474 	494 	519 	521 	895 	977 	1298 	1331 	1475 	1555 	1893 	1951 	1983 	2059 	2493 	2574 	2846 	2862 	2905 	2955 	3097 	3255 	3523 	3636 	3686 	3693 	3834 	3960 	4015 	4158 	4269 	4493
1351 	1391 	1485 	3679 	4809
111 	922
2139
1489 	2718 	4425 	4759
1498 	4629
4699 	4759
9 	84 	133 	147 	178 	237 	291 	558 	682 	949 	1395 	1473 	1478 	1585 	1605 	1672 	1724 	1974 	2207 	2225 	2332 	2465 	2553 	2586 	2648 	2673 	2813 	2820 	2901 	3238 	3268 	3269 	3306 	3347 	3746 	4019 	4029 	4117 	4188 	4233 	4324 	4553 	4700 	5056
1724
122 	351 	919 	3962 	4746
1689 	1696 	1831 	2484 	2600 	4201 	4436 	4782
43 	1975 	2534 	4694
1622 	4185
1759 	4008
9 	10 	123 	147 	316 	445 	558 	598 	676 	845 	932 	934 	1205 	1270 	1352 	1400 	1605 	1813 	1974 	2242 	2277 	2465 	2489 	2553 	2565 	2585 	2822 	2867 	2901 	3044 	3494 	3501 	3892 	4023 	4058 	4153 	4167 	4233 	4282 	4324 	4408 	4553 	4601 	4681 	4981 	5056 	5148
1606
237 	486 	488 	1418 	2387
439 	720 	1267 	1746 	2889
1976 	4340
5095
4185
1922 	3017
2734 	2978 	3211
961 	1072 	1372 	2528 	3030 	4168
633 	1683 	2142 	2307 	3181 	3442 	3468 	5192
217 	800 	941 	952 	979 	1489 	2718 	2859 	2887 	2924 	3338 	4075 	4551 	4581 	4968
888 	907
431 	569 	616 	721 	724 	746 	752 	1309 	1351 	1464 	1882 	2399 	2479 	2575 	2868 	2928 	2936 	3115 	3971 	4088 	4241 	4404 	5006
46 	58 	87 	214 	363 	785 	933 	1415 	1673 	2824 	3512 	3596 	3608 	3735 	3939 	4542 	4583
4975
200 	303 	499 	706 	896 	954 	1029 	1283 	1308 	2803 	2916 	3021 	3061 	3063 	3075 	3477 	3480 	3675 	3963 	4674 	4936 	4937 	4960
490 	702 	883 	884
83 	454 	548 	974 	975 	1170 	1569 	1964 	2195 	2709 	2863 	3450 	3859 	4131 	4140 	5029 	5066
1240
3856 	3942 	5179
1429 	3633 	4975 	5232
504
829 	913 	3629 	5120
384 	2383
634 	3013
198 	424
70 	589 	2339 	2350 	2967
2198 	4975
1232 	1771 	2319 	2752
1062 	1356 	3898 	5016
3350 	3488
4940
890 	1179 	1722 	2137 	2635 	5236
3221
467 	589 	1511 	2045 	2179 	2299 	2967 	3072 	3882 	4073 	4185 	5216
4600
1566
82 	1304 	1328 	1404 	2774 	3726
2334
1851
2064
987
1553 	4122 	4247
1036 	1038 	5106
6 	2219 	4948 	5098
943 	1702 	1897 	2088 	2676
1485 	3284 	3347 	3679 	4041
1745 	2887 	3338
2354 	2859 	4095 	4154 	4887
135 	371 	1584 	3228 	3393
1319
129 	673 	1953 	3076 	4516 	4547
992 	1565 	1648 	2185 	4675
1958
759 	3207
22 	394 	474 	494 	519 	521 	895 	977 	1298 	1331 	1475 	1555 	1893 	1951 	1983 	2059 	2493 	2846 	2862 	2905 	2955 	3097 	3255 	3523 	3636 	3686 	3764 	3960 	4015 	4158 	4269
2760 	5186
1563
350 	1278 	2653 	2780 	4189 	4282 	5239
1031 	2058 	3889
1100 	1414 	2879 	2897
4784
2146 	4474 	4557
976 	3277
3873
199 	1059 	2486 	5174
142 	1953 	2333 	2870 	3516 	4387
57 	633 	4406 	4565
2427
1217 	1479 	1613 	2852
1009
4055 	4060 	4493
0
778 	779 	1234 	1818 	1870 	4313 	4321
3185 	4209
108 	396 	719 	1385 	1604 	1767 	2716 	3471 	4110 	4645 	4662
2716 	3471 	4662
3798 	3942 	5179
2505 	3647 	3661 	4465
4553 	5155
83 	454 	548 	974 	975 	1170 	1569 	1964 	2195 	2709 	2863 	3450 	3796 	4131 	4140 	5029 	5066
3240 	5049
3460
2459 	2460
391
139 	3873 	4161
2324
3992
720 	775 	894 	1113 	1345 	1497 	1571 	1907 	2090 	2267 	2556 	3623 	3907 	4184 	4192 	4413 	4479 	4542 	4570 	4735
1436
955 	1594 	3632
646
1559
1512 	4619
132 	139 	562 	637 	857 	1021 	1429 	1856 	2023 	3843 	3864 	3880 	4161 	4714 	4820 	5004
2701 	2749 	3654
3326 	3996
3998 	5089 	5100 	5201 	5210
917 	4282 	4998 	5177
825 	2354 	2859 	2860
120 	2921 	4592
562 	585 	1432 	1539 	1961 	2021 	2397 	2552 	3193 	3436 	3873
492 	2517 	4137
2179 	2299 	3813 	4185
235
941
1256 	3981
1524 	2056 	2482 	2483 	3254
3233
330
1031 	2058 	3838
1009 	2061 	2714 	3494
36 	735 	1240 	3421 	3713 	4829
9 	10 	40 	123 	147 	191 	316 	445 	558 	598 	676 	845 	932 	934 	1247 	1270 	1352 	1387 	1400 	1605 	1619 	1813 	1964 	1974 	2047 	2172 	2242 	2277 	2465 	2478 	2489 	2553 	2565 	2809 	2822 	2867 	2901 	3016 	3017 	3044 	3494 	3501 	3778 	4023 	4058 	4153 	4167 	4233 	4282 	4304 	4324 	4408 	4517 	4553 	4601 	4681 	4712 	4835 	4981 	5056 	5148 	5149 	5184
564 	1088 	1192 	2833 	4068 	4209 	4776 	4839
2577
2 	3071 	4915
310 	1280 	3218 	4589
2764 	4729 	4944
1062 	1356 	3808 	5016
1501
22 	394 	474 	519 	521 	977 	1060 	1298 	1331 	1475 	1555 	1782 	1951 	1983 	2059 	2493 	2539 	2862 	2905 	2955 	2956 	3007 	3097 	3255 	3523 	3636 	3960 	4015 	4157 	4158 	4530 	4771 	4946
2224 	3659
2284
1935 	3322
2836 	3353 	4455
5012
336 	375 	1541 	2405 	2810
720 	775 	894 	1113 	1345 	1497 	1571 	1907 	2090 	2267 	2556 	3623 	3867 	4184 	4192 	4413 	4479 	4542 	4570 	4735
4163 	4827
1532 	4850
3605 	4839
4796
1264 	2887 	3338
125 	161 	292 	733 	861 	1521 	2261 	2336 	2618 	2711 	2729 	2871 	2955 	3277 	3625 	4711
1230 	2603 	3961 	4645 	4651
1501
696 	2804 	2811 	3743
1570 	4828
649 	2558
2180
2180
3 	152 	770 	2158 	2906 	4626 	4656 	5060
2471 	4635 	4740
1070 	2877
2774 	3373 	4775
1189 	1227 	2711 	4441
1715 	2660 	4897
1584
734 	1030 	1420 	1629 	1695 	1836 	1947 	2690 	4533 	4995 	5051
2559 	3041
1596 	1965 	3340
1159 	2715 	3297
1263 	4972
281 	5049
742 	2761 	4737
211 	321 	2848 	2955 	3629 	4776 	4912
556 	2614 	4113 	4988
801
620 	3315
46 	58 	87 	214 	363 	785 	933 	1415 	1673 	2824 	3512 	3596 	3608 	3735 	3792 	4542 	4583
2274
3588
2882 	3798 	3856 	5179
2495
25 	39
510 	3714
55 	115 	1375 	1438 	1643 	1833 	1834 	1874 	1921 	1959 	3309 	3346 	3964 	4969
3062
2237 	2717
985 	1187 	1403 	3265
2021 	2379
695 	1744 	3096 	3747
995 	2840
1110 	2021
111 	532 	2652 	3280 	4147 	4999
113 	2694 	3325
508 	1272 	1389 	3621
83 	130 	738 	974 	1109 	1352 	1369 	1616 	1854 	1947 	1974 	2054 	2420 	2932 	3069 	3746 	3994 	4138 	4533 	4744 	4745 	4756 	4865 	4884 	5027
145 	3549
1226 	3356
22 	394 	474 	494 	519 	521 	895 	977 	1060 	1298 	1331 	1475 	1502 	1555 	1782 	1893 	1951 	1983 	2059 	2493 	2539 	2846 	2862 	2905 	2955 	2956 	3007 	3097 	3255 	3523 	3636 	3686 	3764 	3834 	3900 	4015 	4157 	4158 	4269 	4530 	4771 	4946
124 	283 	409 	1015 	2603 	3471 	3914 	4246 	4477 	4645
44 	120 	122 	351 	379 	389 	640 	919 	1020 	1222 	3603 	3773 	4047 	4520 	4746 	4962
200 	303 	499 	706 	896 	954 	1029 	1283 	1308 	2803 	2916 	3021 	3061 	3063 	3075 	3477 	3480 	3675 	3794 	4674 	4936 	4937 	4960
55 	115 	1375 	1438 	1643 	1833 	1834 	1874 	1921 	1959 	3309 	3346 	3946 	4969
318 	1240 	2683 	4476
204 	4337 	4571
1260 	3005 	4108
762 	928 	2800 	3658
988 	1146 	3526 	4093 	4710 	4793
3264 	3335 	3568
431 	569 	616 	721 	724 	746 	752 	1309 	1351 	1464 	1882 	2399 	2479 	2575 	2868 	2928 	2936 	3115 	3791 	4088 	4241 	4404 	5006
941 	989 	3026 	3462 	4029 	4420 	4963
367 	401 	4669
338
4237
1601 	2073 	2174 	4089 	4820
2324 	3140 	3496
1818 	1934 	2671 	2774 	2813
1656 	4155
216 	1050 	3358 	3665 	4689
988 	1256 	1426 	2295 	3885 	4011 	4425 	4747
2755
965 	2711
147 	1227 	2598 	3174 	4445
459 	1212 	2695
3078
673 	4898
2140 	3181
656 	968 	984 	1313 	1670 	1739 	1800 	1947 	3196 	3994 	4421
1891 	2426 	2503
165 	4526
278 	513 	707 	924 	972 	1418 	1432 	1507 	1694 	2379 	2387 	2487 	2553 	2639 	2671 	2790 	3096 	3261 	3457 	3590 	3648 	3866 	4416 	4642 	4690 	4830
3739 	5101
656 	968 	984 	1313 	1352 	1616 	1670 	1739 	1800 	1947 	1974 	2272 	3069 	3196 	3575 	3957 	3989 	4138 	4421 	4494 	4533
3668 	5093
240 	698 	2477 	3875 	4384
388 	1129 	1185 	1654 	3584
3876 	5089 	5100 	5201 	5210
1913
794 	1668 	2011 	4336 	4338 	4708
3681
285 	696 	2811 	4223
1448 	1691 	1831 	3349
5081
5220
4721 	4956
5086
1135 	1759 	3777 	4564 	4799
1030 	1420 	1836 	2690 	3055 	4178 	4403 	4533 	5051 	5059
4536
2295 	3087 	3981 	5173
4635
854 	1320 	4014 	5165
421 	854 	1320 	4013 	5165 	5223
22 	394 	474 	494 	519 	521 	895 	977 	1060 	1298 	1331 	1475 	1502 	1555 	1782 	1893 	1951 	1983 	2059 	2493 	2539 	2846 	2862 	2905 	2955 	2956 	3007 	3097 	3255 	3523 	3636 	3686 	3764 	3834 	3900 	3960 	4157 	4158 	4269 	4530 	4771 	4946
1869 	4113
1255
35 	339 	1865 	2833 	3077
84 	133 	2332 	2465 	3771 	4496
453 	1231 	1253 	1353 	1764 	2415 	4407 	4958
572 	728 	3412
158 	680 	966 	1504 	1969 	2031 	2787 	2796 	2903 	3166 	3237 	3273 	4409 	4488 	4510
9 	10 	123 	147 	316 	445 	558 	598 	676 	845 	932 	934 	1270 	1352 	1400 	1605 	1813 	1974 	2242 	2277 	2465 	2489 	2553 	2565 	2822 	2867 	2901 	3044 	3494 	3501 	3778 	3892 	4058 	4153 	4167 	4233 	4282 	4324 	4408 	4553 	4601 	4681 	4981 	5056 	5148
1200 	4185
478 	516 	2176 	3119 	4428
110 	2654 	2915 	4785
2702 	2851 	3648
1231 	1568 	2241 	2415 	2750 	3676 	4958 	5099
266 	682 	941 	989 	1911 	2225 	2465 	3026 	3347 	3462 	3771 	3972 	4420 	4963 	4983
101 	4051 	4309
1563
19 	1087 	1831 	2266 	2859
1750
839 	2093 	2252 	2541
538 	1918 	4380 	4887
326 	4988 	5092
360 	5166
367 	401 	2281 	2563 	3084 	3138
568 	1297 	1336 	1344 	1727 	4175 	4891
2447
1485 	3347 	3825 	4710
3249
333 	651 	664 	782 	2287 	2703 	2851 	5183
441 	1234 	2017 	3422 	4247 	4439 	5042
2723
285 	805 	937 	1472 	1500 	1661 	2910
44 	3962 	4746 	4803
284 	3660
1883 	4127
3540
101 	4030 	4309
4484
2165 	3064
4690 	4897 	5058
52 	1750 	2153 	2714 	2969 	3850 	4060 	4085 	4131 	4329 	4460 	4493
771
4062 	4426
9 	10 	123 	147 	316 	445 	558 	598 	676 	845 	932 	934 	1270 	1352 	1400 	1605 	1813 	1974 	2242 	2277 	2465 	2489 	2553 	2565 	2822 	2867 	2901 	3044 	3494 	3501 	3778 	3892 	4023 	4153 	4167 	4233 	4282 	4324 	4408 	4553 	4601 	4681 	4981 	5056 	5148
316 	2726 	3201 	4282 	4304 	4313 	4732
52 	2714 	3850 	4055 	4493
432 	1031 	2774 	5021
2191 	3367 	4057 	4426 	4629 	4636
285 	1758 	1792 	2254 	2726 	3203 	3223 	4134 	4313 	4557 	4606 	5142
2210 	3446
4485 	5037
1063 	4318
2192 	4720
276 	484 	1192 	1280 	1476 	1501 	2436 	2833 	3893 	4892
1931 	2726
1067 	3336
168 	2574
939
444 	1031 	1545 	2052 	3072 	3813 	4252
538 	1091 	1918 	4887
3329 	3789 	4551
685 	745
250 	379 	1224 	2111 	2295 	2666 	3319 	3338 	3393 	4361
3707 	4299
448 	873
457 	4682 	5072
986 	4523
4523
896 	1441 	2647
2220
2030 	4055 	4460
8 	2361 	3274 	3279
496 	3300
431 	569 	616 	721 	724 	746 	752 	1309 	1351 	1464 	1882 	2399 	2479 	2575 	2868 	2928 	2936 	3115 	3791 	3971 	4241 	4404 	5006
2174 	3976
1821
2771 	2772 	3006
1489 	3324
3969
290 	2118
918 	2008 	2501 	2673 	2945 	3048 	3049 	3827 	4242 	4887
70 	589 	2339 	2350 	2967
338 	3014
1484 	1487
285 	574 	2733 	4501
226 	1292 	1573 	2883 	2884
2584
1867 	3433
958
23 	791 	808 	1910 	2136 	2514 	3241 	3448 	4354 	4971
3660
1299 	1693 	2685 	2957
869
1260 	3005 	3967
1668
1767 	3854 	4662
1251 	2817
1331 	4902
262 	280 	367 	401 	502 	877 	908 	1079 	1280 	1495 	1865 	1869 	2067 	2716 	2793 	2859 	3010 	3186 	3471 	3751 	3936 	4016 	4361 	4662 	4988
2473 	3176 	3564 	3699
3059
328 	1553 	1638 	3159 	4970
585 	1873 	3771 	4536 	4700 	4954 	5060
1554 	2264 	2767
1087 	1089 	2920
447 	4289
113 	1228 	2906 	3207
1036 	1038 	2746 	3821
1777 	2275 	2276 	2774 	3522
1125 	1175
3659 	3667
1943 	4128
261 	1498 	1523 	1775 	1883 	2495 	2618 	2714 	2726 	3025 	3094 	3201 	3202 	3426 	3690 	4049 	4304 	4321 	4522 	4610 	4629 	4695 	4814 	4987 	5109 	5111
1943 	4126
1845 	3357
240 	786
83 	244 	454 	548 	865 	974 	975 	983 	1021 	1075 	1101 	1170 	1569 	1684 	1964 	2046 	2195 	2629 	2709 	2863 	2969 	3450 	3647 	3661 	3724 	3758 	3796 	3859 	4055 	4140 	5029 	5066
1116 	1179 	2635
3352
3223 	3379 	4063
2210 	2894 	4815
1989 	3223
3881
656 	984 	1313 	1352 	1616 	1670 	1800 	1947 	1974 	2272 	3069 	3196 	3575 	3957 	3994 	4176 	4412 	4494 	4533 	4596
3393 	4422 	4734
83 	454 	548 	974 	975 	1170 	1569 	1964 	2195 	2709 	2863 	3450 	3796 	3859 	4131 	5029 	5066
2143 	4736
4144 	4899
3548 	4736
4142 	4300 	4899
2026 	2621 	4197
119
111 	3280 	3954 	4148
111 	4147
2248
229
2080 	3152
78 	3341
9 	10 	123 	147 	316 	445 	558 	598 	676 	845 	932 	934 	1270 	1352 	1400 	1605 	1813 	1974 	2242 	2277 	2465 	2489 	2553 	2565 	2822 	2867 	2901 	3044 	3494 	3501 	3778 	3892 	4023 	4058 	4167 	4233 	4282 	4324 	4408 	4553 	4601 	4681 	4981 	5056 	5148
71 	277 	529 	2234 	2354 	2859 	2955 	3702 	3827 	4332 	4946
1656 	3979
2875 	3625 	4465
22 	285 	394 	474 	519 	521 	977 	1060 	1298 	1331 	1475 	1502 	1555 	1782 	1951 	1983 	2059 	2493 	2539 	2582 	2862 	2905 	2955 	2956 	3007 	3097 	3255 	3523 	3636 	3900 	3960 	4015 	4158 	4356 	4530 	4771 	4946
22 	394 	474 	494 	519 	521 	895 	977 	1060 	1298 	1331 	1475 	1555 	1782 	1893 	1951 	1983 	2059 	2493 	2539 	2846 	2862 	2905 	2955 	2956 	3007 	3097 	3255 	3523 	3636 	3686 	3764 	3834 	3900 	3960 	4015 	4157 	4269 	4530 	4771 	4946
542 	696 	1319 	2019 	2481 	3497
1021 	1325 	1396 	2076 	2289 	2332 	2755 	3086 	3437
3864 	3873
400 	1625 	3125
457 	1021 	1267 	1746 	2076 	2332 	2354 	2409 	3908 	4827
2297 	4538
1209 	3337 	4765
5047
9 	10 	123 	147 	316 	445 	558 	598 	676 	712 	845 	932 	934 	1270 	1352 	1400 	1605 	1813 	1974 	2242 	2277 	2465 	2489 	2553 	2565 	2822 	2867 	2901 	3044 	3494 	3501 	3620 	3778 	3892 	4023 	4058 	4153 	4233 	4282 	4324 	4408 	4553 	4601 	4681 	4981 	5056 	5148
1072 	3787
43 	2032
186 	1369 	3124 	4282 	4681 	4998
856 	3349
811 	2602 	4505
401 	1115
3673
311 	338 	1026 	4039
1670 	1800 	2272 	3575 	4138 	4412 	4596
1127 	2484 	3606
1030 	1420 	1836 	2690 	3055 	4009 	4403 	4533 	5051 	5059
194
213
1428 	1470 	2671 	3615 	4574 	5070 	5083
3165 	4209 	5036
4961
194 	334 	418 	720 	775 	894 	1113 	1227 	1230 	1345 	1497 	1571 	1907 	2090 	2267 	2332 	2556 	3623 	3867 	3907 	4192 	4413 	4479 	4542 	4570 	4601 	4735 	5056
228 	696 	1200 	1622 	1733 	1925 	2179 	2285 	2299 	2481 	3008 	3776 	3784 	3813 	3882 	4024 	4245 	4722
2326
1327 	2871 	5239
558 	949 	1605 	1974 	2207 	2465 	2553 	2648 	2820 	2901 	3238 	3771 	4324 	4700 	5056
3837
3060
337 	2302
720 	775 	894 	1113 	1345 	1497 	1571 	1907 	2090 	2267 	2556 	3623 	3867 	3907 	4184 	4413 	4479 	4542 	4570 	4735
1065 	1436
814 	3390 	4778
485 	2182 	4538
1087 	1164 	2778 	3407 	4797 	4990
2026 	2621 	4145
3053
1303 	5041
2120
1831 	3774
3147 	4889
127 	196 	437 	2347 	2404 	2511 	4399 	4810
286
242 	1008 	2446 	2602 	2910 	3006 	3349 	4746
59 	84 	133 	548 	975 	1001 	2076 	2332 	2409 	2617 	3450 	3491 	4391 	4884 	5048
120 	379 	1209 	3337 	4768 	5241
333 	1394
241 	1489 	2529 	2602 	2833 	3185 	3253 	3549 	3605 	3853 	3893 	4182 	4677 	5036 	5221
150
1921 	3560
1089 	1856
643 	1216 	2087 	4536
758 	3016
907 	1929 	2385 	4218
1236 	2001
334
429 	2076 	2385 	2409 	2620 	4215 	4801 	4933
3320
1381 	2630 	2819
554 	901 	3645 	5030 	5219
1246 	1269 	1291 	2922 	4226 	4600
696 	2811 	4002
390 	2588
1448 	2634 	5021
1269 	2922 	4222
297 	1217 	1312
377 	4906
725 	2495
3426
2445
1302 	1474
9 	10 	59 	84 	123 	147 	237 	242 	316 	359 	395 	445 	489 	495 	558 	598 	600 	676 	682 	845 	932 	934 	1043 	1162 	1270 	1352 	1387 	1400 	1605 	1619 	1724 	1813 	1901 	1922 	1974 	1986 	2047 	2242 	2277 	2465 	2489 	2491 	2553 	2565 	2599 	2673 	2822 	2867 	2901 	3017 	3044 	3243 	3494 	3501 	3629 	3699 	3746 	3771 	3778 	3892 	4023 	4058 	4153 	4167 	4282 	4324 	4408 	4509 	4517 	4553 	4601 	4614 	4681 	4694 	4712 	4752 	4981 	4991 	5046 	5056 	5148
2745
4797
1133
1628 	3382 	3975 	4665
1922 	5174
1639
2366
431 	569 	616 	721 	724 	746 	752 	1309 	1351 	1464 	1882 	2399 	2479 	2575 	2868 	2928 	2936 	3115 	3791 	3971 	4088 	4404 	5006
4095 	4887
111 	2748 	4599
113 	235 	691 	1089 	1408 	2977
65 	951 	1096 	4185
256 	257 	283 	328 	367 	401 	412 	772 	797 	848 	1934 	2081 	3961 	4247 	4259 	4263
257 	441 	1009 	1731 	3157 	3821 	4044 	4246 	4249 	4259 	4263
1101 	2526 	3749
2165 	2746 	3157 	4247 	4386 	4572
3703
381 	715 	909 	1486 	1881 	2524 	2821 	2830 	3632 	4452 	4600 	4895
1031 	1546 	1635 	3074 	4073
2263
2318 	3158
1734
79 	2990 	3226
2647 	2982
586 	2807
772 	4246 	4247
2784
178 	1473 	1672
2651
1318 	2791 	4246 	4247 	5045
2195 	3201
2027 	2318
2745
1061 	2199 	4567
236 	555 	4405
22 	394 	474 	494 	519 	521 	895 	977 	1298 	1331 	1475 	1555 	1893 	1951 	1983 	2059 	2493 	2846 	2862 	2905 	2955 	3097 	3255 	3523 	3636 	3686 	3764 	3834 	3960 	4015 	4158
739 	1329 	1465
821 	5217
2285 	2904
398
3170
2926 	2969 	3542 	4704
3463 	4482
2700 	4389 	5208 	5214
120 	1318 	1595
4660
248 	284 	349 	397 	1275 	1280 	1840 	3567 	3576 	3660 	4434
2825 	5013
9 	10 	123 	147 	191 	246 	316 	357 	445 	558 	598 	621 	676 	697 	845 	917 	932 	934 	1178 	1237 	1270 	1352 	1400 	1417 	1605 	1813 	1963 	1964 	1974 	2007 	2242 	2277 	2465 	2478 	2489 	2553 	2565 	2653 	2809 	2822 	2867 	2901 	2913 	3044 	3201 	3258 	3308 	3494 	3501 	3534 	3545 	3631 	3778 	3837 	3877 	3892 	4023 	4058 	4059 	4153 	4167 	4170 	4233 	4304 	4324 	4408 	4553 	4601 	4639 	4681 	4804 	4835 	4981 	4998 	5056 	5141 	5148 	5177 	5180
1482 	1575 	1679 	2445 	2450 	2992 	4708 	4711
1742
805 	1472
1462 	2746
80 	2231
140
446 	447 	3059 	4120
4291
821 	4290 	5217
3341
2910
1934
2433 	3615
83 	314 	668 	2848 	4498 	4886
945
2122 	2140 	2279 	2520 	4535
3707 	4078
4144 	4899
1708 	2124
3116 	4321 	5107
2192 	2328 	2422 	2952 	4627
191 	316 	1178 	1247 	1428 	1457 	1792 	1964 	2195 	3025 	3201 	3203 	3415 	3892 	4059 	4127 	4282 	4321 	4610 	4629 	4630 	4835
47 	347
2210 	3375 	3377 	3446 	4818
3191
3129 	5060
101 	589 	4030 	4051
3372 	5000
709 	1941 	2028 	3034 	3158 	3379
1896 	2093 	2252 	2253 	3515 	4430
242 	778 	920 	1726 	1824 	2726 	3198 	3852 	4059 	4063 	4321 	4553 	4594 	4606 	4712 	4991 	5047 	5143
1943 	5150
2443 	3052 	3368 	4587 	4644 	4650 	4727 	4816 	5110
1953
1821 	2313 	3219 	4790 	5096
841 	1063 	2148 	2751 	3416 	4066
992 	1248 	1916
2344 	3200 	4730
778 	823 	1523 	1563 	1824 	1991 	1999 	2726 	3116 	3158 	3201 	3203 	3352 	3852 	4127 	4302 	4304 	4313 	4738 	5107
858 	1207 	1665 	2261 	4812
2137 	2618 	3760
9 	10 	123 	147 	316 	445 	527 	558 	598 	676 	843 	845 	932 	934 	949 	1270 	1352 	1400 	1431 	1527 	1605 	1813 	1922 	1974 	2178 	2207 	2227 	2242 	2277 	2465 	2489 	2499 	2521 	2553 	2565 	2606 	2648 	2798 	2820 	2822 	2867 	2901 	3018 	3044 	3238 	3494 	3501 	3738 	3771 	3778 	3892 	4023 	4058 	4153 	4167 	4188 	4233 	4282 	4408 	4553 	4601 	4681 	4700 	4981 	5056 	5148 	5234
1602 	4326
1602 	4325
1025 	2658
317 	1214
260 	554 	1383 	2153 	4055 	4754 	5164
658
5097
2955 	4154 	4946
1368
2727 	4350
2354 	4873 	5102 	5103
4000
204 	3966 	4571
1668 	4000
613 	2216
1976 	3782
96
1387 	1961 	3145 	3494
2389 	2502
2836 	3405 	4920
5085
696 	2004 	2847
4491
2082
471 	3700
1123 	2027 	2329 	2330 	2727 	3205 	3413 	4334 	5125
2266 	3036 	3236
1227 	2714
4810
23 	2555 	3431 	3591 	4104 	4971
4544
285 	627 	1331 	1502 	2582 	4157 	5030
1432 	3261
5049
309 	2742
240 	312 	4672
1869 	2111 	2295 	3010 	3319 	3471 	4077 	4113 	4988
92 	665 	2072 	3129 	3220 	4492 	4769
672 	2611 	3660
2117
4462
4463
2742 	4462
1122 	2123 	2140 	2520
4558 	4559 	4862
166 	868 	1329 	1577
1316 	5162
2530 	3472 	5011
2671 	3516 	5062
857 	2755 	2821
2567 	3690 	5047
240 	433 	2811
1762 	1841 	2434 	2672 	4486 	4974
2547 	3510
2864 	5082
538 	1918 	2336 	4035 	4481 	4887
1435 	2218 	3497 	4797 	4990
1009 	1040
293 	936 	1792 	1997 	2092 	2115 	2243 	3146 	3203 	4629 	4880 	5071
3996
526 	857 	1151 	1200 	2179 	2716 	4841
2165 	2746 	4249
548 	1953 	3338 	3553 	3845
2248 	4447
2700 	4277 	5214
1056 	1760 	2487
364 	715 	907 	2856 	2938 	3491 	4206 	4884
2287 	3610
133 	2332 	2465 	3494
345 	736 	1099 	2486 	3091 	4962
571 	1117 	3143
3033
135 	4552
4475 	4914
127 	196 	437 	2347 	2404 	2511 	4203 	4810
2087 	2609
4558
206 	1793 	2079
1030 	1420 	1836 	2690 	3055 	4009 	4178 	4533 	5051 	5059
431 	569 	616 	721 	724 	746 	752 	1309 	1351 	1464 	1882 	2399 	2479 	2575 	2868 	2928 	2936 	3115 	3791 	3971 	4088 	4241 	5006
1797 	4268 	4439
57 	633 	3846
453 	1231 	1253 	1353 	1764 	2415 	4020 	4958
9 	10 	123 	147 	316 	395 	445 	558 	598 	676 	845 	932 	934 	1270 	1352 	1400 	1605 	1813 	1901 	1974 	2242 	2277 	2465 	2489 	2553 	2565 	2599 	2822 	2867 	2901 	3044 	3494 	3501 	3778 	3892 	4023 	4058 	4153 	4167 	4233 	4282 	4324 	4553 	4601 	4681 	4981 	5056 	5148
158 	680 	966 	1504 	1969 	2031 	2787 	2796 	2903 	3166 	3237 	3273 	4022 	4488 	4510
517 	1404 	1747 	3551 	3602
239
548 	1670 	1800 	2272 	3575 	4138 	4176 	4596
720 	775 	894 	1113 	1345 	1497 	1571 	1907 	2090 	2267 	2556 	3623 	3867 	3907 	4184 	4192 	4479 	4542 	4570 	4735
761 	882 	1948
2774
67 	513 	525 	2187 	2625 	2733 	2745 	2808 	3017 	3992 	4450
1354 	2147 	4997 	5126
503 	2419 	4956
3392 	4493
941 	989 	3026 	3462 	3972 	4029 	4963
656 	968 	984 	1313 	1670 	1739 	1800 	1947 	3196 	3989 	3994
88 	326 	672 	2612 	2666 	2833 	3083 	3393 	3471 	3660 	4139 	4543 	4734
1489 	1831 	2461 	2718
3626
1489 	1831 	2484 	2718 	2943 	3006 	3285 	3347 	3592 	3657 	3768 	3981 	4923
823 	1274 	1447 	1888 	1998 	2028 	2129 	2191 	2257 	2311 	2378 	2726 	4057 	4062 	4636 	4840 	5122
636 	2638
516 	2176 	2294 	4025
5014
235 	659 	2093 	2252 	2254 	3515 	4312 	5131
1798
3067
114 	1198 	1594 	2631 	2731
4280
231 	491 	762 	1290 	1396 	2997 	3437 	3755 	4609 	4762 	4885 	4943 	5196
709 	1003 	1004 	1053 	1435 	1674 	1688 	2084 	2980 	3321 	3774
909 	2643
76 	2837 	3525 	3757 	4440
295 	441 	1435 	1797 	2032 	2201 	2774 	3505 	4044 	4405
76 	4438
709 	963 	1189 	1227 	3925
1525 	1779 	2105 	2902 	2982 	3123 	3744
2270 	3629 	4597
4463
12 	90 	488 	607 	2598 	2871 	3078 	3984 	4940
4599 	5060
1392 	1580 	2248 	4388 	4741
1016 	3629
1069
789 	2613 	4416
2283 	2435 	5064
500 	687 	1227 	1307 	1537 	2573 	2714 	3494 	3632 	4251 	4600
304 	2495 	2574 	3532 	3568 	4791
3665
281 	508 	579 	1044 	1157 	1468 	1492 	1859 	2671 	2813 	2836 	3018 	3353 	3578 	3904 	4551 	4574 	4798 	4865 	5049 	5083
193 	554 	778 	1057 	1234 	3151 	3519
1998 	2312 	2444 	2726 	3116 	3198 	4586 	4643
2726 	4732
1596
494 	3686 	4055 	4085
2761
4365 	4367 	4728
956 	2666 	3558 	4366 	4444
1280 	1609
2505 	2875 	3625 	3647 	3661 	3857 	4156
148 	208 	248
2466 	3207
240 	433 	1244 	2487 	2641 	2766 	3005 	4672 	4919 	4931
1411
2915
62 	2890 	3317
836 	3263
2779
612 	945 	1954 	2139 	2146 	3211 	3571 	3841 	4492 	4557 	4652
133 	3494 	4398 	4914
318 	593 	1240 	1280 	2683 	3965
409 	2965 	3961
3079
720 	775 	894 	1113 	1345 	1497 	1571 	1907 	2090 	2267 	2556 	3623 	3867 	3907 	4184 	4192 	4413 	4542 	4570 	4735
2282
2336 	4380
1238 	3463 	4276 	4483
1633 	3463 	4482
4052
4065 	5037
1762 	1841 	2434 	2672 	4377 	4974
1644 	2931 	3271 	4709
158 	680 	966 	1504 	1969 	2031 	2787 	2796 	2903 	3166 	3237 	3273 	4022 	4409 	4510
190 	679 	2707 	3270 	4652 	4696 	5076
254 	543 	545 	662 	751 	755 	757 	998 	1042 	1277 	1324 	1334 	1410 	1526 	1562 	1714 	1915 	2560 	2656 	2668 	2764 	2799 	2917 	3490 	3527 	3530 	3531 	3577 	3683 	4608 	4910 	4913 	4935 	5207
4347
945 	2140 	2391 	2791 	3220 	3401 	4362 	4474 	4528 	4769 	4843
52 	484 	1258 	1666 	2243 	2322 	2574 	2618 	3392 	3605 	3686 	3693 	3764 	3850 	4055 	4060 	4419 	4791 	5142
656 	984 	1313 	1670 	1800 	1947 	2272 	3196 	3575 	3994 	4138
2843
2332 	4019
1461 	1612 	4841
83 	668 	4296 	4886
1786 	2859 	3257
565
2733 	4099
1935
3114
778 	1089 	1563 	2920 	3566
811 	4172
840 	1887 	2723
1837 	2438
179 	494 	609 	668 	982 	1046 	1053 	1962 	3151 	3444 	5047 	5224
169 	489 	715 	2856 	2867 	4233
158 	680 	966 	1504 	1969 	2031 	2787 	2796 	2903 	3124 	3166 	3237 	3273 	4022 	4409 	4488
567 	1179 	1563 	2679 	3493 	3711
2002
2138 	2202 	3761
1108
1928 	5032
673 	1953 	3830
59 	133 	464 	600 	622 	1120 	1162 	1247 	1387 	1428 	1610 	1619 	1634 	1730 	2047 	2108 	2300 	2332 	2357 	2986 	3017 	3124 	3328 	3492 	3494 	3892 	4233 	4553 	4614 	4712
36 	433 	3178 	4942
2025 	2473 	3139 	3176
351 	3962 	4746
1800 	2096 	3470 	5020
937 	2602 	2711 	3201 	4127 	4629 	4987
986 	1463 	1773 	1864 	1914 	1933 	4081 	4082
2694 	5172
1971 	2714 	2888
165 	1189 	1227 	1849 	2929 	3991 	4746
1369 	2109 	4812 	4998
481 	4492 	4769
1727 	3251
22 	394 	474 	519 	521 	977 	1060 	1298 	1331 	1475 	1555 	1782 	1951 	1983 	2059 	2493 	2539 	2862 	2905 	2955 	2956 	3007 	3097 	3255 	3523 	3636 	3900 	3960 	4015 	4157 	4158 	4771 	4946
379 	1877 	4940
696 	711 	1260 	1572 	2019 	2481 	2766 	2811 	3005 	4772
734 	1030 	1352 	1420 	1616 	1629 	1695 	1800 	1836 	1947 	1948 	1974 	2690 	3055 	3069 	3928 	3957 	3994 	4009 	4138 	4178 	4403 	4995 	5051 	5059
378 	1494
2122 	4298
522 	585 	1216 	1579 	1873 	2189 	2519 	3127 	3422 	4010 	4117 	4213 	4954
551 	4965
485 	1177 	1518 	2182 	2297 	2433 	3570 	4164 	4195
4897 	5075
175 	294 	1326 	1355 	1435 	1494 	1565 	1805 	1934 	2137 	2676 	2754 	3665 	3694 	3740 	4692 	4767 	4845
1126 	1578
46 	58 	87 	214 	363 	720 	775 	785 	894 	933 	1113 	1345 	1415 	1497 	1571 	1673 	1907 	2090 	2267 	2556 	2824 	3512 	3596 	3608 	3623 	3735 	3792 	3867 	3907 	3939 	4184 	4192 	4413 	4479 	4570 	4583 	4735
3393 	4422
4355
609 	1380 	2729
335 	1180 	1616 	3691
1953 	3830
2 	4989 	5154 	5158
285 	3463
2418 	2726 	4643
194 	941 	1617 	1880 	2890 	3329 	3338 	3789 	4075 	4455 	4975 	5182
4397
9 	59 	84 	123 	147 	242 	316 	395 	445 	558 	598 	600 	602 	676 	816 	832 	845 	934 	1043 	1270 	1352 	1387 	1400 	1605 	1619 	1813 	1901 	1974 	2047 	2242 	2277 	2465 	2489 	2491 	2553 	2565 	2580 	2594 	2599 	2638 	2822 	2867 	2901 	3017 	3044 	3494 	3501 	3746 	3771 	3778 	3858 	3892 	4023 	4058 	4153 	4167 	4233 	4282 	4313 	4324 	4408 	4517 	4563 	4594 	4601 	4621 	4681 	4712 	4733 	4752 	4981 	4991 	5047 	5056 	5094 	5148 	5155
3058
2418 	3116 	4819
1792 	3203
823 	2146 	3841 	4063 	4474 	5142
4369 	4401 	4559 	4862
4369 	4558
2067 	2563 	5179
1227 	1844
614 	1167 	1377 	3167
2580 	4553 	5155
1759 	4008
3846
2785
1061 	2199 	4267
177 	1122 	2140
1637 	2190 	4848
720 	775 	894 	1113 	1345 	1497 	1571 	1907 	2090 	2267 	2556 	3623 	3867 	3907 	4184 	4192 	4413 	4479 	4542 	4735
204 	3966 	4337
3157 	4249
1430 	1793
508 	1156 	1157 	1470 	1492 	2813 	4181 	4455 	4848 	5070 	5083
1902 	3714
296 	1687 	4659
2910
1482
1361 	1846 	2137 	2140 	2618 	2619 	2676 	3694 	4692 	4821
155 	427 	1001 	1352 	1369 	2211 	2578 	2809 	3426 	3690 	4695
648 	2025 	2887 	3338 	3549 	3789 	4763 	4777
314 	1563
46 	58 	87 	214 	363 	785 	933 	1415 	1673 	2824 	3512 	3596 	3608 	3735 	3792 	3939 	4542
248 	1275 	1352 	1435 	3276 	5195
2776 	2869 	4616 	4617 	4825
2726 	4457
2443 	3052 	3368 	4315 	4644 	4650 	4727 	4816 	5110 	5143
3721
1389 	2666 	3218 	3489 	3896
1077 	1078
747 	2067
120 	2921 	3879
378 	1494
666 	4313 	4553 	4712 	4991 	5047
2173 	2314 	2755
1670 	1800 	2272 	3575 	4138 	4176 	4412
2270 	3629 	4443
334 	1411
111 	2324 	2487 	2496 	2641 	2748 	2906 	3080 	3400 	4243 	4446 	5025 	5178
3632 	3814 	4222 	4251 	4452
9 	10 	123 	147 	316 	445 	558 	598 	676 	845 	932 	934 	1270 	1352 	1400 	1605 	1813 	1974 	2022 	2242 	2277 	2465 	2489 	2553 	2565 	2822 	2867 	2901 	3044 	3494 	3501 	3778 	3892 	4023 	4058 	4153 	4167 	4184 	4233 	4282 	4324 	4408 	4553 	4681 	4981 	5056 	5148
1627
1008 	2394 	2719
4
449 	835
2726 	2751 	4063 	4313 	4738
1934
254 	543 	545 	662 	751 	755 	757 	998 	1042 	1277 	1324 	1334 	1410 	1526 	1562 	1714 	1915 	2560 	2656 	2668 	2764 	2799 	2917 	3490 	3527 	3530 	3531 	3577 	3683 	4490 	4910 	4913 	4935 	5207
231 	491 	762 	928 	1290 	1396 	2647 	2997 	3437 	3755 	4435 	4762 	4885 	4943 	5196
50 	2150 	2776 	3025 	3367 	3450 	4127 	4304 	4616 	4629 	4644
48 	3454
2886
1457
59 	237 	359 	558 	600 	682 	1017 	1162 	1387 	1922 	2491 	2673 	3243 	3494 	3699 	4233 	4517 	4694
3121
2210 	2418 	2776 	4585 	4610 	4617 	4825 	5113
4585 	4616
789 	3022 	3378
1512 	3872
990 	3225 	3229
2580 	2638 	4553 	5155
1792 	2726 	3051 	4738 	5105
3511
304 	2127 	2714 	4826
2453 	2770
152 	2158 	2906 	3921 	5060
2192 	4303
1457
50 	823 	1498 	1523 	1775 	1792 	1883 	1891 	1997 	2013 	2027 	2150 	2240 	2421 	2519 	2618 	3025 	3094 	3201 	3203 	3769 	4062 	4127 	4304 	4383 	4522 	4610 	4644 	4695 	4880 	4920 	5109 	5111
191 	493 	1634 	1652 	2013 	2795 	3201 	4304
1941 	2329
1165
745 	2818 	3550
319 	677 	5127 	5140
2471 	3922 	4012 	4739 	4740
3205 	4062 	4426
1448 	1449 	2857 	3054 	3204 	3374
528
316 	3545 	4282
771
945 	3067
194 	1432 	1616 	1694 	2379 	3261 	3457 	3992 	4820
1998 	2418 	2444 	2726 	3116 	3198 	4457 	4550
50 	1445 	2150 	2443 	3052 	3368 	4315 	4587 	4610 	4629 	4727 	4816 	5110 	5214
607 	881 	916 	1189 	1227 	1230 	1312 	1604 	1962 	2115 	2603 	2971 	3154 	3540 	3629 	3854 	3914 	3961 	4651 	4662 	5173
3316
2652 	3138
371
129 	777 	1891
2443 	3052 	3368 	4315 	4587 	4727 	4816 	5110
1230 	2714 	3914 	4645
190 	679 	2139 	2707 	3211 	3270 	4474 	4489 	4696 	5076
720 	3435
300
2236
3 	580 	770 	3921
367 	401 	3335
681 	753 	1381
296 	1687 	4576
4279 	5133
255 	710 	1089 	1603 	1856 	5181
396 	719 	1604 	1767 	1869 	3471 	3854 	3855 	4110 	4113 	4645 	4988
2697 	3656
1089 	1332 	3409 	5015
3382 	4237
580 	1804 	2435
1146 	4793
1234 	1333 	2597
367 	401 	3973
218
1575
240 	312 	433 	1244 	2487 	2641 	4360 	4468
973
200 	303 	499 	706 	896 	1029 	1283 	1308 	2803 	2916 	3021 	3061 	3063 	3075 	3477 	3480 	3675 	3794 	3963 	4936 	4960
992 	1248 	1648 	1916 	2140 	3831
2871
217 	1489 	2603 	2781 	4209
3349
2265 	4726
1599
9 	10 	123 	147 	186 	316 	445 	558 	598 	676 	712 	845 	932 	934 	1270 	1352 	1369 	1400 	1605 	1813 	1934 	1974 	2242 	2277 	2465 	2489 	2553 	2565 	2822 	2867 	2901 	3044 	3124 	3494 	3501 	3620 	3778 	3892 	4023 	4058 	4153 	4167 	4170 	4233 	4282 	4324 	4408 	4553 	4601 	4981 	4998 	5056 	5148
457 	544 	4080 	4797 	5072
1089 	1856
1157
12 	89 	2300 	4984
1689 	1831 	2859
960 	3628 	4964
673
2604 	2996 	3358 	3980
194 	2182 	2586 	2813 	3096 	3138 	3992 	4054 	5058
1565
175 	294 	1435 	1565 	2676 	3694 	4540 	4579 	4821
111 	430 	5024
43 	59 	558 	600 	1922 	1975 	2534 	3775 	4233 	4614
155 	427 	548 	551 	974 	1001 	1352 	1369 	1600 	1626 	1660 	1964 	2211 	2223 	2256 	2578 	2584 	2638 	2809 	2892 	3201 	3426 	3601 	3665 	3690 	4127 	4580 	4629 	4965 	5061
190 	679 	2707 	3270 	4489 	4652 	5076
1768
1369 	3690
2118 	2661 	2662 	3770 	4758 	4759
661 	1144 	1585 	2207 	2465 	2553 	2648 	3771 	4117 	4188 	4324
1009 	3535
2714
626
2926 	2969 	3542 	4275
3743
4841
2409
2445 	2450 	4000 	4283 	4711
1644 	2931 	3271 	4487
988 	3347 	3969 	4041
1314 	1482 	1666 	2228 	2322 	2336 	2445 	2618 	3913 	4283 	4708
59 	84 	147 	242 	600 	676 	1043 	1387 	1619 	2047 	2491 	2867 	3017 	3892 	4233 	4313 	4517 	4553 	4594 	4752 	4991 	5047
114
143 	3563 	3873 	4975
667 	1184 	2864
1365
537 	1365 	5128
128
761 	790 	2105 	2617 	3258 	4855
2192 	4067
4006 	4956
1382 	1733 	4185
1761 	1880
4757
1750 	1922 	2227 	2901 	3018
152 	2003 	2265 	4679 	4780 	5081
2443 	3052 	3368 	4315 	4587 	4644 	4650 	4816 	5110
3670 	4462
2764 	3897 	4944
1378 	2344 	2377 	3200 	3205 	3440 	4320 	5151
688 	1280 	1609 	3659 	3667
2726 	4059 	4458
832 	2580 	4553 	5155
88 	3393 	4139 	4422
720 	775 	894 	1113 	1345 	1497 	1571 	1907 	2090 	2267 	2556 	3623 	3867 	3907 	4184 	4192 	4413 	4479 	4542 	4570
71 	212 	2143 	2222 	3548 	4141 	4143 	4791 	4837
742 	2761 	3934
1792 	1991 	2726 	2751 	2948 	3051 	3216 	3352 	4321 	4606 	4622 	4791 	5104 	5105
4635
3922 	4635
1392 	1580 	2248 	4447
1147 	2137 	2181 	3434
1052 	1121 	3759
126 	1317 	3957 	4865
130 	738 	1109 	1854 	2932 	3957 	4756 	4884 	5027
44 	120 	122 	351 	379 	389 	640 	679 	696 	919 	1020 	1222 	1699 	1849 	2481 	2602 	3603 	3773 	3962 	4047 	4205 	4520 	4526 	4768 	4962 	5028
3981
310 	1280 	1609 	2214
2309
2146
903 	1719
147 	676 	2867 	4233 	4553 	4712
219 	619 	1508 	1563 	1934 	1950 	2050 	3181 	3493 	5175
554 	581 	1156 	1205 	1399 	1508 	1603 	1934 	2181 	2813 	4329 	5054
3680
130 	738 	1109 	1854 	2932 	3957 	4745 	4884 	5027
4724
4699
1262 	1689 	1831 	2118 	2661 	2662 	3006 	3349 	3768 	3770 	4699 	4947
387
1511 	2967
231 	491 	762 	1290 	1396 	2997 	3437 	3755 	4435 	4609 	4885 	4943 	5196
2714 	2888 	2975 	3549 	4581 	5221
2226 	3035 	3629
4165
2180
1355 	3740 	4540
120 	379 	440 	1209 	3337 	4207 	4746 	4962 	5241
56 	508 	554 	2140 	2472 	2611 	2676 	2791 	2813 	3066 	3151 	3220 	4362 	4492 	4528 	4843
1299 	1693 	2346 	2685
22 	394 	474 	519 	521 	977 	1060 	1298 	1331 	1475 	1502 	1555 	1782 	1951 	1983 	2059 	2493 	2539 	2862 	2905 	2955 	2956 	3007 	3097 	3255 	3523 	3636 	3900 	3960 	4015 	4157 	4158 	4530 	4946
696 	711 	2481 	4532
132 	3081
185 	255 	930 	980 	3387 	5181
2774 	3373 	3924
211 	321 	1192 	2848 	2955 	3893 	3935 	4912
4581
814 	3390 	4194
285 	2714 	2807 	2888 	4826
11 	2003 	4726 	5081
156 	3291
1831 	3774
2947
3840
669 	1706 	1934 	2137 	2280 	2322 	2618 	2634 	4026 	4954
842 	3716
141
2194 	5000
1772
4317 	5096
304 	2726 	3056 	3568 	3698 	4453 	4493 	4736 	4738 	4928 	5105 	5142
823 	2726 	3203
1146 	3526 	3969 	4667
3169 	5111
818 	1453
3911
886 	1087 	1164 	1658 	1803 	2218 	2451 	2778 	3407 	4196 	4235 	4381 	4682 	4798 	4990
281 	1164 	1165 	1271 	1468 	1803 	3018 	4455 	4797 	5049
121 	805 	1759 	2054 	3248 	4008 	5206 	5218
4901
429 	2620 	4218 	4933
2263
1009 	4047
246 	357 	697 	2913 	3201 	3308 	3534 	4282 	5177
4864
1136 	1505 	2146 	2366 	2391
945 	1088 	1657 	1818 	1870 	2587 	4839
1161
1391 	3112 	3679 	3765
127 	196 	437 	1692 	1847 	2347 	2404 	2470 	2511 	2632 	3286 	3311 	4203 	4353 	4399
3695 	5053
1369 	2109 	4322 	4527 	4998
710
4127
2210 	2894 	4135
2443 	3052 	3368 	4315 	4587 	4644 	4650 	4727 	5110
2029
2210 	3375 	3446 	4306
2418 	3116 	4555
194 	607 	716 	907 	1227 	1230 	1601 	1784 	2073 	2573 	2610 	2714 	3293 	3873 	3976 	4642 	4973
2676 	3694 	4579 	4692
2577
318 	1089 	1856
1239 	1936 	2200 	3453 	5123
4585 	4616
304 	628 	749 	896 	1380 	1501 	1506 	2714 	2729 	2954 	3655 	4624 	4779 	4884 	4892
3908 	4163
1570 	3917
36 	2091 	3259 	3421 	3713 	3891 	4975
3992
725 	2495 	3750
59 	1745 	2603 	2887 	3338 	5038
2118
72 	370 	736 	1143 	3091 	3096 	3105 	3107 	4900
316 	1178 	1247 	1428 	3892 	4282 	4304 	4838 	5149
427 	1001 	2584 	2617 	3450
71 	4736
1247 	3295 	4835
314 	393 	725 	1059 	1088 	1509 	1793 	2186 	2495 	2554 	2562 	2683 	2695 	2833 	2976 	2990 	3507 	3605 	3893 	3910 	4807 	5007 	5174
3117 	3158 	4426
526 	1065 	1151 	1461 	1612 	3443 	3710 	4385 	4497 	4706
56 	732 	1348 	2815 	4894
508 	1498 	2415 	2472 	4492 	4769 	4958
2336
4540
855 	1103 	1530 	2358
36
230 	240 	1637 	4569 	4574 	5129
2865
1532 	3909
2563
740 	2041
1017
386 	1720
2617 	3544 	4719
5182
4939
136 	879 	3543
4920 	5057
1117 	3161
1964 	2788
4369 	4558
743 	981 	2890
436 	644 	899 	2287 	3114 	4805 	5197
194 	2420 	3957 	4455 	4744 	5185
546
3582 	5200
1339 	1645 	2641
251 	722 	2040 	2497 	3483 	3725 	5050
118 	2282 	2367 	3492
833
455 	4963
2354 	4335 	5102 	5103
68 	1359 	1677 	1698 	2183 	2430 	2605 	2789
2260
1534 	3593
553 	2159
550 	2831
2158
293 	1792 	1997 	3203 	4383 	4629 	5071
443 	1976 	2433 	3395
3027 	3518
1312 	2436 	2524
130 	133 	405 	738 	1001 	1101 	1109 	1854 	1993 	2617 	2932 	3272 	3450 	3957 	4206 	4391 	4745 	4756 	4826 	5027
231 	491 	762 	1290 	1396 	2997 	3437 	3755 	4435 	4609 	4762 	4943 	5196
83 	668 	4296 	4498
538 	692 	918 	944 	1041 	1091 	1217 	1918 	2428 	2501 	2542 	2945 	3048 	3049 	3827 	4035 	4074 	4095 	4242 	4380
908 	1280 	3660
3147 	4202
463 	1713 	3435
4039
542 	609 	628 	1021 	1192 	1276 	1501 	1552 	1575 	2722 	2729 	2738 	2954 	2955 	3151 	3617 	3637 	3698 	4068 	4826 	4902 	4921
2054
56 	404 	487 	718 	732 	1348 	1700 	2815 	2985 	3330 	4842
715 	2524 	2821 	2873 	4251
852 	904 	2501 	2724 	3282
606 	1333 	1413 	1715 	2660 	3926 	4054 	4539 	5075
673 	687 	1083 	1149 	1235 	1953 	2835 	3987
631 	2476 	2812 	3706 	4142 	4144 	4300
3096 	3105 	4834
863 	4800
1192 	1331 	2955 	4112 	4892
111 	2121 	2652
1052 	1054 	3594
2316
377 	4228
1685
3682
826 	878 	2684
254 	543 	545 	662 	751 	755 	757 	998 	1042 	1277 	1324 	1334 	1410 	1526 	1562 	1714 	1915 	2560 	2656 	2668 	2764 	2799 	2917 	3490 	3527 	3530 	3531 	3577 	3683 	4490 	4608 	4913 	4935 	5207
255 	1856 	1984
211 	321 	2848 	2955 	3629 	3935 	4776
254 	543 	545 	662 	751 	755 	757 	998 	1042 	1277 	1324 	1334 	1410 	1526 	1562 	1714 	1915 	2560 	2656 	2668 	2764 	2799 	2917 	3490 	3527 	3530 	3531 	3577 	3683 	4490 	4608 	4910 	4935 	5207
887 	1211 	1586 	2895 	4398 	4475 	5052
3895
2577
2487 	4978
1621
4468 	4931 	4942
307 	374 	458 	508 	837 	939 	1021 	1193 	1498 	1740 	1895 	2640 	2836 	3151 	3218 	3386 	3405 	3559 	4344 	4629 	4859 	4958 	5057
295 	1276 	1738 	3031 	3617 	3618 	4892 	5218
1669 	2874
3285 	3347 	3657 	4425
1745 	2887
2887
1435
1101 	1848 	3231 	3469
304 	3698 	4791
461 	1737 	3602 	3762
475
4468 	4919
3412
429 	2620 	4218 	4801
780 	834 	889 	1227 	2092 	2115 	3209
254 	543 	545 	662 	751 	755 	757 	998 	1042 	1277 	1324 	1334 	1410 	1526 	1562 	1714 	1915 	2560 	2656 	2668 	2764 	2799 	2917 	3490 	3527 	3530 	3531 	3577 	3683 	4490 	4608 	4910 	4913 	5207
200 	303 	499 	706 	896 	1029 	1283 	1308 	2803 	2916 	3021 	3061 	3063 	3075 	3477 	3480 	3675 	3794 	3963 	4674 	4960
200 	303 	499 	706 	896 	954 	1029 	1283 	1308 	2803 	3021 	3061 	3063 	3075 	3477 	3675 	3794 	3963 	4960
2046 	2716 	3231
962 	2998 	4857
270 	304 	358 	379 	971 	1009 	1360 	1397 	1877 	1902 	2165 	2488 	2598 	3076 	3122 	3155 	3690 	3810 	4445 	4531
172 	1058 	3521 	4957
433 	1645 	2641 	2811 	3178 	4518 	4919
231 	491 	762 	1290 	1396 	2997 	3437 	3755 	4435 	4609 	4762 	4885 	5196
2764 	3897 	4729
76 	463 	2017 	2099 	2481 	2769
22 	227 	247 	394 	474 	519 	521 	977 	1060 	1298 	1331 	1475 	1502 	1555 	1782 	1951 	1983 	2059 	2493 	2539 	2862 	2871 	2905 	2955 	2956 	3007 	3097 	3255 	3523 	3599 	3636 	3900 	3960 	4015 	4154 	4157 	4158 	4332 	4530 	4771
1262 	1831 	3349 	4759
6 	2219 	3823 	5098
3180
1021
296
1388
1228 	2906 	3207
522 	585 	782 	1472 	1706 	1873 	2519 	2743 	3127 	4117 	4536 	4785 	5063
936 	1297 	2032 	3742
503 	2419 	4006 	4418 	4721
172 	517 	1130 	1160 	1328 	1404 	2043 	2183 	3247 	4941
453 	670 	1231 	1253 	1353 	1360 	1568 	1764 	1966 	2054 	2241 	2356 	2415 	2750 	3676 	4020 	4028 	4407 	4843 	4920 	5099
1985 	3383
200 	303 	499 	706 	896 	954 	1029 	1283 	1308 	2803 	2916 	3021 	3061 	3063 	3075 	3477 	3480 	3675 	3794 	3963 	4674 	4936 	4937
4183
120 	379 	440 	781 	1405 	1641 	1849 	2486 	2981 	3425 	3603 	3677 	3962 	4394 	4746 	4768 	5241
941 	989 	3026 	3462 	3972 	4029 	4420 	4872
59 	872 	960 	1084 	1086 	1548 	3628 	4687
551 	1626 	2223 	2256 	2584 	2892 	4537 	4695
469 	3382
1047 	1808 	2765
979 	3789 	5185 	5198
55 	115 	1375 	1438 	1643 	1833 	1834 	1874 	1921 	1959 	3309 	3346 	3946 	3964
1638 	2737 	3159 	4116
1855 	2136 	2555 	2635 	3431 	3591 	4104 	4354
1263 	3932
577 	1230 	1784 	1875 	2610 	3293 	4820
1762 	1841 	2434 	2672 	4377 	4486
720 	857 	942 	1369 	1429 	1477 	1517 	1880 	1904 	1913 	1922 	2048 	2198 	2813 	3563 	3793 	3799 	3806 	4551 	4714 	4829 	5230
1006 	1508 	1805 	1884 	3449
1089 	1921 	3560
2487 	4917
1724
316 	2303
9 	10 	59 	123 	147 	316 	395 	445 	489 	558 	598 	600 	676 	845 	932 	934 	1270 	1352 	1400 	1605 	1724 	1813 	1974 	2242 	2277 	2465 	2489 	2553 	2565 	2599 	2822 	2867 	2901 	3044 	3494 	3501 	3778 	3892 	4023 	4058 	4153 	4167 	4233 	4282 	4324 	4408 	4553 	4601 	4681 	5056 	5148
809 	1172
4029
12 	89 	2300 	4685
2132
1884 	2126 	2506 	2958 	3012 	3219
304 	576 	907 	937 	1207 	1482 	1624 	1827 	1912 	1929 	2468 	2495 	2602 	2603 	2618 	2711 	2714 	2726 	2756 	3020 	4127 	4522
164 	326 	556 	659 	1869 	1890 	2577 	2614 	3010 	3302 	3393 	3471 	3583 	3936 	4036 	4113 	4361 	4662 	5092
2 	2636 	4548 	5154 	5158
1087 	1164 	2218 	2778 	3407 	4196 	4381 	4797
242 	666 	1043 	4233 	4313 	4553 	4594 	4712 	5047
1003 	2910
2146 	2689
2098
734 	1030 	1420 	1629 	1695 	1836 	1947 	2690 	3928 	4533 	5051
1787
449 	4417
186 	190 	917 	940 	1369 	2109 	3124 	3877 	4170 	4282 	4527 	4681 	4812 	5177
111 	117 	532 	1988 	2085 	2121 	2193 	3280 	3954 	5152
2194 	4310 	4788
2278
761 	3037 	3258
1861
378 	1021 	1494 	1856 	2023 	3081 	3873
285 	866 	1055 	1169 	1202 	1368 	2624 	3173 	3753 	5074
431 	569 	616 	721 	724 	746 	752 	1309 	1351 	1464 	1882 	2399 	2479 	2575 	2868 	2928 	2936 	3115 	3791 	3971 	4088 	4241 	4404
945 	1509 	2554 	2695 	4839
1683
5026
1790 	2637
2530 	3472 	4372
2445 	2545 	2689 	3905
1607 	2825 	4281
2966 	4429
1332 	4664
1062 	1356 	3808 	3898
1890 	1934
425 	2891
1333 	1563 	1880
1800 	2096 	3470 	4521
28 	432 	1031 	1448 	2634 	3448 	4061 	4225
1829
2354
111 	4693
4599
1527 	1922 	3018 	5009
130 	329 	738 	1109 	1854 	2408 	2489 	2932 	3746 	3957 	4745 	4756 	4884
4746
83 	454 	548 	974 	975 	1170 	1569 	1964 	2195 	2709 	2863 	3450 	3796 	3859 	4131 	4140 	5066
901 	1954 	2315 	3645 	4221 	4356
2384
1093 	1428 	1928 	2671 	4515
1533
3420
371 	2213
2430 	4182 	4209
4065 	4485
59 	1745 	2887 	3338 	4832
1136
2317
4199
2017 	3422 	4044
2469
1259 	1503 	5071
1318 	1923 	2389 	2502 	2791 	3505 	4263
3494 	4233
457 	1021 	2046 	2242 	2567 	3537 	3690 	4166 	4313 	4375 	4508 	4553 	4594 	4712 	4991 	5066
4206
281 	1468 	1802 	1914 	2015 	2749 	3018 	3428 	3860 	3933 	4358 	4455 	4798
251 	722 	2040 	2497 	3725 	4869
734 	1030 	1420 	1629 	1695 	1836 	1947 	2690 	3055 	3928 	4009 	4178 	4403 	4533 	4995 	5059
887 	2820 	2878 	4914
1563 	2351 	2671 	3264 	3695 	4811
4754
1240 	1946
9 	10 	123 	147 	316 	445 	558 	598 	676 	682 	845 	932 	934 	949 	1270 	1352 	1400 	1605 	1813 	1974 	1975 	2022 	2242 	2277 	2465 	2489 	2553 	2565 	2736 	2820 	2822 	2867 	2901 	3044 	3238 	3494 	3501 	3771 	3778 	3892 	4023 	4058 	4153 	4167 	4184 	4188 	4233 	4282 	4324 	4408 	4553 	4601 	4681 	4981 	5148 	5225
1476 	3685 	4859 	4920
4054 	4690
1030 	1420 	1836 	2690 	3055 	4009 	4178 	4403 	4533 	5051
1228 	2158 	2906 	3129 	3207 	3447 	3921 	4117 	4308 	4446 	4626
1660 	4695
1428 	2671 	4373
4954
2283 	2435 	4451
2681
83 	454 	457 	548 	974 	975 	1021 	1170 	1569 	1964 	2046 	2195 	2242 	2469 	2709 	2863 	3450 	3796 	3859 	4131 	4140 	5029 	5047
194 	329 	1167 	1286 	1552 	2405 	2586
480 	2182
704 	2891 	3070 	3274
1428 	1470 	4181 	4574 	5083
293 	1259 	1503 	4383 	4880 	5044
457 	4080 	4682
2821
285 	866 	1202 	1368 	3173 	3753 	5005
4539 	4897
190 	679 	2465 	2707 	3270 	4489 	4652 	4696
2714
388 	1421
3108
1319 	3497
11 	583 	2003 	2261 	4004 	4726 	4780
2864 	4379
653 	1470 	3578 	4181 	4455 	4574 	5070
2068
1594 	2711 	4345
4007
1389 	2440
1728 	1956 	5091
3876 	3998 	5100 	5201 	5210
660
1728 	1956 	5088
186 	326 	805 	2613 	2900 	3248 	4036 	4988
3668 	3995
832 	2580 	4553
3783
4317 	4790
608 	963 	4331
6 	2219 	2679 	3155 	3711 	3712 	3823 	4948
1231 	1568 	2241 	2415 	2750 	3676 	4028 	4958
3876 	3998 	5089 	5201 	5210
1736 	3739 	3993
2354 	4335 	4873 	5103
2354 	4335 	4873 	5102
1810 	2726 	3216 	3354 	4738
2726 	3369 	4622 	4738 	4791
1009 	1036 	3210 	3822
823 	1446 	1457 	1943 	2009 	2429 	3116 	4302 	4321 	5150
3205
4127 	4629
2443 	3052 	3368 	4315 	4587 	4644 	4650 	4727 	4816
1775 	1806 	3150 	3169 	3179 	3370 	4127 	4629 	4794
1991 	2027 	3117 	3203
2210 	2418 	4616
2098
2149 	2196
573 	1489 	2718
1952 	2541
1173 	3266
1934
829 	913 	1952 	2541 	2616 	3629 	3801 	5132
3511
1274 	2129 	2257 	4426
1239 	1936 	2200 	3453 	4824
3050 	3418 	5199
2329 	4350
1354 	2147 	4417
319 	677 	4634 	5140
537 	1365 	4717
69 	230 	240 	1637 	2005 	4848
1713 	5156
235 	2249 	2252 	3099 	4430
1952 	2541 	5120
4660
817 	1897
210 	859
1817 	2363
972
3513
86 	192
319 	677 	4634 	5127
316 	3248 	4282
823 	1228 	1883 	2010 	2140 	2327 	2618 	2726 	3391 	4063 	4493 	4557 	4791
3198 	4313 	4587
841 	2248 	3366
2253
584 	1003
2249 	2250 	3356 	3510
9 	10 	123 	147 	316 	445 	558 	596 	598 	676 	845 	846 	932 	934 	1270 	1352 	1400 	1605 	1813 	1902 	1974 	2023 	2213 	2242 	2277 	2465 	2489 	2512 	2553 	2565 	2822 	2867 	2901 	3044 	3494 	3501 	3778 	3892 	4023 	4058 	4153 	4167 	4233 	4282 	4324 	4408 	4553 	4601 	4681 	4981 	5056
12 	1247 	1457 	2172 	2331 	2549 	3892 	4835 	5149
1446 	1943 	2107 	2429 	2893 	4314 	5107
3205 	4730
111 	117 	1988 	2085 	2193 	4999
1003 	3452
4548 	4989 	5158
832 	2580 	2638 	3858 	4553 	4563 	4621 	4733
1713 	5130
1389
4548 	4989 	5154
1450 	2145
2637
1705
1316 	4371
2205
4329
854 	1320 	4013 	4014
360 	4037
1768
585
1518
332 	461 	3602 	3762
1142 	1221
2694 	4524
760 	916 	2821 	3087 	3629 	4011 	4645
199 	1059 	1793 	2413 	2486 	3451 	3844 	4238 	4839
4753
185
246 	357 	697 	917 	2913 	3201 	3308 	3534 	3877 	4282 	4804 	4998
2641 	4599
554 	969 	2067 	2563 	2577 	2740 	3798 	3856 	3942 	4560
621 	3631 	4282
185 	255 	787 	930 	980 	1856 	2841 	3387 	4661 	4774
4551 	4856
578 	651 	782 	2287 	2851 	4043
1316 	3892
194 	941 	4865 	4968
1671 	2396 	3504 	3835
3504
492
855 	2321
2899
1634 	1754
633 	1683 	2142 	2307 	3468 	3788
1934 	2674
1579 	2243
295 	1435 	1454 	1738 	4584
231 	491 	762 	928 	1290 	1396 	2647 	2997 	3437 	3755 	4435 	4609 	4762 	4885 	4943
436 	644 	899 	1544 	3114 	3356 	4864
4968
3050 	3418 	5124
328 	3582 	4867
3876 	3998 	5089 	5100 	5210
2160 	3571
2634 	3574
810 	996
554 	2591 	2616
659 	802 	1729 	1953 	2097 	2592 	2682 	2699 	3184 	3248 	3278 	3553 	4799 	5213 	5214
254 	543 	545 	662 	751 	755 	757 	998 	1042 	1277 	1324 	1334 	1410 	1526 	1562 	1714 	1915 	2560 	2656 	2668 	2764 	2799 	2917 	3490 	3527 	3530 	3531 	3577 	3683 	4490 	4608 	4910 	4913 	4935
4277
1008
3876 	3998 	5089 	5100 	5201
554 	1443
2596 	3144 	3162 	3372 	5222
2699 	3278 	5206
693 	1445 	2097 	2592 	2700 	4277 	4389 	4644 	5206
761 	2939
467 	530 	1709 	2045 	2179 	2406 	2967 	3813
821 	2360 	4271 	4291
295 	1738 	3031 	3248 	4799 	4921
554 	4221
4005
241 	827 	1079 	1495 	2714 	3549 	4209 	4763
2596 	3144 	5212
4014
1962 	4508
682 	1605 	1975 	5056
418 	2538
142 	875 	1479
1146 	1472
2206 	2723 	3137
1768 	4975
892
3633 	3799
35 	780 	827 	2066 	3549
1431 	2521 	2798 	4324
987 	2991 	3643
890 	1722 	2137 	3811
142 	1201 	2462 	2465 	3553
1742
350 	1327 	2871 	3837 	4187
689 	2053
120 	379 	1209 	3337 	4207 	4768 	4962
