760 	2930 	8406
1037 	3553
102 	464 	724 	903 	6038 	7934 	8223 	9358 	9416
178 	5587
7259
964 	2944 	7877 	8097
8630 	9442
3770 	6977
2592 	6602
327
7145
5186 	6983
13 	76 	216 	520 	1011 	1090 	1631 	1698 	1748 	1898 	2341 	2381 	2469 	3225 	4167 	4886 	5197 	5503 	5686 	5699 	7406 	7577 	8174 	8319 	8372 	8488 	8582 	9314 	9699 	9815
12 	1011 	1090 	1748 	1898 	2617 	2939 	3225 	7406 	7577 	8319 	8372 	9098 	9699
4792
5108 	7275
346 	641 	1353 	1817 	5681 	7282 	8696
284 	923 	4684
3284 	3979 	4094 	5965 	5974 	7668 	8830 	9016
398 	8583 	8648
5372 	5959 	9036
183 	539 	2520 	3621 	4144 	4273 	4341 	4732 	7024 	7038 	7733 	7935
8287
9191
2309
1636
179 	2763 	7956
81 	323 	4172 	7982
1645 	2018 	5048 	6136 	7589 	9488
245 	1471 	9657
1012 	5858
4135 	7419
713 	6233 	6982 	9177
520 	1003 	1748 	2093 	2841 	3341 	3539 	3661 	5822 	6102 	6112 	6367 	6372 	8122 	9517
2379 	7613
66 	1225
2254 	3634 	8247
668 	5282 	9760
325 	1725 	4458 	5013 	9264
839
350 	2096
2500
599 	5917 	9091
78 	1567 	2376 	2712 	3091 	3512 	3592 	4214 	4995 	6380 	6437 	7491 	8342 	8370 	8778 	9076 	9492
8563
3337 	4818 	9441
2360
939 	1802 	2990 	3258 	3590 	4539 	4870 	5178 	6425 	6797 	7367 	9057 	9074
3299 	8257
8835
4815 	6120
2940 	4301 	8211 	9100 	9111 	9193
737 	839 	1375
1531 	2291 	5996
7406 	7785
2150 	4291 	5905 	6018 	7398 	8567
2257 	6880 	8132
6970 	7914 	7947
724 	935 	2523 	8744 	9416
3240 	3601
528 	7996
125
1326 	2952 	3484 	6179 	7144
744 	862 	899 	939 	949 	1542 	1676 	2296 	2362 	2660 	2777 	3445 	3554 	3615 	3789 	4668 	5310 	5325 	5403 	5483 	5735 	6106 	6583 	6787 	6872 	6985 	7111 	7362 	7450 	7699 	7950
7430
669 	1505
35 	794 	1225 	2792 	3936 	6214
9764
319 	2516 	2767 	5246 	8631 	8851
8277
191 	2830
5675 	5784 	8052
2167 	3779 	4975 	5407 	5996 	7617
231 	771 	2175 	3534 	4124 	5592 	7816 	9355 	9531
96 	7316
2134 	3182 	3745 	3880 	5027 	6430 	7009 	7509 	7563 	7678 	8605 	9428 	9506
12 	1012 	4167 	5686
764 	9442 	9692
43 	2900 	2994 	3512 	4033 	4277 	5048 	5573 	5615 	6555 	6914 	7844 	8476 	8859 	9076
7075
290 	2318 	9731
27 	177 	178 	2763 	4171 	4172 	7982 	8582
178 	4172
1220 	3013 	3775 	6786 	7910
1194
266 	1322 	1589 	1641 	2403 	8424
1243 	1283 	3264
1872 	3958
1872 	3958
377 	2231 	9478
1706 	5892 	6694 	7618
8248
1133 	2537 	2970 	6220
231 	1558 	2858 	6263 	6916 	7210 	7338 	8416 	9078
522 	735 	2016 	2313 	2497 	2669 	2882 	3065 	3207 	3693 	3938 	4359 	4547 	4585 	5151 	5473 	6397 	6463 	6630 	6724 	7072 	7734 	7805 	7889 	8132 	8300 	8301 	8302 	8456 	8753 	9492 	9603 	9641
181
74 	1132 	2860 	3873 	3888 	4232 	7316 	7691
5853 	7497 	8595
1810 	2091 	9001 	9639
589 	1446 	1839 	2306 	3514 	3743 	3757 	3860 	4206 	4209 	4396 	4494 	4746 	4754 	5917 	5990 	6084 	6311 	6312 	6481 	6636 	7201 	7252 	7300 	7794 	7946 	8028 	8151 	8313 	8372 	8679 	9510 	9594 	9596 	9668
1316 	6364
1497 	1499 	6559
2 	464 	724 	7934
830
4088 	4255 	6182 	6187 	8943
3696 	6936
7366 	7508 	8874
655 	3222 	5456 	6785 	8628
224 	2016 	2080 	2479 	3875 	4271 	4748 	5407 	5420 	5534 	6070
2587 	4321 	7495 	7665
3290
4488 	7075
1813
222 	1508 	1664 	1748 	1753 	3015 	3276 	4001 	4784 	5107 	5701 	6185 	6859 	8355 	9173 	9191
1266 	3981 	7270
1429 	1818 	2744 	4630 	6884 	7907 	7989 	8214 	9856
4486 	9267 	9268
674 	8024
1583 	1885 	5720 	8745
2331 	9379
5166
516 	2086 	4529 	4549 	9827
1831
9286
5707
61
5315
3160 	3990 	8572 	9032
687 	872 	2731 	3251
984 	4748 	8610 	9325 	9673
8389
1667 	5045 	6621
1159 	1278 	2861 	3050 	4999 	8911 	9072 	9170
913 	2442 	6869 	7452
5387
1739 	4407 	7707 	9362
1050 	4902 	7300 	9043 	9693
1733 	2324 	2917 	4569
507
1133 	2542 	5113 	7137 	8192 	8911
5134
216 	1318 	1748 	2301 	2875 	4775 	7037 	8121 	9079
346 	657 	2050 	3354 	7267 	7741 	9062 	9539
4687
1185 	1343 	3070 	3815 	5261 	6039 	6043 	8627
184 	261 	447 	904 	2457 	2501 	3621 	5151 	6260 	7024 	7036 	9050 	9233
908 	909 	2285 	6620 	8623
256 	541 	1178 	2525 	6618 	6684
2447
493 	7219
5420 	6260
6160
1151 	1404 	2263 	2548 	2551 	3038 	4283 	5157 	5476 	5624 	5784 	6895 	7155 	7720 	7787 	8209 	8469 	8824 	8934 	9512
3005
1638 	1897 	6971 	7911
8708
3146 	4452
1012 	2111 	2112 	4904 	5113 	8228 	8315
1010 	2292 	4444 	5407 	6890 	7524 	7645
2451 	2462 	7381 	7803
4394 	7842 	9691
4105 	4873 	9134
490 	3678 	5760 	5957 	6831 	7139 	8416 	9622
6026
6901 	8862 	9064
734 	1753 	1969 	2228 	4427 	4615 	5464 	5746 	6507 	9059
1316 	2384
844 	1314 	2968 	3706 	4790 	4791 	5192 	6502 	6972 	8269 	8275 	9243
4262 	4754 	4800 	5226 	6952 	7069 	8476 	9451
4598 	4899 	6248
562 	2596 	4620
172 	423 	1837 	2792 	2927 	3543 	3758 	3935 	4038 	5004 	5073 	5631 	6780 	7074 	7305 	8284 	8569 	8756 	8758 	8760 	9003 	9018
171 	6780 	9003
7234 	7585
4153 	4544
2940
4263 	4837
81 	4172
3 	81 	82 	323 	327 	4038 	4172 	7485 	7498 	7982 	8826
26 	323 	1014 	2308 	2695 	2763 	3739 	4085 	5213 	6463 	7466 	7999 	9618
5053
95 	2407 	3292 	7173 	8210 	9346
601 	2042 	2195 	5416 	6468 	6692
21 	2993 	3621 	4273 	7024
145 	261 	2457 	6260
1097 	4607 	6715
7916
2077 	5711
924 	1130 	1685 	6385 	7767 	9195
1126 	1331 	1843 	2778 	3361 	6512 	6572 	6847 	7226 	8415
1017 	2529
70 	627 	1317 	1483 	1710 	2830 	2875 	4654 	4982 	5459 	6204 	6473 	7182
6101 	7312
3579
3811 	5469 	6423 	8127
960 	1250 	1637 	2347 	2641 	3684 	5285 	6890 	8117 	8667 	9029
1993 	5171 	5462 	7621
456 	6083
1069 	2099 	2292 	4631 	9345
2957
8148
5669
3775
1649 	1799 	2521 	7444 	8770
1364
5620
611 	2260 	2884
2682 	5287
6134
210 	481 	539 	639 	640 	1337 	1683 	1952 	2181 	3279 	3747 	4439 	4955 	5003 	5178 	5250 	6625 	9144 	9287 	9699 	9715 	9736 	9868
209 	303 	481 	539 	932 	1337 	1345 	2000 	2627 	2878 	2941 	3371 	4526 	4793 	5003 	5190 	5287 	5420 	5469 	6423 	7190 	9179
1509 	2473
2381 	3013 	4611 	6365 	6696
2360 	3084 	4921 	8155 	9468
1601
627 	768
12 	141 	1748
1775 	2080 	2875 	6699 	6824 	8121
1097 	2441 	3709 	5081 	6324 	7667
3406
680 	1274 	4783 	7406 	7785
7466
113 	230 	346 	406 	783 	795 	970 	1129 	1238 	1405 	1581 	1634 	1779 	2088 	2228 	2292 	2614 	2766 	2789 	2984 	3168 	3210 	3246 	3306 	3469 	3542 	3627 	3796 	3833 	3871 	3889 	3929 	4027 	4092 	4444 	4466 	4491 	4956 	5107 	5141 	5322 	5626 	5791 	5984 	6149 	6187 	6363 	6735 	6989 	7348 	7660 	7687 	7688 	7880 	7881 	7907 	8308 	8571 	8786 	9191 	9339 	9389 	9418 	9667 	9731
2131 	2745 	4383 	4742
108 	363 	478 	688 	1096 	1761 	1877 	2010 	2167 	2765 	3013 	3567 	4271 	4341 	4453 	5034 	5134 	5407 	5990 	5996 	6070 	6245 	6786 	7252 	7350 	7391 	7910 	7926 	8571
1153
2275 	2315 	4981 	6440
544 	1003 	1775 	2298 	3356 	8764 	9517
3073 	6402 	8248
3661 	6017 	7220 	9517
222 	417 	795 	981 	1312 	1545 	2276 	2432 	3203 	3245 	3469 	3542 	3627 	3833 	3929 	4092 	4466 	4491 	4956 	5107 	5244 	6187 	6363 	7842 	8744 	8786 	9339 	9667
73 	93 	1482 	3157 	9078 	9313
993 	5047 	6299 	7995
5149 	6103 	8553
2833 	6360
4235
9851
3725 	3747 	8647
2716 	3705
725 	2122 	2340 	2855 	5427 	6260 	6381 	6615 	7197 	7837 	7971 	8562 	8910 	9874
8969
5858
3777 	6640
293 	8464
885 	3834 	6363
29 	1471 	3181 	6179 	6912 	8404 	9657
621 	720 	916 	1016 	1294 	1861 	2193 	3205 	4119 	4159 	4744 	4896 	5058 	6379 	6489 	7260 	7698 	8138 	8239 	8691 	9505
2337 	8871
905 	2990 	8427
1607 	3146 	3443 	4298 	4977 	5817 	5873 	6633 	8690
1088 	3899
3970
2647
5149 	6100
2359 	5805
888 	1511 	1555 	2500 	3341 	3806 	6813 	7343 	7628 	8863 	9098
147 	3085 	6618 	6684
7193 	8321
1715 	4277 	5048 	5606 	7453 	9617
573 	1844 	2018 	2328 	6451
2028 	3838 	9835
145 	184 	6260
736
757 	1336 	1613 	1795 	1879 	2352 	2513 	2786 	3057 	3366 	4937 	5111 	5606 	6971 	7612 	8262 	8905 	9137 	9864
1214 	1823 	2774 	3700 	6195 	7355 	8266 	8309 	8353 	8755
551 	3887
85 	1322 	1589 	1641 	2403 	8424
1901 	8808
287 	345 	785 	857 	1768 	2067 	2445 	2611 	6942 	7510 	8371
2393 	6775 	7563
3879 	8105
4679
5207
3561 	4622 	5925 	6633 	7133 	7460 	9865
7300 	9102
606 	1787 	5138 	6576 	7981
1941 	2946 	8778
8551
2402 	5193 	5195 	7356 	8270 	9694
806 	2209 	2513 	2518 	2808 	3022 	3866 	4111 	6927 	8312 	9700
2167 	5996 	9259
402 	499 	1301 	3066 	5245 	8208 	8332
4275 	5475
2215 	2747 	8876
17 	923
6733 	7964 	8263
7447 	8865
268 	341 	444 	685 	1768 	1877 	1940 	2067 	2099 	2258 	2352 	2445 	2713 	2824 	3667 	4235 	4439 	4703 	5417 	5606 	5817 	5893 	6002 	6271 	6293 	6456 	6577 	6832 	6900 	7031 	7282 	7510 	8484 	8641 	8693 	8840
6978
677 	1363 	2328 	3262 	9692
80 	2113 	8147
3449 	5989
933
243 	1063 	1137 	1747 	3268 	5038 	6616 	6827 	8948
2385 	3211 	3421 	5038 	6827 	8908
765 	3425 	9615
6202 	8791
3722 	3736 	4088 	4255 	6187 	8590 	8943
1907 	3517 	3627 	5773 	8323 	8518 	8600 	8654 	8724 	8854
2837 	3436 	4203 	4825 	5940 	9762
3228 	4202 	5983 	6349 	7668 	8638 	8650 	9285 	9579
4332 	5340 	9102
3727 	3731 	4203 	5096
210 	2627
4058
1193 	2882 	6407
2131 	7515
1421 	1549 	1970 	2058 	6269 	6908 	7127 	7607 	7762 	7848 	7902 	8085 	8127 	8733 	9448 	9626
918 	2032 	4240
798 	1650 	5103 	6140 	6742 	7260 	9700
6308 	7666
333 	4175
4254 	5605 	6335
3747 	4556 	8831
5975 	6431 	8943
3011 	3012
8657
3741
1596 	1775 	2360 	2874 	4819 	5461 	6196 	6474 	7121 	9140 	9829
68 	2516 	8851
1622
4265 	6776 	9161 	9826
539 	1238 	1336 	1613 	1795 	2513 	2882 	3057 	3241 	5322 	6380 	8905 	9144
27 	178 	179 	327 	2308 	2763 	3707 	4085 	5213 	6579 	7499 	7999
976 	3117 	7148 	7209 	7794
38 	361 	678 	2366 	2814 	3759 	4420 	4458 	5468 	5836 	6576 	7476 	9240 	9263 	9264 	9854
4244
9 	178 	323 	3773 	3972 	5681 	6579 	7999 	8066 	9619
7527
2190 	2824 	3546 	8077 	9468
1087 	4276 	6528
582 	1109 	1926 	1940 	2028 	2291 	2554 	2788 	3025 	3693 	4772 	4999 	5059 	5226 	6004 	6660 	6861 	7889 	7971 	8456 	8476 	8785 	8991 	9492
7039 	7522
311 	4175 	4728 	7193
4728 	7193
2610 	5617 	5888 	7046 	9041
4073 	4568 	7523 	9580
8727 	9566
3863
340 	342 	595 	1062 	3809 	4533 	9245
339 	595 	1062 	3809 	9245
287 	1421 	1549 	1940 	1970 	2099 	2741 	2818 	2986 	3176 	3970 	4011 	4033 	4363 	5051 	5226 	5812 	5906 	6222 	6927 	7104 	7128 	7762 	8224 	8526 	9284 	9380
339 	4533
2655 	2997 	5742 	6273 	6998 	7937
1756 	5858 	8400
268 	1014 	2545 	2563 	4359 	4974 	5606 	7467 	8301 	8753 	8908
16 	142 	222 	618 	1120 	1353 	1489 	2509 	4027 	5626 	6869 	7058 	7267 	7302 	7741 	7880 	7881 	8308
3338 	9686
643 	1775 	5739 	7987 	9254 	9557 	9785
1441 	2498 	2607 	2705 	4526 	5791 	6524 	8799 	9660
40 	1368 	2096 	6027 	9525
8228
467 	2473 	2655 	4526 	8175
3150 	4687 	6659 	8405
1603 	6358 	8915 	9721
2143 	2813 	3714 	5927 	6895 	8292
1222 	3133
7558
1145 	6275 	8696
4014 	8301
5550 	6084
325 	1405 	2123 	2553 	5468 	6520 	6738 	6859 	6885 	8262 	8382 	8393 	8753 	8934
1566 	2734 	3616 	3646 	4305 	4610 	6114 	8997
224
3566
4856
3141
3855 	5649 	7254
4243 	4535 	8507 	8608 	8726
3406 	3745 	4353 	6029 	7900 	8658 	9664
4579 	6343 	8508 	9651
900 	995 	1298 	3713 	5753 	7700 	7833 	9862
1364 	2181 	8315
4192 	8221
2906 	3534
452 	644 	1617 	1778 	2046 	2270 	3603 	3718 	4468 	4487 	4837 	4956 	5264 	5825 	7416 	7753 	8228 	8496 	8681 	8767 	9484 	9726
3103 	4848 	9526
89 	1244 	2231 	2274 	4975 	5052 	7555 	7556 	7974 	8113 	9478
1999 	2028 	2982 	3036 	4078 	4715 	4989 	5792 	6861
2633
695 	4843
3389 	4113
675 	6072 	7500 	7842
2094 	7724 	9306
5925
1824 	4651 	7132 	9712
386 	3456 	5698 	6693 	9239
3788 	5949 	9498
1637
2432 	6141
5151 	8541 	9076 	9492
850 	3125 	5253
1830 	5963
620 	1922
1133 	2387 	4736 	4961 	5147
6704
8342
5819 	6757
19 	8648
1198 	2121 	3490 	3821 	4992 	5321 	5847 	8186 	9270
8299
7576
281 	499 	1301 	5245 	8208 	8332 	9066 	9110
5809
9421
3774 	3881
222 	3168 	7880
436 	805 	2509 	3844 	4753 	7349 	7396 	8308 	8629
1456 	3967 	4103 	4378
630 	2226 	5181 	5314 	5483 	5570 	6844 	7301 	8919 	9199
5121 	8173
1209 	1882 	3804 	4484 	5177 	8185
1019 	2225 	3977 	7754
1364 	3871
1525 	5213 	9843
1396 	2588 	3432 	3612 	4516 	4851 	5381 	5609 	5777 	6230 	6288 	7018 	8055 	9570 	9580 	9651
8155
230 	2432 	3866 	4111 	4687 	5703 	6148 	6702 	8744 	8869
1992 	9352
3142
2684 	5080 	5211 	7025 	8736
3893 	7859 	9478
4739 	5818
171 	516 	1118 	1489 	2081 	2164 	3375 	3772 	4543 	5034 	5077 	5821 	6685 	7305 	7614 	8885
2634 	4637 	5040
8926
1532 	1596 	2260
3736
3736 	4088 	6330
984 	1620 	1743 	3340 	3923 	4242 	6610 	8240 	8501 	9151
3016 	6842
1429 	1720 	2892 	3394 	4447 	4459 	5727 	6664 	6698 	8237 	9478
4597 	6580
2263 	4274 	6155
3023
2901 	7992 	8180
407 	743 	805 	4486 	8218 	8629
1982 	2160
2238 	3457
4161 	4201
7968 	8181
2442 	2543 	4047 	9728
473 	674 	2293 	2567 	2806 	5945
5343 	6712
287 	472 	871 	1177 	1654 	1930 	2028 	2067 	2258 	2977 	3506 	4235 	6271 	6397 	6577 	6745 	6746 	6832 	6927 	7063 	7847 	7850 	8693 	8840 	9106 	9468 	9593
4062 	4274 	6662
5538 	7306 	8253
145 	3621 	9050
1465 	4222 	5738 	6490
1936 	5875
1205
2722 	4642 	6136 	9409
375 	1617 	1985 	4468 	8694
490 	8416 	8894 	9080 	9622
2398 	3507 	4708 	5451 	7420 	8661
604 	825 	1214 	1355 	4153 	5158 	7023 	7421 	7423 	9840
197 	2368 	2648 	2781 	5344 	5781 	6083 	6800 	6924 	7103 	7104 	9531 	9781 	9870
801 	1241
761 	5477 	6131
500 	529 	1108 	2817 	4826 	7974 	8062 	8818 	9520
556 	5239
6442 	6708 	8400
2011 	2514 	6788
9805
2 	102 	724 	7934
789 	9416
5600 	7961
352 	2228 	2473 	4215 	4342 	8153 	8175
8220
1057
4464 	4995 	7491 	8778
2016 	3808 	3876 	4455 	6857
444 	718 	2977
442 	2567 	5945
871 	2047 	2845 	4397 	5784 	5880 	6457 	6979 	7814 	8204 	8465 	8813
2609
6207 	6504 	8598 	8880 	9119 	9289
1128 	2105 	7546 	7599 	9026 	9789
224 	728 	1213 	3269 	3775 	4033 	4215 	4746 	4747 	4752 	4753 	4754 	5603 	6324 	6555 	6786 	7201 	7660 	7910 	8259 	9627 	9636
1059 	8990
2742 	3525 	8824 	9563
209 	210 	801 	972 	1014 	1234 	1877 	2432 	4111 	4235 	6559 	7949 	8046
1018 	1086 	1198 	4149 	4992 	6998 	7890 	8606
2271
506 	1009 	2022 	6981 	8402 	9083 	9696
2194 	2465
2471
8200
1429 	3063 	3847 	4044 	6884 	7790 	8223 	9196
605 	7663 	7962 	8614
162 	453 	613 	808 	1374 	1929 	1983 	2203 	2934 	3105 	3678 	3869 	4653 	4753 	4933 	5261 	5296 	5435 	5707 	5743 	6282 	6404 	7422 	7576 	7663 	7914 	7968 	8124 	8145 	8314 	8335 	8365 	8416 	8716 	8894 	9080 	9622
4135 	4782
5115 	9301
149 	629 	1288 	3691 	6469 	7219
5099 	7443
735 	871 	2788 	2800 	2900 	3279 	3509 	4064 	4137 	4266 	4471 	4688 	4715 	4772 	5609 	6001 	7062 	7393 	8456 	8891 	8909 	9188 	9466
1959
662 	877 	1135 	7047
509 	2466 	5681 	6504 	7776
281 	402 	2252 	2554 	6139 	7974 	8332 	8544 	9754
459 	2817 	8062
8884
3092
1009 	7752 	7759 	9083
504 	1139
2281 	4367 	4733
484 	1009 	1416 	6981 	9083 	9696
138 	1338 	1753 	2475 	3140 	4697 	8790
1328 	3028 	3375 	6068 	6377 	6544 	7614
498 	2323 	2466 	3293 	3332 	3531 	5681 	6144 	6145 	6504 	6607 	6781 	7776 	7895 	9391
3529 	5511
4634 	5870 	6519 	7886 	8362 	8363 	8528
622 	1073 	1364 	1375 	1603 	1658 	2676 	2786 	2872 	2955 	3356 	3619 	5304 	5509 	6425 	7269 	7723 	8123 	8699 	9197 	9721
4724
9628
8656 	8661
121 	423 	517 	737 	1326 	3757 	3772 	4023 	4549 	4740 	5034 	5415 	6262 	6599 	6877 	6947 	7440 	8318 	8860 	9024 	9258 	9795 	9827
516
1391 	1811 	5643
520 	1736 	2771
12 	33 	519 	544 	1358 	1580 	2771 	3316 	4547 	5173 	5249 	5699 	5861 	7405 	7406 	7701 	9517
1108 	6863
94 	735 	1730 	1941 	2028 	2410 	2977 	3524 	4266 	4987 	5299 	5739 	5812 	6075 	6380 	7428 	7889 	8012 	8132 	8400 	8476 	8539
9150
2737 	5251
6975 	9131
4696 	7112 	8929
4394
60 	3233 	6655 	7996
459 	1639 	2817 	6177 	9520
2252
918 	1821 	2161 	2378 	2756 	4240
1874 	2135 	9746
7058 	8308
5700 	6511 	7016
6719 	6729
4192 	5544
6212
1600 	1671 	3176 	4989 	5763 	6222 	7128 	7872
21 	209 	210 	322 	932 	1683 	1851 	2181 	2882 	4266 	4341 	5003 	5178 	6545 	6597 	7038 	7093 	7763 	9144 	9868
3376
147 	1178 	2525 	2649 	4135 	6684
8228
4867 	9239
227 	520 	1003 	1592 	1771 	1775 	2771 	5249 	6232 	6372 	7037 	7422 	7567 	8126 	8328 	9517
889 	1275 	2492 	2830 	3842 	4780 	4905 	5771 	5832 	5998 	6102 	6462 	6929 	7022 	7100 	7299 	8122 	8311 	9210
4153 	8513
2479 	6462
745 	4381 	8246 	8788
3524
3415 	3920
265 	2014 	3887 	5488 	5589 	6700
1279 	2707 	5672 	6753
2857
698 	1537 	1957 	5241 	8078 	8203 	8227 	9381
4856
460 	3205 	4853 	5058 	5239
1611
1236 	1839
2849
593 	594 	8983
2733 	3017
170 	1017 	1595 	2596 	2967 	2985 	3009 	3356 	3600 	3603 	4620 	8188 	8378 	8679
4930 	8865
2554 	6546
1246 	1610 	5066 	6259 	6974
1665 	2485 	2786 	6714 	6912 	7431 	9410
3347 	6882
1110 	9074
2004 	3574 	4804 	5332
6829 	7974
2210
1503 	1734 	2109 	2419 	2698 	3386 	4331 	4561 	4829 	5074 	5113 	5909 	6447 	6967 	7604 	9351 	9501
259 	1844 	3949 	4439 	5381 	5609 	7201 	7830 	7949 	7999 	8615 	9131 	9603
4911 	9072
1098 	1238 	5322 	6926 	7453 	7605
3914
2655 	2997 	6998
5343 	7260
8497
4701 	9759
8163 	9141 	9493
331 	2554 	2788 	4999 	8476 	8785
1778 	3121 	3977 	4193 	4558 	5627 	6097 	8274 	9215 	9821
2722 	3095 	6136
9255
2181 	7189
1811
627 	4982
99 	1846 	2306 	2637 	2959 	4206 	7204 	7252 	8372 	8892
689
1836 	4259 	6675 	7291
4219
560 	5113 	5558 	8983
560 	5134 	8983
339 	340 	1062 	3809 	9245
8887
8774
2905 	3325 	3946 	4867 	5074 	6661 	6887 	8309 	8637 	8947 	9226 	9239 	9312
42 	648 	786 	1560 	3013 	3336 	4559 	6007 	6138 	8093 	8877 	9198 	9200 	9253 	9719
4742
182 	1610 	2494 	2972 	3999 	5032 	5416 	5526 	6864
1588 	1629 	1711 	1787 	2553 	4902 	6163 	6205 	6324 	6734 	7721 	8934 	9857
780 	3105 	3408 	3791 	4552 	5173 	7090 	9021 	9286
455 	1355 	3865
489 	7962
275 	1787 	7981
4111
734 	1753 	3009 	5053 	5263 	6950 	8995
624 	2535 	4554 	6418 	7535 	7876 	8549 	9686 	9811
2432 	6108 	7687 	7688
206 	2260 	2884
4846 	6424
490 	2874 	4705 	8124 	8716
2438
615 	1056 	1745 	6082 	7587
1270 	1609 	2786 	5515 	8005 	8541 	9069
930 	1512 	1744 	4205 	8457
346 	743 	1649 	2518 	3140 	3751 	7444 	8246 	8792
2392 	2636 	7572
393 	671 	2967 	2977 	3996 	4686 	4983 	6072 	6324 	6793 	7038 	7426 	7706 	7989 	8155 	8663 	9409 	9866
246 	720 	916 	1016 	1861 	2193 	3205 	4119 	4159 	4744 	5058 	6379 	6489 	7698 	8138 	8239 	8691 	9505
512 	1658 	1887 	2190 	3356 	6425 	7368 	8350 	9025
2743 	3116
609 	628 	6418 	9686
6616
8896
191 	215 	588 	768 	950 	1054 	2122 	2413 	3661 	3679 	3775 	4696 	4776 	4883 	4982 	5069 	5512 	5743 	5788 	6017 	6635 	6776 	7113 	7220 	7628 	7858 	8135 	8833 	8910 	9168 	9517
624 	2163 	3398 	4170 	5036 	6156 	9332 	9714
493
409 	1597 	5113 	5314 	5483 	7301 	8919 	9199
819 	1551 	6766
2982 	4721 	6861 	9492
6509 	8887
1714 	1752
1568 	2822 	3675
3376
4741
3935
209 	640 	2181 	5178 	5792 	6397 	6463 	6880 	8476 	8934 	9641
209 	639 	2181 	5178 	5792 	6397 	6463 	6880 	8476 	8934 	9641
16 	1045 	1239 	1353 	1817 	5261 	7023
2922 	4248 	6150 	6952
348 	1775 	3529 	7075 	9254
375 	2046 	2270 	4487 	4837 	9484
2414 	2895 	3367
3874 	5134
1708 	4234 	4682 	5354 	9307
599 	6007
1888 	2084 	7833 	8888 	9405
6274 	6636 	6739 	9855
732 	1095 	1144 	1234 	1368 	1722 	1746 	2018 	2446 	2472 	2622 	3091 	3171 	3382 	3811 	3966 	4989 	5048 	5116 	5685 	7062 	7327 	7491 	7704 	7838 	8072 	8525 	8778 	9488 	9509
717 	3876
1701 	3356 	4300 	7786 	7946
2926 	5413 	5858 	7385
107 	3222 	5456 	6785 	8628
1891 	6394
142 	2328 	2543 	3062 	6289 	8472 	9062
1429 	6884
1311 	2567 	4867 	5282 	7855 	9239
3557 	7520 	7522
2088
497 	877
1511 	1699 	2361 	3341 	6620
2320 	4045 	5896 	6014
5845 	5879 	6163 	7715 	9102
5218
2686 	2734 	6114 	6830
37 	5282 	9760
65 	1505 	9095
2567 	3732 	5363 	8663 	8893
620 	966 	5128 	7349 	9197
1412 	3179
7193
117 	442 	1878 	2293 	2632 	2897 	2996 	3757 	4494 	4741 	6087 	6591 	6794 	8024 	8247 	8313
382 	9869
6515
289 	1363 	2328 	3659
325 	2814 	4420 	5468 	7476
2667 	4531
220 	950 	1274 	2093 	2382 	4783 	6028 	7022 	7406 	7785
7974
771
2527
6024 	6256 	9097
287 	4703 	6463 	7031 	7921
2435 	7356
128 	765 	872 	2079 	2080 	2329 	3883 	5478 	5601 	5802 	7682 	8149
224 	1761
590 	3055
3775 	4752 	6786
8220
2499 	4240 	7615
5244 	6374
1002 	3180 	3782 	4279 	7480 	9693 	9872
380 	4843
7211 	7522
3557 	5268 	7879
554 	1019 	1537 	1957 	5241 	8078 	8203 	8227 	9381
2550 	6148 	9511
2940
7527
963 	5132 	5456
1110 	1460 	5205 	7484
7764 	8547
4782
755
2916 	4624 	5689
3639 	8975
1807 	2790 	8220
2419
1630 	1952 	2410 	3387 	3827 	4266 	4772 	5151 	6024 	6471 	7424 	9059
2289 	2830 	2905 	3326 	3456 	4130 	7100 	9432
32 	6233 	6982
1351 	2913 	4313 	4341 	5416 	6692 	8687 	9678
3450 	9213
6591
652 	828 	4958 	5259 	6999 	9417
472 	1272 	7589
5610
246 	621 	916 	1016 	1861 	2193 	3205 	4119 	4159 	4426 	4744 	5058 	6379 	6489 	7698 	8138 	8239 	8691 	9505
2062 	9311
7172
2156 	7907 	8571
2 	58 	102 	464 	935 	2523 	7934 	8744 	9416
239 	2122 	6260 	7837 	8910 	9874
1209 	1882 	1952 	2167 	2291 	2457 	2800 	2982 	3358 	3579 	3804 	3871 	3938 	4078 	4277 	5414 	5609 	5996 	6437 	7012 	7024 	8753 	9537 	9736
1781 	2669 	3387 	4035 	7076
478 	1061 	2313 	2611 	2800 	3207 	3509 	3512 	4033 	4359 	4876 	5002 	6343 	8507 	8788 	9636 	9869
3775
2080 	2787
7924
651 	739 	801 	871 	910 	1170 	1661 	1701 	1879 	2198 	2248 	2882 	2977 	3171 	3592 	3811 	3966 	4962 	5003 	6324 	6423 	6514 	6530 	6681 	6971 	7327 	7367 	7704 	7946 	7948 	8008 	8262 	8318 	8404 	8525 	8813 	8885 	9131 	9489
4501
165 	608 	1753 	3886 	7427 	8788
94 	495 	522 	1463 	2028 	3938 	4022 	4471 	4585 	4772 	5739 	6001 	6880 	7201 	7424 	7428 	7844 	7889 	7943 	8012 	8077 	8132 	8400 	8456 	9188 	9492
262 	2878 	5428 	6420 	6636 	7751 	8113 	9332
52 	516 	751 	1375 	2116 	2519 	3091 	3284 	3293 	3549 	3592 	4775 	5464 	6324 	7912 	8109 	8318 	9076 	9092 	9409 	9492 	9818 	9869
7813
732 	1206 	1326 	2952 	4690 	6150 	6179 	6548 	7704 	8525
8576
1362 	1961 	2078 	2524 	2962 	3913 	4422 	5765 	6686 	6687 	7427 	7910 	8037 	8197 	8904 	9507 	9588
7682
436 	618 	1657 	2710 	2719 	3172 	3408 	3913 	4044 	4566 	4742 	5075 	5354 	5355 	6596 	7164 	7928 	8218 	9286 	9531
63 	862 	899 	939 	949 	1542 	1676 	2296 	2362 	2660 	2777 	3445 	3554 	3615 	3789 	4668 	5310 	5325 	5403 	5483 	5735 	6106 	6583 	6787 	6872 	6985 	7111 	7362 	7450 	7699 	7950
548 	8246
1061 	8539 	8883
4178
2873 	7153 	8700
3341 	7974
1076 	1911 	2821 	3008 	3462 	7150 	7907 	8251 	8558
737 	1325 	1440 	2982 	3293 	3693 	3866 	3938 	3953 	4585 	4721 	4806 	5792 	6083 	6397 	6521 	7500 	9076 	9082 	9333 	9818 	9869
2256 	2984 	6362
4346 	8567
1072 	2247 	2908 	3240 	5796 	7712 	9760
706 	7742
2291 	2339 	3207 	3732 	5363 	6599
263 	1206 	1336 	1795 	2352 	2366 	2512 	2513 	3237 	3604 	3634 	4807 	5111 	5266 	6260 	6271 	6720 	7467 	7576 	7872 	8905 	9148 	9411
1260 	2388 	5531 	9170
1599 	4967
0 	1070 	2930 	6771 	8406
458 	5477 	6131
2696 	4504 	4505 	7727 	7867
5762
77 	9442 	9692
295 	687 	3425 	9416 	9615
1606 	3175 	3503 	5200 	9074 	9266
2516 	5389 	9354
215 	627 	1555 	1713 	2359 	3088 	4187 	5124 	5490 	7165 	7312 	9079
1778 	1871 	4153 	4714 	5138 	5240 	5911 	7913 	8547
4015 	6519
73 	682 	1674 	1851 	2827 	3529 	4266 	4619 	7752 	9355
3560
1315 	4341 	8281 	8655 	8959
4153
2767 	5643
1474 	3823 	5859 	7422 	7912
4617 	5758
2662
4544 	5116 	5868
603
6045 	6721
1129 	3929 	6735
222 	1129 	3876 	3929 	5758 	6735 	6749 	7177 	8581 	8786 	9515
1186 	8477
268 	1091 	1543 	1554 	1903 	2266 	2352 	2518 	2567 	2713 	2977 	4446 	4944 	5282 	5748 	6002 	6815 	6942 	7395 	7510 	8188 	8371
599 	3013
1348 	5254 	7522
3018 	3038 	4470 	6922 	7005 	7846 	9533
465 	9416
6821
3534 	5844 	8671
5008
4478 	4479
66 	6214
222 	230 	1076 	1376 	2780 	3469 	3542 	6187 	9446
2227 	2776 	2943
8539
309 	1650 	2808 	5045 	6742 	9700
814 	7049
5481 	6505 	9481
457 	481 	732 	1186 	1241 	1490 	1877 	2353 	4341 	7367 	7467 	7677 	7946 	7949
1876 	4325 	4326
1129 	4511 	6735 	8581 	8786
1032 	1114 	1267 	1269 	1306 	1321 	2322 	2394 	2625 	3418 	4481 	4640 	4813 	5339 	5433 	5448 	5770 	7029 	7379 	7594 	7905 	8187 	9357
407 	436 	4486 	8629
279 	1157 	1213 	1283 	1336 	1666 	1735 	1795 	1859 	2253 	2352 	2512 	2513 	2646 	2808 	4807 	4869 	5106 	5525 	6526 	6720 	6971 	6984 	7161 	7372 	7467 	7866 	8312 	8917 	9148 	9700 	9724
1559 	3502 	4871 	6180
490 	1223 	2203 	2934 	3105 	3634 	3684 	3869 	4653 	4933 	5002 	5195 	5261 	5919 	7576 	8145 	8335 	8416 	8667 	8716 	9029 	9080 	9241
3095
7245
1540 	1824 	2067 	2168 	2626 	2809 	3015 	3027 	4675 	6818 	7096 	8693 	9531
3319 	3846 	9642
5764 	6535 	8025 	9112 	9159 	9764
799 	3086 	3336 	7816
2564 	7847
3105 	4125 	5695 	7085 	7255 	7494 	7914 	8274 	9455
2788 	3258 	8476
2887 	3464 	5259 	5361 	5844 	5878 	6999 	8895
631 	5436 	6766 	7228
2758 	7559
4139 	4741
4877 	9299
4544 	5117 	5863 	6941 	7138 	7919
2701 	2933 	5938 	7065 	8517
455 	4153 	7421
8109
3345 	6005
717 	4958 	5259 	6999 	9417
1514 	1593 	5556 	5667 	6069 	7569 	7570 	8801
103 	1458 	1470 	8586
3537
5778 	7846 	8286 	8680 	9098 	9766
2690 	3333 	6173 	6276 	6920 	7694 	8152 	9129 	9282
6376
3785
1110 	6386 	9213
4596
2315 	7781
39 	52 	6820 	8844
3120 	3463 	6623 	6719 	6980 	7289 	7325 	7769
4780 	5104 	8311 	8663 	9169 	9210
1920 	4362
5987 	5992
167 	1221 	2973 	3077 	3357 	3706 	3863 	6590 	8367 	9164 	9243 	9435
2911
2376 	2713 	3592 	3604 	3839 	6002 	6380 	6530 	8782
5257
3749
3883 	4416
391 	6675
6350
4676
5031
4425 	4662 	7465
1926 	3258 	3693 	9700
1479 	1680 	1808 	4863 	4922 	5408 	7972 	9527 	9802
268 	1020 	2137 	2431 	2457 	2611 	2846 	3347 	3494 	3523 	3580 	4415 	4439 	4544 	5048 	6451 	7755 	7938 	9486
4580
8426
2070
1986
63 	744 	899 	939 	949 	1542 	1676 	2296 	2362 	2660 	2777 	3445 	3554 	3615 	3789 	4668 	5310 	5325 	5403 	5483 	5735 	6106 	6583 	6787 	6872 	6985 	7111 	7362 	7450 	7699 	7950
2870 	4816 	6303 	7965 	8223 	9228
2235 	2564 	4087
4631 	5450 	8214
1418
4659 	5934 	7151
3220 	7216 	7712
3067 	3382 	4989
1083 	2090
444 	474 	495 	732 	1541 	1930 	2047 	2243 	2323 	2845 	3185 	3239 	3494 	3512 	4137 	4140 	4407 	5609 	5766 	5792 	6163 	6271 	6397 	6463 	6551 	6597 	6646 	7294 	7367 	7393 	7707 	7721 	7938 	7989 	8188 	8662 	8813 	9187 	9188 	9298 	9320 	9641
128 	687 	3883 	5478 	7682 	8149
4065 	9487
4139 	4699
2799 	4969 	7946 	8916 	8917
2749 	3383 	8694
497 	662 	5633 	6920 	7694
3770 	4251
2844
1738 	4483 	5033 	8580
3247 	3959 	4194 	5091 	5639 	5809 	8688 	9434
6177 	8575
3214 	4434
7709 	9310
244 	3834 	6363
4065 	7798 	8469
1967 	7507 	7983
255 	1511 	1555 	3341 	5744 	6525 	6820 	7653 	8311 	8844 	9210
545 	2217 	6462 	7299
1278 	9170
1278 	1663 	3238 	4735 	6255 	9170
9131
1013 	1112
1293 	4957
2651 	5282 	7117
1232 	1523 	1524 	7030
1010 	1307 	5689 	6890 	7198 	9730
1785 	2164 	2265 	3987 	4356 	4368 	4786 	5026 	5405 	7023
63 	744 	862 	939 	949 	1542 	1676 	2296 	2362 	2660 	2777 	3445 	3554 	3615 	3789 	4668 	5310 	5325 	5403 	5483 	5735 	6106 	6583 	6787 	6872 	6985 	7111 	7362 	7450 	7699 	7950 	8324
371 	1328 	1506 	2413 	2776 	5345 	6688 	8307 	8671
908 	985 	5230 	5363 	6098 	8732 	8841 	8860
1065
2 	1549 	7150 	7432 	9416
145 	1792 	5151 	5228 	8137 	8902 	9198
248 	1388 	2181 	2990 	8427
1296 	2294 	9085
1796 	2247
146 	901 	909 	1490 	1555 	1596 	4494 	4927 	5168 	5282 	6098 	6620 	7169 	7255 	7571 	7772 	7999 	8313 	8732 	8841 	9230 	9544 	9716
146 	908 	6620
732 	6423 	6514 	6646 	7367 	7946 	8188 	8885
4585
4526 	6317 	8231 	9261
133 	2442 	4407 	5182 	6192 	6869 	7452 	7931 	8060
3819 	4767 	7044
4748
246 	621 	720 	1016 	1861 	2193 	3205 	4119 	4159 	4744 	5058 	6379 	6489 	7698 	8138 	8239 	8691 	9505
1111 	7813 	9645
308 	531 	1150 	1821 	2032 	2161 	2284 	2378 	2756 	2798 	2858 	3349 	4240 	4643 	4810 	4900 	5810 	6095 	6163 	6841 	7615 	7726 	8184 	9134 	9273
7218 	7847
2031 	2464 	2687 	7353 	8314 	8535 	8911 	9074
1052 	2179 	2469 	3506 	4609 	5476 	6918 	7324 	7713 	7722 	7758 	8542 	9296
2959 	9403
17 	284 	1371 	4684 	6761 	8941
188 	1636 	1685 	5217 	7658 	8612
2539 	5766
4661 	4806 	7846 	7946 	8311
8976
950 	2301 	3539
1429 	2256 	3063 	4584 	9162 	9837
617 	3185 	4868 	7847
3666 	3961
210 	539 	4793 	5003
292
4421 	5034 	5328 	6903 	8243
58 	724 	1119 	2523 	8744 	9416
3466 	4371 	6884 	7744 	8769 	9196
6383
2356 	2495 	4151 	6467 	9264
47 	63 	744 	862 	899 	949 	1542 	1676 	2296 	2362 	2660 	2777 	3445 	3554 	3615 	3789 	4668 	4870 	5310 	5325 	5403 	5483 	5735 	6106 	6583 	6787 	6872 	6985 	7111 	7362 	7450 	7699 	7950 	9057
6605 	6890 	8574
942
941 	2550 	2909 	6148
4285 	4812 	6615 	7255 	9054
7454
2273
999 	1057 	3982
5519
4437
63 	744 	862 	899 	939 	1542 	1676 	2296 	2362 	2660 	2777 	3445 	3554 	3615 	3789 	4668 	5310 	5325 	5403 	5483 	5735 	6106 	6583 	6787 	6872 	6985 	7111 	7362 	7450 	7699 	7950
627 	680 	928 	1003 	1054 	2093 	2301 	3539 	6028
1060 	5800 	8461 	9260
1736 	3023 	4024 	4952 	4990 	5416 	5956 	6562 	6654
5681
4274 	6662
6531
5595 	8228
2023 	8165 	9071
1311
5441
195 	1250 	1637 	5285 	6890 	8117
1705 	4572 	5546
1962 	3198
702 	5132 	5456
5 	2944 	7877 	8097 	9225 	9413
2893 	9817
671 	5128 	7349 	9197
8782
7879
1756 	2219 	3057 	3356 	6163
222 	4092 	4105 	6149 	7348 	9339
5289 	5745 	7193
481 	1234 	2028 	5662 	7248 	7777
5354
1364 	3303 	3970 	4896 	5161 	6880 	7104 	8476
2497 	3090
324 	1237 	1446 	3117 	5027 	5350 	5425 	5910 	6163 	6815 	7240 	7794 	8423
2703 	4220 	4689 	4895 	6768 	7306
1388 	1636 	2017 	2328 	2990 	3311 	4358 	6705 	7246 	7909 	8664 	9348
3157
3819
230 	1312 	1374 	1545 	2276 	2497 	2867 	3090 	3203 	3245 	3869 	5244 	5440 	5707 	5768 	7746 	7842 	8365 	8786 	8894 	9335
7277 	7888 	8495
2416 	8825 	9620
129 	429 	1006 	1275 	1607 	1620 	1792 	1891 	3485 	4547 	4748 	5292 	6846 	7564 	8125 	8137 	8157 	8251 	8610 	9151 	9325 	9673
901 	4542 	5277 	7437 	9442 	9692
2638 	5964
1183 	3981
9683 	9807
6491
4550 	8339
1938
2699 	4643 	6538 	7703 	9165
232 	5047 	6299
6159
371 	1334 	5753 	6592 	9114 	9862
1846 	2924 	4908 	9049 	9785
1113 	1147 	1459 	2913 	3493 	4211 	4344 	5277 	5624 	5784 	6072 	6289 	7436 	7658 	8541 	8551 	9118
1078
946 	1057
2051 	3738 	5794
5032 	6458
694 	9872
33 	227 	544 	950 	1775 	2841 	3356 	5721 	8328 	8764 	9517
5287 	9138
2726
984 	3485 	4748
5070 	7647
1154 	1275 	1318 	2001 	2479 	2491 	5188 	7723
484 	503 	506 	1590 	2022 	5719 	6822 	6981 	8320 	9083 	9696
158 	897 	5689 	6890 	9730
12 	13 	7577
30 	76 	157 	1083 	1270 	1802 	2013 	2111 	2112 	2388 	3183 	3572 	3894 	3921 	4220 	4851 	4890 	5032 	5113 	5123 	5290 	5496 	5858 	5946 	6974 	7260 	7870 	8315 	8911 	9598 	9784 	9804 	9824
893 	1112
179 	345 	481 	2176 	2882 	3065 	3091 	3750 	4014 	4661 	4670 	5778 	6369 	6463 	6813 	7846 	7949 	8301 	8311 	8430 	8753 	9603 	9604
5032
246 	621 	720 	916 	1861 	2193 	3205 	4119 	4159 	4744 	5058 	6379 	6489 	7698 	8138 	8239 	8691 	9505
190 	562 	1775 	2037 	2080 	2529 	2882 	3009 	3069 	3356 	4289 	4484 	5078 	5346 	5447 	6549 	6971 	7110 	8121 	8141 	8692 	8752 	8917 	9450
482 	1198 	4992 	7890 	8606
412 	698 	2795 	2932 	3407 	4240 	4677 	7306 	9134 	9611
857 	1209 	1881 	2966 	3347 	4921 	5172 	6437
3575
2631
1083 	1406 	1802 	2168 	2282 	3027 	4636 	5174 	5290 	5823 	6463 	7214 	7216 	7686 	8983 	9538
6282 	8413
5036
1364 	3811 	5003 	6714 	7149 	7506
4708 	4999 	5559 	5925 	6645 	8389 	8476 	9076
5532
4711 	5133
1572 	2073 	2104 	2278 	3589 	3676
2072 	5008 	6912 	8404
804 	1114 	1267 	1269 	1306 	1321 	2322 	2394 	2625 	3418 	4481 	4640 	4813 	5339 	5433 	5448 	5770 	7029 	7379 	7594 	7905 	8187 	9357
1936 	5840 	6828 	6944 	8179
8260
2684 	5364
3155 	7572
1 	1150 	2817 	2883 	3553 	3831 	5223 	5366 	5601 	5757 	6095 	6148 	6217 	6277 	6293 	6429 	6752 	6820 	6841 	8273 	9458 	9671
1869 	3409 	4105 	5006 	9746
2241 	3988 	5058
2719 	4566
5153 	9312
1157 	4278 	9724
2031 	2687 	3360 	8314
2368 	3621 	5893 	6680 	7733 	9870
641 	1145 	1353 	1817 	1889 	1896 	2613 	2797 	2886 	2965 	3253 	3504 	4269 	4421 	4560 	5017 	5523 	6609 	6810 	7432 	8696 	8705 	8840 	9831
3524 	4064 	6838 	8891
1548
4193 	6879
1326 	3221 	4392 	5535 	6947 	7096 	8976 	9131 	9537
136 	2313 	3446 	3602 	4902 	5868 	7300 	8224 	9043
7058
921 	2179 	9296
6715 	9462
627 	950 	1722 	2122 	8910 	9655
5161 	5560 	8419 	8476 	9263
615 	6082 	7587
469 	946 	999 	2940 	3982 	4066 	4432 	4479 	8668
4303
479
951 	3393 	4711 	5800 	8460 	8461 	9260 	9701
728 	746 	1463 	3130 	3207 	3693 	6343 	7093 	8456 	8539 	8883
339 	340 	595 	3809 	9245
293 	1747 	2167 	2689 	3421 	3584 	3608 	4043 	5068 	5426 	7592 	7766 	8366
7269
902
3500
2440
5494
198 	2099 	2292
760 	2930 	4407 	6771 	8201 	8406
1213 	1673 	1850 	2703 	3966 	4876 	5019 	5028 	6423
754 	1111 	2201 	2908 	3617 	5796 	7712 	9202
512 	6425 	7269
2488
2190 	2613 	5017 	5336 	6546 	6916 	8350
750 	795 	1207 	1376 	1869 	3796 	5358 	5438 	6408 	7397 	8558 	8642 	9203 	9446
3603
998
1669 	5197 	9657
1605 	3538 	4304 	6744
2696 	4341 	4452 	4924 	7181
2507 	4479
870 	1012 	1023 	1802 	2013 	2090 	5032 	5314 	6574 	7214
3339 	3501 	8827 	9156 	9478
2507 	4479
482 	1198 	2655 	4992 	5244 	6998 	8606
330 	4276 	6528
250 	2459 	3215 	3899 	9256
3181
12 	13 	1775 	3114 	3573 	9699 	9796
785 	1543 	2266 	2567 	4944
2514 	9178
5954
2748 	5074 	8293
651 	1952 	2028 	2197 	2622 	3207 	3578 	4033 	4715 	4989 	5048 	5060 	5114 	7072 	7360 	7424 	7755 	7787
224 	4453
185 	218 	2139 	2311 	2448 	2630 	2699 	2806 	3149 	5088 	5413 	5858 	6458 	8400 	8484 	9165
575 	1238 	2567 	5322 	6697 	6926 	7453 	7605 	8663 	8893
3732 	6258
4817 	6515
7986
2886 	4074 	4421 	5077 	5134 	5328 	5521 	6533 	7179 	8229
8768
6291 	9764
6293 	9764
6809
1108 	1999 	3757 	4589 	6458
459 	521 	1107 	1722 	2491 	2703 	2817 	2875 	3424 	3680 	3757 	4509 	4589 	4895 	5053 	5636 	6293 	6458 	6591 	6716 	6747 	6768 	6863 	7276 	7588 	7974 	8003 	8101 	8822 	8934 	8951 	9609
331 	2531 	3387 	4266 	6645 	6880 	8068 	8934 	8991 	9739
568 	703 	836 	2858 	4754 	4942 	6952 	8983 	9074
917 	1072 	1766 	2011 	2046 	2439 	3139 	4967 	5756 	5887 	6333 	7290 	7369 	7813 	8470 	8520 	9178 	9645
893 	1013 	2515 	3799
997 	2334 	9196
804 	1032 	1267 	1269 	1306 	1321 	2322 	2394 	2625 	3418 	4481 	4640 	4813 	5339 	5433 	5448 	5770 	7029 	7379 	7594 	7905 	8187 	9357
6223 	8075 	9838
4377
2360 	7146
423 	1489 	2081 	3375 	3772 	5077 	5821 	6685 	7614 	8885
935 	8744 	9416
346 	6229 	7058 	7302
1748 	9699
3830 	4916 	7436 	7954
5629 	8180
1401
8802
189 	1331 	1756 	2699 	2708 	4781 	5103 	5479 	6366 	6819 	9042 	9165
3534 	7745
477 	2105 	7546 	7599 	9026 	9789
222 	782 	783 	803 	3876 	3929 	4455 	4491 	4511 	6735 	8581 	8786
188 	7289 	8812 	9304
1341 	3348 	6046 	6591 	8951
96
92 	139 	394 	1540 	1591 	1877 	1918 	1983 	2387 	2406 	2537 	3022 	3193 	3621 	3975 	4310 	4613 	4736 	4961 	5050 	5086 	5137 	5147 	5247 	5298 	5360 	5739 	5925 	6220 	6486 	7024 	7031 	7076 	7137 	8192 	9743 	9744 	9781
1263 	4558
497 	1937 	5584 	7047
2161 	3412 	5105
293 	2151 	3225 	4788 	7602 	8768 	8948
3250 	6874
504
1226 	2045
1981 	8471
1829 	3031 	3481 	5620 	5621
2303 	2728 	2839 	6567 	9540 	9758
651 	1368 	5479
358 	1045 	4116 	4859 	5841 	6609 	8696 	9711 	9810
1579
997
2503 	6839 	6973
8495
918 	1037 	1547 	1694 	2161 	2283 	2883 	2954 	4240 	4595 	6148 	6217 	6293 	6820 	8140 	8273 	9112 	9458 	9764
152 	2263 	2543 	7787
1973 	4461 	7179 	9294
225 	7249
1008 	2491 	3494 	5760 	5917 	5998 	6996 	7167 	7398 	7406 	7723
7276
2874 	3072 	8319 	9829
806 	1042 	1368 	1859 	2513 	4278 	5316 	6949 	6971 	7418 	7491 	8330 	9554 	9724
2988 	8894
132 	2861 	3373 	4014 	4999 	5176 	6582
2398 	3693 	4078 	9076
1336 	1795 	2352
9513
1853 	4526
1268 	1316 	1554 	4278 	5577 	5715
2802 	4734 	5085 	5447
1728 	4683 	7180
4290
3103 	3905 	9325 	9526
2626 	2647
732 	1461 	3848 	4215 	5009 	5642 	5931 	6324 	6552 	7422 	8259 	8885 	9531 	9785
5015 	6079 	6938
9529
2670 	3103 	8709
1284 	1535 	2707 	6753 	6754
2782 	5289 	7193 	8412
1283 	1330 	2652 	6657 	9203
444 	5149 	6211 	6746 	8553
147 	541 	6684
1309 	1547 	4278 	7491 	9112 	9764
6082
6100
9816
987 	1364 	2786 	3981 	4675
8436
144 	1343 	3070 	6043
784 	801 	2333 	2517 	2788 	3065 	3081 	3258 	4035 	4266 	5027 	5151 	6645 	7688 	8476 	8477 	8592 	8785 	8934 	9451 	9629
2546 	3926 	6086 	7833 	9405 	9496
1995 	4127
2817 	8995
1871 	2183 	3561 	5420 	9179
2629 	4728
5080 	5364 	5571
305 	1208 	2199 	2288 	6407
84
6545 	7091 	7626
1611
1322 	2449 	8697
399 	482 	1018 	1086 	4149 	4492 	4992 	6998 	7890 	8606
2167 	5407 	5996 	6535
3970 	3980 	5088 	6366
2833 	5593
4192 	8221
1305 	1693 	2684 	7566
3477 	3561 	8306 	9179 	9446
450 	1689 	2343 	2347 	4233 	5025 	5736 	5895 	8333 	8667 	9414
739 	757 	1326 	2366 	2513 	2952 	4690 	5281 	6150 	6179 	7576 	8525 	8905
1076 	3264 	6408 	6657 	7397 	8642 	9203
1193 	2199 	2288
411 	726 	1020 	1882 	1908 	1952 	2434 	2457 	2966 	3579 	3804 	4078 	5177 	5792 	6437 	6564 	6690 	7024 	7076 	7318 	8185
4740 	8860
1586 	2202 	2426 	2427 	3244 	3302 	3413 	4204 	4463 	4646 	5465 	5716 	8310 	8819 	8977 	9157 	9337 	9348 	9752 	9830
5064
478 	806 	1071 	1673 	1907 	2080 	3775 	4734 	4747 	5197 	9148 	9869
264 	455 	1823 	3700 	3922 	6195 	7421 	7423 	8755 	8918 	9840
5518 	7910
9151
7966 	8487 	9638
6167
7380 	8976
83 	5046 	8285 	9494
844 	9243
356 	3133 	5731 	6962 	7340
808 	5195 	5261
1505 	1573 	1768 	2080 	2742 	3078 	3583 	4697 	5110 	5508 	6965 	8146 	8824 	8924 	9095 	9185 	9212 	9755
35 	66 	1681 	4869 	5126 	5266 	5267 	5836 	6756 	6759
1140 	2045
2354 	4318 	4639 	5718 	7422
2369 	2512 	2819 	2832 	4702 	4807 	5700 	6472 	7034 	7866 	8682 	9426 	9755
1314 	6511 	6657 	7397 	7865 	9203
8788
4044 	5184
896 	1523 	1524 	7030
4801 	7487
481 	651 	972 	1715 	1746 	2622 	3966 	4018 	5029 	5048 	5685 	6458 	7201 	7491 	9488
4782
558 	1839 	3131 	5917 	8144
976 	1686 	3216 	3217 	5350 	5424 	5425 	5563 	5910 	8423 	9314 	9781
222 	322 	575 	1098 	2614 	5282 	5322 	6380
641 	1533 	1817 	2451 	2941 	5261 	6015 	7097 	7277 	9122
4872
457 	801
1656 	2567 	2984 	5282 	6236 	8278 	8900
86 	1283 	3264 	4384 	4547 	5104 	5110 	5906 	8724
377 	2274 	4341 	6078 	8699 	9002
3354 	7784
565 	1281 	1610 	3425 	5452 	5761 	5893 	6259
1254 	2860 	4730 	5697 	5698 	6691 	6693 	9239
5156
3698 	4063 	7817
195 	960 	1637 	2347 	2641 	2778 	3684 	5021 	6657 	6890 	8117 	8667 	9029 	9203
1694
5491 	6082
3862 	4497 	5040 	5489 	5769
1247 	4730
9340
2029
2567
3838 	5273
2820
758 	2388 	5531 	9170
2680
4885 	5122 	5810
1134 	1416 	1825 	3337 	4324 	4558 	5816 	6508 	8773
7343 	8863
4332 	4390
114 	2128 	2297 	2518 	2724 	3127 	3258 	3346 	3467 	3754 	3981 	4013 	4426 	4662 	6339 	6386 	6425 	6485 	7008 	7270 	8315 	8694 	8911 	9295
804 	1032 	1114 	1269 	1306 	1321 	2322 	2394 	2625 	3418 	4481 	4640 	4813 	5339 	5433 	5448 	5770 	7029 	7379 	7594 	7905 	8187 	9357
1164 	1316 	4278 	5402 	5577
804 	1032 	1114 	1267 	1306 	1321 	2322 	2394 	2625 	3418 	4481 	4640 	4813 	5339 	5433 	5448 	5770 	7029 	7379 	7594 	7905 	8187 	9357
616 	1012 	1802 	2665 	2990 	4675 	5515 	6731 	9069
1610 	2699 	3609 	5088
718
6527 	8553
220 	680 	2382 	4783 	6028
545 	984 	1008 	1318 	1627 	2001 	2492 	3894 	8121
1511 	5490 	6823 	6836
3341 	6369 	7653 	8311 	9210
132 	890 	891 	1663 	2252 	2388 	3050 	3238 	4735 	5419 	5566 	6255 	9072 	9170
552 	1717 	1998 	2058 	2707 	5198 	5672 	6010 	6753 	7607
1914
1246 	2220 	2879 	4939 	5893 	6042
2502 	7658
86 	806 	1176 	1243 	1330 	1735 	2403 	2832 	3021 	3264 	5106 	5107 	5110 	6526 	6657 	6825 	6909 	6984 	7134 	8682 	9203 	9231 	9731
1174 	1535 	2413 	2707 	5672 	6753 	6754 	8867
2162 	2190 	3750 	5336 	6263 	6546 	6652 	7965
4332
5725 	9059
493 	3691
5648
2491
3303
3153 	3297 	3906 	4818 	6730 	8773
894 	4957
246 	2518 	5218
4971 	5195
906 	3757 	9085
4759 	8694
371 	1336 	1795 	2352 	2513 	3713 	6484 	6711 	7034 	7700 	8289 	8905
2543 	2854 	4408 	5620
7193
281 	402 	2960 	3066 	4614 	5119 	6016 	6629 	6856 	7319 	8332
6728
1876
1876
1203 	1693 	2684 	7566
804 	1032 	1114 	1267 	1269 	1321 	2322 	2394 	2625 	3418 	4481 	4640 	4813 	5339 	5433 	5448 	5770 	7029 	7379 	7594 	7905 	8187 	9357
897
5381 	8519 	9033
1179 	9112
8559
659 	958 	1652 	2334 	2548 	2567 	2651 	4367 	4968 	5282 	6642 	7255 	7394 	8663 	8842 	9760
230 	981 	2276 	2988 	3869 	4028 	4342 	5440 	7184 	8786 	9335
3596 	5680 	8718
167 	1229 	6657 	6972 	7397 	8269 	9203
773 	4341 	4839 	7563 	8100 	8655 	8959
100 	166 	1164 	1268 	2252 	2307 	2384 	2495 	5577 	5714 	6364 	9042
191 	1710
141 	1008 	1275 	2001 	2492 	2774 	3894 	7001 	8266
1774 	7705
6720 	9148
804 	1032 	1114 	1267 	1269 	1306 	2322 	2394 	2625 	3418 	4481 	4640 	4813 	5339 	5433 	5448 	5770 	7029 	7379 	7594 	7905 	8187 	9357
85 	266 	1197 	1589 	1641 	2403 	2449 	6891 	8424 	8697
2161
2778 	3248 	3312 	6483 	8905
751 	2338 	3693 	6397 	9076
62 	516 	739 	1049 	1206 	2366 	2952 	3122 	3484 	4690 	5584 	6150 	6179 	6947 	7144 	7576 	8318 	8525 	8885 	8937 	9258 	9411
2824 	4205 	4902
508 	900 	2776 	3375 	3706 	5312 	6377 	6688 	7117 	7614 	8112 	8307 	8671 	9243
6228
1176 	1283 	6657 	9203
189 	1126
2065 	4792
1969 	5265
995 	2401 	3428 	5089 	6592 	7797 	7833 	9114 	9405 	9862
2615 	4144 	5893 	8873
263 	322 	757 	806 	1161 	1298 	1613 	1746 	1795 	2352 	2513 	3057 	3966 	4806 	4989 	5111 	6971 	7161 	8312 	8905
209 	210
507 	3140 	4697
4806
5817 	8806
1131 	6046
1834
144 	1185
3013 	7910
210 	9179
5930 	8577
4215 	4218 	4219 	6561
787 	5254 	7522
2484 	5051 	6075 	6908 	9380
4185 	4319 	5286 	8479 	9530
714 	1416 	1457 	1751 	1853 	2268 	2336 	2849 	2874 	3309 	4313 	4321 	4543 	4752 	5305 	5733 	6186 	6894 	6953 	6959 	7341 	7999 	8951 	8978 	9121 	9678 	9816
1971 	3996 	7999
16 	346 	641 	1045 	1817 	7282 	8696
3234 	4553 	5859
455 	604
3791
3901 	5866
520 	2934 	5136 	7701
6612 	6653
1781 	2669 	3537 	7076 	9404
2083 	4692 	4796 	4839 	8983
741 	1961 	2078 	2204 	3207 	4422 	4741 	6024 	6153 	7300 	7721 	8106 	8109 	8197 	9043 	9452
289 	677 	3659
204 	372 	413 	512 	974 	1026 	1183 	1695 	2110 	2181 	2209 	2786 	3303 	3481 	3871 	4033 	4642 	5925 	6051 	6714 	7149 	8048 	8065 	8315
7149
2517 	5835 	9399
9235
350 	651 	1144 	1157 	1585 	2043 	2334 	2352 	2551 	2786 	2956 	3966 	4278 	5316 	5479 	6027 	7491 	9260 	9724
1408 	1492 	2669 	3268 	4498 	4753 	4887 	6613 	9188 	9596
1907
923 	6761 	8941
1373 	5197
1372 	1669 	1722 	5197
490 	981 	2203 	2934 	5707 	7663 	7746 	7968 	8365
52 	512 	737 	2955 	7269 	7723 	8123 	8915 	9721
795 	1076 	9446
1382 	6767 	7425
8961
5609 	6340 	8304 	8621
2032
1616 	2291 	3442 	5976 	6335 	7073 	9573
1377
7939
3059 	3103 	5011 	8169
3543 	4927 	8020 	9328 	9600
2960
6954
905 	978 	2071 	2181 	2990 	7432
9456
2181 	8664
518 	5643
8623 	9714
6027
2095 	2663 	6519 	7121 	8362 	8513
9581 	9691
415 	1418 	1500 	3458 	3747 	3871 	4851 	4999 	5058 	5609 	6231 	6399 	6880
2662
2029
5747
3497 	4760 	6560
1124
3897 	4201
8318 	9606
152 	2548 	2551
222 	361 	2443 	2553 	4164 	4491 	5141 	6500 	9731
1023
1942 	3103 	3747 	4198 	4856 	4887 	5380 	5899 	7530 	8709 	9011 	9526
1369 	2042 	2649 	3098 	3236 	4004 	4887 	5095 	5140 	7506 	7976 	9596
4514 	9531
3103 	3189 	3433 	5051 	6908 	9526
2286 	3543 	8020 	9600
672 	1469 	2080 	2857 	3179 	4881 	6398
2290 	3104 	4924 	5040 	9799
6125
2548 	7893
506 	1263 	1351 	1750 	2268 	2336 	2411 	3745 	4321 	4558 	4752 	4770 	4849 	4851 	4926 	5040 	5141 	5197 	5733 	5816 	5998 	6117 	6120 	7430 	7907 	9531 	9816
1860 	1981 	2265 	3103 	4855 	8522 	9318 	9377 	9602
866 	1396 	2207 	3317 	3320 	3543 	3555 	4756 	4886 	5040 	6231 	6268 	8887 	8961 	9525 	9526 	9601
1636
3559 	4564 	4890 	4922
307 	341 	1970 	3176 	3415 	4852 	5344 	6875 	7953 	9320
3454 	9630
4857 	9777
2595 	4520 	5569 	8026 	8957
5141 	7339 	8934 	9731
2574 	5654 	6300 	6345 	7354 	9009
2318 	4145 	8119 	8556
4022 	7844
115 	431 	488 	658 	929 	3063 	3660 	4072 	4249 	4371 	4459 	5971 	6884 	7750 	8551 	9196 	9710 	9856
9848
6243 	9703
2281 	4367 	4733 	9152
4274 	6095
6598 	8936
4274 	4685 	6107 	7823
2669 	4498 	5579 	9641
8373
3452
7286
751 	1952 	2982 	3036 	3866 	3998 	4277 	4721 	9617 	9735
349 	9660
8025 	9804
6591
4374
3285
99 	976 	6636 	7240
9071 	9204
1910 	2739 	4007 	4008 	5131 	6534
2154 	5622 	8389
5582
2850 	8534
2161 	4435 	8033
6003 	9235
3556 	9315 	9762
1921 	1970 	2741 	3318 	3415
408
1351 	2550 	2852 	4313 	6148 	6773
830 	1470
997 	2174 	4000 	4064 	4211 	4344 	7658 	8341 	8891
703 	6017 	9213
1170 	3614 	4211 	4752 	4760 	5990 	6314 	6555 	7907
3848 	4215 	4747 	6560 	7252 	7477 	8258
735 	1061 	3693 	4471 	8456
3428 	5089 	8398
448 	4221 	4222 	4752 	5133 	5738 	6111 	6490 	9407
1607 	2643 	3945 	5221 	5605 	6924 	8157 	8937
1496 	4209 	4211 	4219 	4752 	4753 	5893 	6178
3962 	5740 	8034 	8295 	9767
1412 	3179
830 	1458 	3439 	4874 	6956
29 	245 	9657
3966 	7062 	7201 	8072 	9509
5957 	6895
776 	3823 	7912
1623 	3899
6480
6475
1551 	2979
856 	1680 	1808 	4863 	4922 	5408 	9527 	9802
5197
2554 	3219 	4687 	5093 	9174
231 	9313
191 	1511 	1710 	2361 	2955 	3341 	3806 	5216 	6103 	6210 	6738 	6854 	7723 	8123 	9247
2142 	2194 	3896 	4428 	4594
5137
1910 	2739 	4409 	9077
5951
4199 	7324
346 	423 	1118 	2509 	3772 	5077 	7025 	7380 	7833 	8976 	9181 	9349 	9862
801 	908 	2018 	2982 	3454 	3549 	4005 	4179 	4851 	5034 	5089 	7255 	7467 	7866 	7948 	8068 	8398 	8893 	9409 	9531 	9711 	9715 	9862
2838
1369
1510 	2237 	8216 	9251
7470 	8666
1875 	5522 	6420 	6636
1467 	4209
101 	1499 	3891 	5990 	6559 	8046
1806 	1867 	2241 	2520 	4362 	7260 	8816
101 	1497 	6314 	6559
1396 	2588 	3458 	5058 	7971 	8991
4753 	9188
7956
572 	2109 	2419 	5909 	6967 	9351 	9501
3607 	4004 	4888 	6118 	8933
65 	669 	1224 	2405 	9095
900 	2413 	2776 	8307 	8671
2479 	4973 	7723
113 	1598 	5701 	5719 	8454 	9061 	9191
211 	2473
1493
255 	663 	888 	1276 	1483 	1555 	2361 	2500 	3018 	3341 	4661 	6813 	7637 	7846
617 	4205 	8457
4757 	6555
829 	5556 	6069 	7570
8926
6483
2888 	6374 	6658 	8454
7596
1881 	2940 	5172
9098
3737 	6798
2332 	4871 	8685
896 	1232 	1524 	7030
896 	1232 	1523 	7030
414 	9843
4996 	6246
1628
3254
1879 	2311 	3095 	3500 	3966 	4270 	4546 	6971 	7062 	7294 	8106 	8662 	8731 	8885 	9488 	9863
1858 	5677
53 	1536 	1722 	2167 	2220 	2241 	2291 	4667 	4838 	5996 	7384 	7679 	8648 	9159 	9303 	9320
426 	1596 	2252 	2260 	2649 	5827 	9852
1239 	2451 	2941 	7277 	9122
4230 	4526 	7143
1174 	1284 	2707 	6753 	6754
1531 	2291
554 	698 	1957 	5241 	8078 	8203 	8227 	9381
8564
3186
811 	1133 	1591 	2387 	2406 	3027 	3916 	5085 	5360 	5739 	6471 	7935 	9075 	9224
871 	3185 	4235 	6271
63 	744 	862 	899 	939 	949 	1676 	2296 	2362 	2660 	2777 	3445 	3554 	3615 	3789 	4668 	5310 	5325 	5403 	5483 	5735 	6106 	6583 	6787 	6872 	6985 	7111 	7362 	7450 	7699 	7950
785 	1091 	1554 	2266 	2567 	2699 	4944 	7580 	9042
7491 	8778
230 	981 	2276 	3203 	3245 	5244
6426 	6714
1150 	1179 	2161 	4239 	4240 	4278 	4737 	7974 	9112 	9764
1047
307 	341 	903 	2741 	4011 	4033 	5812 	6075 	7150 	7432 	7762 	8085
3534
631 	1478 	6766
2104 	6703 	8425
6370
785 	1164 	1543 	2266 	2567
255 	768 	888 	908 	1511 	1596 	2500 	3088 	3341 	5351 	6674 	6813 	6886 	8863
6151 	9174
4924 	6678 	8959 	9316
93 	2858 	3589 	6263 	6916 	6952 	7210 	7338 	9078 	9451
807 	3502 	4871 	6180
599 	6007
6412
4425
6412 	7907
1846 	2167 	3581 	5407 	5996
1736 	2771
362 	2559 	2734 	3646 	4610 	6114
43
635 	3675 	8843
3861
3476 	3485 	5292
7698
1030 	3676
1224 	4437 	5917
5579 	7601 	9151
3140 	4526 	4697 	5760 	8894
7242
3606
4245 	7616 	7801
1146
520 	3316 	7405
222 	6989
2390 	2895 	3984 	7321
118 	1885 	5324 	5720 	5782 	6453 	8745
3935 	6966
1368 	1756 	2028 	2062 	2312 	4479 	4653 	7842
1211 	2202 	2426 	2427 	3244 	3302 	3413 	4204 	4463 	4646 	5465 	5716 	8310 	8819 	8977 	9157 	9337 	9348 	9752 	9830
6018
602
85 	266 	1322 	1641 	2403 	8424
1009 	6981
1133 	1540 	2406 	3871 	5925 	8592
544 	1775 	8863
829 	7570
3126 	7724 	8863
562 	2985
318 	426 	908 	1532 	1555 	1898 	2213 	2260 	2360 	2792 	2874 	5231 	6813 	6939 	7637 	8863 	9230 	9544 	9829
630 	5113
1508
759 	4967
538 	1671 	2652 	6819 	7128 	7872 	8478
214
9182
354 	512 	6358 	8915 	9721
2230 	8959
1080 	3538 	4304 	6744
766 	3175 	3503 	5200 	9074 	9266
249 	984 	1466 	1809 	3146 	3613 	4153 	4298 	4647 	5221 	5605 	5817 	6633 	7379 	8157 	8251 	8513 	9151
4341 	4754 	4973 	8387 	8571
616 	8541
565 	601 	1246 	1271 	1612 	2112 	2699 	2972 	3609 	4628 	4870 	4871 	5032 	5066 	5088 	5416 	6259 	6588 	6864 	6974 	7071 	7506 	8425 	8911 	9146 	9151 	9312
557 	1196 	1959 	2684 	3039 	3298 	7058 	7730 	7743 	8906
1610
263 	322 	1336 	1795 	2513 	3057 	8731 	8905
9213
5739 	7093
1381 	2291 	6580 	6864 	9424 	9535 	9571 	9703
375 	452 	1640 	1688 	1691 	2872 	4468 	5616 	6254 	6478 	6804 	7025 	7202 	7380 	7469 	8234 	8496 	9282 	9726
9295
3782 	3844 	4999 	7093
429 	984 	3340 	3485 	4547 	5416 	9151
1645 	3366 	7742 	8694 	9451
320
1475 	3899
3668 	5327
3819 	5421 	8939
2504 	2786 	4829 	5677 	8345 	8375
1275 	5787 	8121 	9588
1527
602 	3638 	3953 	4672 	6163
711 	1952 	2410 	2434 	3095 	5151 	5453 	6471 	6815 	7424 	9333 	9701
12
5002 	5760 	7723
7768
222 	3237 	4491 	4956 	9421
6890 	7230
25 	924 	978 	1419 	1846 	2017 	7246 	7658 	8011 	8664
195 	388 	960 	1250 	2657 	6866 	6890 	7274 	7766 	8117 	9158 	9721
154 	1897 	6971 	7911
529
1617 	7025
85 	266 	1322 	1589 	2403 	6891 	8424
5428
6404
6641 	8326
28 	1621 	1722 	3130 	3366 	6530 	6714
2267 	5366
5210
9116
203 	618 	2668 	3751 	7444
309 	798 	6742 	9700
3765 	4726 	5494
1311 	2548 	2567 	2651 	4968 	5282 	7255 	7394 	8663 	9760
9238
444 	9468
2301 	5504 	6067 	7056 	7625 	7888 	8878
1242 	8278
743 	4044 	5355
512 	622 	3356 	6425
9711
5066 	7402
732 	5008 	6912 	8404 	8885
2506 	3840 	4664 	6110 	8415
891 	1278 	3238 	4735
113 	3015 	3276
566 	2528 	4079 	9635
806 	2611 	2882 	3258 	4471 	4688 	5346 	6971 	7372 	8917
131 	5045
9423
1079 	1373 	5197
3621 	5227
538 	1600 	6140 	7128 	7872
2753 	3913 	4712 	5008 	6912 	7413 	7776 	8404 	8890
1071 	1213 	5935 	7777 	8694
771 	2827 	3529 	4619 	7150 	7752 	8992 	9355 	9554
7429
63 	744 	862 	899 	939 	949 	1542 	2296 	2362 	2660 	2777 	3445 	3554 	3615 	3789 	4668 	5310 	5325 	5403 	5483 	5735 	6106 	6583 	6787 	6872 	6985 	7111 	7362 	7450 	7699 	7950
9288
8915 	9721
3405 	5366
856 	1479 	1808 	4863 	4922 	5408 	9527 	9802
1225 	2819 	5126 	5267
2334 	9439
209 	539 	2028 	5739
6206
188 	924
1237 	5910
7087
1617 	5616 	6478 	7380 	7469 	8234
1205 	8667
6830 	7100 	7376 	7915 	8815
1617 	5616 	6478 	7380 	7469 	8234 	9282
2252 	3772 	5584 	6039 	6040 	6043 	6044 	8627
1203 	1305 	2684 	4801
1150 	1251 	2883 	6371
1364 	2209 	2518 	2946 	3027 	3481 	3970 	4179 	4363 	4485 	4772 	5906 	6397 	6463 	6924 	7104 	7466 	7762 	7949 	7953 	8058 	8189 	8733
4021 	6434
9828
12 	2341 	9314
663 	6620
1887 	6927 	9866
653 	732 	1879 	3171 	6971 	9489
1926 	2735 	7390
2878 	2891 	4974 	8113
6673 	6692
961 	1812 	4572 	5546 	5708 	6550 	7266 	7398 	7723 	9280
90 	5892 	6694
6686 	6724
647 	4682 	5354
8716
191 	1317 	1483 	3341 	5216 	6210
602 	6205
5266 	6133 	6756 	6759 	7488
768 	6055 	7165
634 	1752
258 	1234 	1999 	4277 	4415 	4473 	5029 	5048 	5606 	5685 	7201 	7453 	8753 	9617
9390
1279 	1998 	2707
2703 	7306
2271 	2760 	6895 	9013 	9697
431
3994 	4206 	4754 	9247
651 	1054 	1108 	1373 	1531 	1645 	1856 	2072 	2220 	2241 	2622 	2786 	3002 	3065 	3552 	3592 	4667 	4688 	4924 	5008 	5009 	5302 	6217 	6293 	6458 	6747 	6864 	6912 	7201 	7491 	7502 	7664 	8068 	8267 	8404 	8890 	8934 	9050 	9145 	9320 	9655 	9670
1803 	3002 	8267
1894 	5130 	9136
38 	5013
4551 	8570 	9065
6245
1166 	4683 	7180
2712 	3258 	5174 	6555 	7090 	8909 	9076 	9297
522 	2028 	4987
1732 	8205
1731 	1836 	6162 	8205
137 	1971 	2324 	2435 	3603 	4462 	4653 	5340 	6098 	6544 	8170
572 	4193 	4477 	4687 	6968 	8579 	9795
806 	1283 	5106 	6526 	6984
519 	952 	1565 	2771 	2931 	3901 	4024 	5074 	6532 	7208 	8162 	8973
3537 	4021
880 	4483 	5033 	5236 	5329 	6036 	6928 	7163 	8473 	8580 	9259
135 	9362
5073
1942 	4845 	4856 	6776 	8297
2517
429
617 	7304
615
651 	1234 	1336 	1795 	2253 	2352 	2511 	2513 	3382 	3966 	4740 	5048 	6971 	8318 	8731 	8860 	8905 	9701
293 	1063 	3871 	4266 	5791 	7602 	9347
12 	13 	33 	113 	141 	216 	1121 	1753 	2093 	3225 	3539 	8122 	9173 	9699
5420 	5698 	6105
1416 	4748 	6117 	6120 	6313
1351 	4543 	8264
634 	1714
113 	165 	507 	608 	734 	1748 	3009 	3140 	3345 	3886 	4466 	5107 	6087 	6148 	6185 	6363 	6427 	8272 	8355 	8881 	9173 	9417
5242
7492
344 	969 	1126 	1585 	2222 	2312 	3057 	3356 	3816 	3913 	5858 	6136 	6893 	7183 	7716 	9165 	9213 	9350
5084
8452
8856
2990
224 	688
8079
2366 	3081 	3963 	4137 	4266 	4505 	6895 	7748 	8432 	8524
2103 	6750
4831
1111 	3478
2027 	3280 	3828 	4192 	5212
268 	287 	1224 	2067 	3078 	5110 	7510
3787 	7123 	7206 	7559 	7927
8084
544
5075 	5354
4562
1319 	2476 	7705 	8845
217 	227 	318 	348 	544 	643 	1003 	1017 	1090 	1592 	1816 	2080 	2301 	2529 	2650 	3539 	3573 	4190 	5117 	5487 	6514 	6699 	6709 	6921 	7110 	7121 	7422 	7948 	7999 	8121 	8151 	8692 	8863 	9254 	9517
3795 	5863
5601
375 	583 	769 	1779 	1906 	2726 	2767 	2768 	2786 	3603 	3844 	4082 	4324 	4558 	5138 	5174 	5197 	5358 	5643 	5863 	5864 	6576 	7088 	7090 	7201 	7646 	8536 	8909 	9080 	9287 	9562 	9754
222 	1778 	3929 	4956 	5138 	6136 	6859 	7090 	7646
1970 	7104 	7337
727 	1360 	1842 	2669 	3366 	3432 	3614 	3823 	3966 	4035 	5474 	5864 	6312 	6555 	7076 	7584 	7938 	7977 	7999 	8679 	9641
1783
1782 	2611 	2977 	8393
3829 	5205
898 	2164 	2265 	3987 	4356 	4368 	4786 	5026 	5405 	7023
2444 	4110 	4262 	5293 	5428 	5499
275 	602 	606 	3215 	7088 	7663 	7962 	7981 	8299 	9684
1789
1788
3273 	3820
2769 	5911 	8162
904 	984 	3485 	4748 	5228 	5791 	6809 	9151
4990 	8314
4105 	4427
263 	322 	757 	806 	1161 	1298 	1336 	1613 	1746 	2352 	2513 	3057 	4439 	4806 	4937 	4938 	4989 	5111 	5606 	6971 	7161 	8312 	8905 	9115 	9137 	9219
907 	2085 	2247 	3090 	6108 	9445
1906 	3130 	3324 	5174 	5615 	6260 	9080 	9287
2723 	4030 	4745 	5199 	6634 	7841 	8858 	9256 	9301
203 	2444 	3855 	5649 	5986 	6337 	6722
5210
3481 	4179 	5391
47 	1012 	1023 	1083 	1270 	1804 	3248 	3579 	4191 	4803 	5286 	6706 	6797 	7071 	7214 	7967 	8911 	9057 	9192
1723 	3002 	8267
1802 	6706 	8911 	9192
7409 	8582
1498 	2241 	3395 	4667 	6686 	7284
709 	1836 	3042 	3967 	6433 	8220 	8668 	8684 	9063
856 	1479 	1680 	4863 	4922 	5408 	9527 	9802
1607 	4647
98 	2091 	3828 	4120
518 	587
1705 	4572
112
2256 	2778 	2789 	2984 	3210 	5472 	6362 	6483 	6512 	6801 	7397 	9203
5594
1775 	9240
16 	641 	1045 	1239 	1353 	5261 	7023
115 	7907
7446 	7758
7799 	7946 	8106 	8766 	8917
531 	918 	2161 	2378 	2756 	4240
2291 	3999
264 	1214 	3700 	8755
385 	811 	2067 	2099 	2168 	2609 	3229 	4651 	4675 	5028 	7096 	7132 	9069 	9081 	9712
1263 	3337 	4324 	8773
4101 	7948 	8525 	8657
4101 	7948 	8525
3265 	4447
1142 	3481 	5620
392 	5173 	5855 	5963
122 	2259 	2769 	5428 	6329 	8955
8056
2763 	5197
1342 	2309 	2556 	3444 	7791
4739 	5818 	8811
591 	1732 	1807 	2165 	3965 	4479 	5421 	7269 	7291 	7323 	8782 	9290
171 	2323 	2509 	2646 	2648 	2753 	2792 	2927 	3549 	3757 	4494 	5004 	5104 	5112 	6813 	7058 	7683 	8262 	8284 	8308 	8313 	8569 	8758 	8760 	8863 	9500
2336 	9419
99 	558 	1236 	3021 	5917 	8144
6900 	7031
2979
1781 	5474 	7584 	7977
189 	2462 	2778 	8415
259 	573 	5609
2517
589 	996 	1564 	1636 	2659 	2924 	3022 	3581 	3587 	4908 	4963 	5084 	6163 	8080 	9724 	9785
7728 	9080
2812 	2875 	5506 	6017 	8121
8184
1071 	4193 	4623 	5019 	5925
539 	771 	4266 	7310 	7763
4328
1163 	1351 	4526 	4543 	6953 	7999 	8978
5557
8200
1722 	2220 	2241 	4667 	8025
9782
1530 	5677
806 	1157 	2513 	2982 	6720 	6971 	7054 	7131 	7946 	8482 	8916 	8917 	9724
1417 	4855 	9602
246 	621 	720 	916 	1016 	2193 	3205 	4119 	4159 	4744 	5058 	6379 	6489 	7698 	8138 	8239 	8691 	9505
1863 	8555
1862 	8555
1954 	9374
4741
4248 	4649 	6952
1498 	2269
8161 	9209
1038 	1076 	3796 	8642
2599 	2935 	5402
769 	1190 	2183 	4153 	4714 	5240 	9179
87 	88 	3958
3658 	5354 	5734 	7747
532 	2135
1495 	5522 	6420 	6636
802 	1303 	1304 	4325 	4326 	6389 	8703 	8964
224 	287 	481 	801 	1133 	4439 	5019 	7024 	7031 	7677 	7949
674 	2240 	2632 	2817 	5053 	6112 	6367 	6372
263 	732 	1529 	1701 	2786 	3171 	3366 	3966 	4546 	6971 	7612 	8885 	9489
4842 	8313
1020 	1519 	2940 	4027 	4112 	4238 	4257 	4403 	5172 	8407 	9130
411 	726 	1209 	1952 	3579 	3804 	6437 	6564
3165 	6596
1989 	4077 	5858
118 	1583 	2487 	2602 	5720 	6453 	8745 	8755
2930
622 	1700 	2080 	2505 	2786 	2872 	3013 	3356 	3775 	4754 	4830 	5007 	5425 	6584 	6895 	6927 	7643 	7850 	7910 	8396 	8699 	8702 	8746 	9025 	9298
649 	2084 	2096 	4115 	7833 	8888 	9405
1045
4682 	5354
656 	984 	3485 	5180 	5224 	6394 	7564 	7885 	9151
2836 	3526 	4907 	7084 	7744
7494 	9478
1724 	5130 	9136
2144
1045 	4421
154 	1638 	4741 	4842 	6265 	6302 	6971 	7747 	7911
12 	13 	1596 	2213 	2423 	2812 	2875 	3356 	5231 	6939 	8121 	8863
4742
2934 	4082
267 	8808
2458 	2645 	3242 	4020 	5062 	5698 	5924 	6880
785 	2518 	3065 	3207 	3293 	3524 	3708 	4033 	4076 	5642 	6397 	6815 	9869
4153 	4544 	4545
2703 	7101
1778 	1797 	4255 	4632 	5174 	9287 	9646
298 	1213 	1370 	2080 	2204 	2518 	2621 	3991 	4486 	5358 	5395 	5602 	6694 	6770 	6832 	7124 	7479 	7536 	8118 	8189 	9378
1209 	2028 	2197 	2434 	2882 	3091 	3702 	5739 	5792 	7076 	7360 	7889 	9492
5399 	6750 	9731
1448 	1486 	2167 	2739 	4007 	4008 	4443 	4627 	5131 	5407 	5996 	6534 	6541 	9077
750 	4274 	7024 	8251 	8924
3341 	4148 	5771 	6823
4782
1280 	6103
8412
2350 	7358 	9090
2221 	7766
1133 	1983
4999
842 	2711 	4362 	5586 	6889 	8398 	9405
1455 	3318
393
2897 	7555
8083 	8226 	9822
5359 	9536
331 	855 	1702 	2067 	2291 	2762 	4363 	5101 	5226 	5802 	5925 	7260 	8991
2992 	6049 	7462 	8435
6758
490 	4621 	7139 	7674 	7920 	8365
444 	871 	3512 	4140 	5151 	5739 	5766 	5792 	6397 	6555 	6862 	7814 	7938 	9187 	9188
4397
7742
3096 	7397
3390 	8413 	9208 	9352
2072 	4924 	5291 	5447 	6122 	7664 	7816 	8016
449 	1033 	5840 	5875 	8179 	8467 	8996 	9101
1135 	7047
991
2292 	4111 	4417 	4444 	6141
287 	331 	341 	2099 	2181 	2818 	2824 	3938 	3970 	4011 	4657 	4715 	5226 	6900 	7031 	7128 	8132 	8526 	8744 	9380
276 	522 	2028 	2119 	2946 	2972 	4772 	5081 	5812 	6075 	6183 	7072 	7104 	7889 	7953 	8058 	8132 	8778
1407 	1741 	4845 	8297 	9526
2234
5097 	8115
3902 	4848 	9319
2924 	3543 	9323 	9785 	9790
4148 	6813 	6823
2816 	3181 	4193 	6682
6146 	6342
6897 	7275 	9048
5809
209 	711 	726 	1095 	1209 	1440 	1630 	1882 	2034 	2982 	3207 	3579 	3938 	4033 	4439 	5114 	5250 	5792 	6437 	9715
2421 	8422 	8623
1864 	3037 	9374
3339 	9478
2793 	7961
554 	698 	1537 	5241 	8078 	8203 	8227 	9381
3927
496 	1611
2072 	5606 	6859 	7062 	7948
741 	1362 	2078 	2962 	3913 	4422 	6686 	6687 	7427 	7910 	8197 	8904
962
8596
3147 	3196 	8213
2038 	6089
5968
887 	7507 	7983
2757 	6047 	7785
165 	1333 	2228 	3380 	5265 	6666 	8706
307 	341 	1421 	1455 	1780 	2741 	3176 	3415 	6908 	6924 	7104 	9626
1352 	1733 	2435 	3603 	3996
2156 	4341 	5141 	5784 	7907 	8571 	9390
1152 	4461 	9294
2945
3778
4392 	9131
2044 	3968 	4405 	5194 	5195 	5922 	6175 	6896 	7374
2859 	4722 	6030 	9061 	9793
5480
2704
1141 	1417 	4685 	5674 	8471
437 	5550 	6084
490 	1133 	1918 	3294 	3792 	4753 	4839 	5296 	6282 	6953
6426
452
861 	2838 	3530 	4673 	4924 	5717 	6000 	9492
3093
2655 	5742
1884 	4077
2144 	2520 	4180 	6236 	9710
5053 	7979
418 	8876 	8986 	9352
196 	5171 	5462 	7621
9733
1188 	4127 	7635
4832
8800
1279 	1717 	2707 	5234
378 	1107 	1715 	2966 	4176 	5032 	6458 	6521 	8400 	8983 	9297 	9492
210 	3371
1008 	1275 	1318 	3634
2649 	3713 	6591 	7276 	7376 	8247 	8318 	8712 	8951 	9260 	9849
8676 	8903
569 	2999 	3461 	4804 	4847 	4892 	5332
2040 	3529 	3717 	4750 	4925 	5430 	8747 	9776
3111 	8074
2615 	2715 	3056 	3372 	7250 	9249
2678 	3487 	4391 	8868
2111 	3993
224 	5990 	7926
462 	1111 	2514 	5756 	6788 	7290 	8470
2311 	6458
1012 	1083 	5032 	5314 	6574
551 	5488 	5589
7246
94 	108 	471 	2511 	3481 	3482 	3588 	3808 	3876 	4179 	4271 	4303 	4547 	4582 	5391 	5407 	6569 	8199 	8859 	9102 	9388
978 	1636 	2082 	5394 	6816 	6867 	6984 	7134 	7246 	7459 	7658 	8682 	8783 	9231 	9348
28 	259 	651 	1490 	6452 	6716 	6958
5065
2871 	5504
2214 	4329 	5409 	5580 	8391
484 	1009 	2140 	2778 	3803 	4412 	5471 	8018 	8147 	9083
957 	8165 	9071
2024 	3245 	3781 	4840 	5244 	5299 	6123 	6793 	6996 	7611 	9468
5205 	8189
6681
1767 	3280 	4226
260 	331 	378 	444 	522 	735 	972 	1095 	1585 	1683 	1730 	1908 	1941 	2398 	2882 	2977 	2982 	3524 	3592 	3754 	3838 	3934 	4069 	4078 	4105 	4715 	4772 	4849 	4851 	4923 	4987 	4999 	5299 	5739 	5792 	6072 	6397 	6880 	6937 	7106 	7360 	7842 	7844 	7847 	7889 	8012 	8382 	8476 	9076 	9869
1256 	1398 	9445
2712 	2786 	2788 	2990 	3524 	4064 	4129 	8535 	8891
920 	1043 	2687 	2712 	2786 	3360 	3524 	8314 	8535 	8749
308 	918 	1380 	2499 	4240 	9504
2795 	4240
1952
5026 	6281
9366
1017 	3067 	3600 	3757 	4589 	6163 	8262 	8752
1965 	6089
3166
2005 	3529 	3717 	4750 	4925 	5430 	8747 	9776
5204 	8964
182 	1408 	3098 	5416
1368
1977 	5195 	6896
1140 	1226 	3356
375 	644 	1111 	2270 	2439 	2767 	4487 	4837 	8520 	9484
474 	871 	2845 	6979 	8813 	9274
2555 	4538 	8431
6780 	8757
142 	3354 	7267
1000 	3738 	5794
6193 	8346 	9497
3035 	3750 	6397 	8934
3511 	4659 	7151
3549
9592
2341 	2561 	3850 	3853 	4852 	4929 	9550 	9595 	9775
307 	1279 	7607 	8127
8386
8556
9536
721 	1585 	2600 	3151 	3356 	3713 	4135 	5089 	5338 	5562 	5823 	7007 	8629 	8824 	9197 	9311
2903 	4865 	7432 	8102 	8806
5163 	9785
1332 	4792
4792
268 	287 	444 	811 	1768 	1824 	1926 	2762 	3027 	5823 	7096 	7260 	7510
7952 	8469
9478
860 	2514 	3600 	7724 	7813
1388
1031 	1722 	1935 	1960 	2236 	2352 	2786 	3552 	4186 	4924 	5008 	5009 	5302 	5606 	6124 	6354 	6859 	6912 	7062 	7491 	7664 	7948 	8404 	8885 	8890 	9165 	9492
1030 	3676
5284 	7696 	8113 	9428
9400
3414 	5501
187 	5711
741 	1362 	1961 	2962 	3900 	3913 	4422 	6225 	6686 	6687 	7427 	7910 	8037 	8197 	8904 	8905 	8982
687 	3883 	6709
108 	217 	687 	730 	1017 	1213 	1224 	1412 	1775 	1887 	1907 	2329 	2529 	2787 	3013 	3178 	3179 	3775 	4341 	4452 	4754 	4881 	5007 	5201 	5478 	5802 	6699 	7110 	7271 	7816 	7910 	8149 	8692 	8702 	8774 	8924 	8956 	9521 	9755
423 	1118 	5077
2017 	8682
1361 	4692 	4796
649 	1888 	7833 	8888 	9405
1796 	3090
121 	5232
7512
222 	661 	3889 	4491 	4747 	6092 	8786
7987 	9478
870 	1083 	2665 	2699 	4561 	5483 	7545 	9165 	9190
98 	1810
9764
33 	680 	950 	1748 	2301 	3539 	6028 	7022 	7631 	8481
383 	7724
1394 	2663 	6519 	7121 	8513
40 	350 	1888 	4115
3531 	3533 	6459 	6504
8084 	8899
198 	287 	341 	1069 	1824 	1940 	2292 	2609 	2818 	3545 	3953 	3970 	4341 	4360 	4583 	4923 	5028 	6199 	6900 	6927 	7106 	7128 	7883 	7921 	7955 	7975 	8025 	8268 	8584 	8641 	9074 	9081 	9213 	9712
2310 	4183 	5527 	8993
3901
2649 	9846 	9849
1764 	6750
1030 	1552 	2278 	3676 	5058 	7067
477 	1128 	4166 	4457 	7435 	7546 	7599 	9026 	9789
3818 	3871 	4899 	8539
2453 	3112 	4059 	7463 	7765 	8165
9711
572 	1503 	2419 	5909 	6967 	9351 	9501
1364 	2788 	3524 	4064 	4365 	8891
157 	1012 	2009 	3993 	4220
157 	1012 	1610 	2178 	2982 	3107 	3162 	4231 	4999 	5095 	5123 	6574 	6748 	8068 	8315 	9312 	9326
290 	4184 	4286 	4369 	4370 	7329 	8147 	8828 	9260 	9820
3650 	4376 	6200 	8646
7174
737
5891 	7351
5655 	8023
1941 	2972
4856
399 	4992
239 	627 	725 	1054 	2570 	2780 	2876 	3083 	5250 	5323 	6260 	6312 	7723 	7837 	8679 	8680 	8910 	9874
361 	2352 	3549 	6738 	6796 	7816 	8262 	9409
6543
3345 	4246 	4262 	6005 	8166
4364
2491 	3583 	9755
1266
3965 	6062
5957
223 	306 	2745 	4742 	8337
3508
7854 	8461
75 	8605
532 	1874 	2736 	2738 	2755 	3512 	3741 	3861 	3996 	6776 	7535 	8284 	8505 	8569 	9333 	9544 	9570 	9599
9089 	9151
857 	2323 	2611 	3494 	3523 	3576 	3580 	8194
2574 	4555
1097 	2448
2022 	3803 	5471
2523 	6282 	8413
1484 	2194 	4428 	4594 	4841 	7869 	8935
355 	2813 	8292
1895 	1990 	9532 	9710 	9739
3534 	8462 	8675
4298 	5817
6282 	8413
4517 	5903
4172 	5214 	5687
55 	5563 	8567
1137
7794
3965 	4788 	8768
1449 	5447 	5622 	8081 	8389
8938
723 	1972 	4341 	7907 	8571
9756
9078
7038
437 	2330 	2467 	2824 	3693 	4585 	6652 	6832 	7038 	7648 	7850 	8927 	9165
531 	918 	1136 	1150 	1323 	1452 	1547 	1821 	2378 	2383 	2478 	2717 	2756 	3412 	3597 	3776 	4000 	4095 	4240 	4526 	4810 	4992 	5055 	5105 	5764 	5937 	6217 	6293 	6778 	7361 	7974 	8033 	8503 	8798 	8999 	9112 	9134 	9764
1285 	7965
628
423 	898 	1785 	2265 	4450 	8243
1836 	5421
5912 	7407 	8685 	9235
72 	224 	280 	726 	1063 	1199 	1531 	1564 	1910 	2291 	2292 	2545 	2689 	2739 	2767 	3095 	3970 	3999 	4043 	4636 	4799 	4955 	4975 	5407 	5645 	5996 	6366 	6534 	6875 	6876 	7012 	7282 	7592 	8778 	9259 	9472 	9649 	9701
811 	1023 	1824 	3438 	4675 	7686 	7776 	9352 	9416 	9522
2339 	3323 	5673 	8694
2195 	3221 	3944 	4324 	4880 	6717 	8183 	9037 	9703
3965 	6616
2796 	4191 	4508 	5143 	6852 	7468 	9266 	9551
3709 	7096
1459 	4064 	8891
73
1014 	3862 	4506 	4661 	4670 	5778 	6813 	7109 	7846 	8286 	8311 	9766
2866 	3213 	4036
2112 	3107 	3162
921 	1052 	4587 	7324 	7363 	9296 	9383
3537 	4524
209 	372 	539 	586 	639 	640 	905 	1364 	1388 	1390 	1940 	2786 	2990 	3130 	3524 	3871 	5178 	5346 	5925 	7149 	7494 	7624 	8315 	8664 	8713 	8885
4419 	4575 	6217 	7668 	7925 	8503
1190 	1871 	9179
2742 	3066 	3663 	3942 	6196 	6474 	7860 	8824
3950 	6326 	7673
6179 	8525 	9411
2256 	4671 	4833 	7017 	7173 	7718
3677 	5000 	9148
3950
329 	622 	1075 	1285 	3546 	3750 	5336 	6546 	7038 	7210 	7368 	8350 	8664 	9468
3732 	5001 	5935 	7090 	7091 	7212 	7626 	7777
4086 	5988
246 	621 	720 	916 	1016 	1861 	3205 	4119 	4159 	4744 	5058 	6379 	6489 	7698 	8138 	8239 	8691 	9505
485 	1484 	2142 	2465 	4428 	4594 	4841 	8935
182 	2170 	3878 	3944 	4137 	5416 	5884 	6363 	6692 	7115 	8206 	9214
2328 	2527 	6414 	7436
1095 	1908 	2882 	7360
732 	3966
1193 	1208 	2288
4716
1072 	5796
1211 	1586 	2426 	2427 	3244 	3302 	3413 	4204 	4463 	4646 	5465 	5716 	8310 	8819 	8977 	9157 	9337 	9348 	9752 	9830
490 	808 	1374 	2934 	4653 	4933 	5751 	5999 	6801 	7968 	8335 	8716
1362 	1907 	2518 	3108 	4237 	6426 	6694 	7461 	8103
3757
7907 	8571 	9731
1418 	8887
3920 	4277 	8068 	8331 	8430
279 	1364 	1695 	2518 	3027 	3207 	3481 	3866 	4179 	4485 	6001 	6924 	7104 	7953 	8058 	8189 	8733
571
2313
4067 	4549 	8469
1596 	1898 	6939 	8863
2021 	4329 	5409 	5580 	8391 	9634
283 	2747 	8876
5271 	7627
889 	7299
7639 	9711
969
1281 	1531 	1722 	1856 	2241 	4667 	6042 	7031 	7260 	7391 	9320 	9870
1917 	2657 	4801 	5509 	7766
1756
8081 	9448
4048 	9493
412 	3977 	4240 	5570 	5628 	6887 	7622 	8447
409 	5181 	5314 	5483 	5570 	6844 	7301 	9199
796 	2776
165 	222 	467 	1969 	5360 	7660 	8673
3333 	6276 	8898 	9248
1604 	2493 	3749 	3770 	4407 	4698 	8959 	9018
89 	377 	2274 	7555 	7556 	8113
2593 	2941 	9122
3296
1943 	2528 	2730 	4162 	4177 	4234 	7196 	8485
864 	4087
2072 	2611 	3278 	3481 	4186 	5009 	5084 	5092 	5606 	5821 	6714 	8965
1493 	2781 	3115 	5996 	6302 	8216
438 	3457 	3560 	3871 	6269 	6742 	7762 	7848 	7902 	7971
6134 	7278 	8390
1878
1039 	1498 	1531 	1722 	1806 	1856 	2220 	3988 	4667 	5058 	9320
2371
871 	3185 	5906 	9114 	9320
2445 	6301 	8753
5802 	6185 	9834
2857
754 	907 	1796 	2497 	3090 	3240 	4491 	9834
732 	3171 	3592 	3811 	5003 	6514 	7367 	7704 	8885 	9489 	9713
3725 	5381 	5899
3260
3109 	4153 	6519
499 	530 	1278 	1316 	1532 	1692 	2554 	5419 	6039 	6040 	6044 	6139 	7466 	7974 	8544 	9754
806 	1746 	2511 	2513 	3057 	5525 	7169 	8731 	8841 	8905 	9700 	9716
36 	2366 	3634 	6755 	7346 	9165 	9215
6515
752 	929 	1814 	2187 	2789 	2984 	3756 	5843 	6362 	7173 	8912 	9695 	9837
56 	3509
287 	444 	4235 	6271 	6577 	8693 	9106 	9593
1831 	5428
206 	426 	611 	1532 	1596 	2884 	6656 	7974 	8350
2853 	6088
2388 	9072 	9170
152 	433 	1151 	2532 	2551 	4053 	4403 	6155 	7007 	7070 	7787 	8809 	9257
2403 	7020
898 	1417 	1785 	2164 	8522 	9318
785 	1091 	1543 	1554 	2567
1646 	6618
1351 	1416 	2372 	6491 	6820 	8032 	8280
1867 	3006
375 	644 	2046 	4487 	4837 	9484
483 	1719 	2930 	4842 	5885 	6265 	8452 	9016 	9697 	9793
5913 	6491
945
377 	1244 	2231 	2718 	2719 	4975 	5052 	7555 	8113
226 	2315
230 	981 	1312 	1545 	3203 	3245 	5244 	8786
8134
1030 	2104 	3676
6366 	7402 	8358
2756 	4713 	5803 	6293
505 	1432 	3207 	4367 	4733 	5575
1023 	3027 	4636 	6875
1150 	2883 	4595
918 	2499 	4240 	4948 	5914 	6843 	7152 	7615 	7638 	8276 	9134 	9478
146 	9197
1411 	3543 	8020 	9600 	9602
9675
1193 	1208 	2199
712
1413 	3104 	4924 	5040 	9799
53 	331 	726 	756 	1381 	1531 	1536 	1616 	1822 	1926 	2167 	3187 	5226 	5327 	5363 	5996 	6366 	6603 	6864 	6933 	7012 	7679 	7971 	8787 	9159 	9244 	9303
158 	198 	222 	1069 	1939 	2099 	2167 	3210 	4111 	4417 	4444 	5407 	5645 	5707 	5996 	6141 	7687 	8786
442 	674 	3101 	6009
906 	9085
2343 	2462 	2640 	2721 	3429 	4233 	4664 	5736 	5895 	8355 	9249
63 	744 	862 	899 	939 	949 	1542 	1676 	2362 	2660 	2777 	3445 	3554 	3615 	3789 	4668 	5310 	5325 	5403 	5483 	5735 	6106 	6583 	6787 	6872 	6985 	7111 	7362 	7450 	7699 	7950
1266 	2863 	2951 	3127 	3128 	3140 	3790 	4179 	5028 	6386 	7069 	8166 	9371
227
5447
3496 	6761 	8952
141 	928 	950 	1655 	1775 	2093 	5504 	6067 	7037 	7056 	7625 	7888 	8245 	8878 	9079
4581 	9379
1143 	2728 	6567 	9540 	9758
2609 	7848
7813
99 	589 	2490 	4105 	4206 	5036 	7252 	9442 	9594 	9714
1316 	2356 	2495 	7068
179 	323 	2763 	4085 	6579
24 	1834 	6467 	8483
2100 	8993
1097 	1529 	2012 	4270 	5029 	5048 	6458 	8106 	8731 	9488
1585 	1756
94 	728 	1050 	2211 	3602 	4846 	5141 	5151 	5868 	6363 	8224 	8331 	9693 	9731
4780 	7637 	8311
226 	838 	2275 	7781
7738
5195 	5570 	6135
80 	1427 	4145 	8556
9827
664 	4045 	5896 	6014
4500 	4785 	5830
804 	1032 	1114 	1267 	1269 	1306 	1321 	2394 	2625 	3418 	4481 	4640 	4813 	5339 	5433 	5448 	5770 	7029 	7379 	7594 	7905 	8187 	9357
509 	871 	1837 	2137 	2612 	2646 	3240 	3494 	5278 	6404 	6504 	7004 	7444 	8957 	9478
137 	1733 	2917 	4569 	9682
5778 	7109 	7846 	9766
8196
2530 	6811
259 	289 	657 	677 	978 	2196 	2527 	3062 	5155 	6565 	7191 	7436 	7729 	7909 	8177 	8450 	8664 	8807 	9117
687 	2080 	4282 	5196 	6654 	7200 	7697 	8284 	8569 	9746
2160 	2824 	8927
119 	7244 	9379
1522 	4561 	4723 	4871 	7878 	8685 	9144
1186 	2517 	7586
1113 	1311 	1368 	1682 	2551 	2552 	2564 	2679 	2983 	4338 	4742 	4896 	6596 	7847 	8816 	8842 	9117 	9196 	9439
5108 	7275 	8922
1351 	1416 	1838 	2874 	5305 	5733 	6953 	7341 	9419
247 	8871
1325 	3693 	4383 	4808 	5027 	6048 	7563 	8695 	9076 	9333 	9714
756 	2169 	3207 	3323 	4033 	4848 	5673 	6960 	8297 	9050
239 	2855 	5226 	5344 	5781 	7938 	7971 	9451
12 	1698 	2057 	5513 	6125 	7011 	9314 	9329 	9591 	9607 	9722 	9788 	9814
4638
1205 	2295 	2640 	2721 	4233 	5025 	5736 	5895 	8333 	9249 	9414
4643 	6095 	6538 	7703
5694
2642 	3084 	3481 	5620
195 	1205 	1250 	2641 	3684 	8667 	9029
3752 	3753 	4849 	5998
3095 	5213 	8618
1916 	7358 	9090
3813 	7952 	9167
263 	287 	757 	785 	806 	1161 	1298 	1336 	1368 	1746 	1795 	2072 	2123 	2513 	2557 	2713 	2786 	2808 	3095 	3258 	3966 	4111 	4186 	4439 	4806 	4937 	4989 	5111 	5151 	5326 	5606 	6002 	6577 	6927 	6942 	6971 	7062 	7161 	7224 	7510 	8262 	8312 	8371 	8445 	8476 	8693 	8905 	9076 	9115 	9137 	9219 	9700 	9864 	9870
801 	4725 	8243 	9052
1227 	2967 	5718 	6791 	7015
6621 	6790
938 	2307 	2495 	7068 	9264
3356 	6991 	7951 	8136
9555
254 	768 	2841 	3088 	3341 	5805 	6929
46 	213 	318 	1117 	1596 	2753 	2874 	3084 	4774 	5461 	5620 	6365 	7146 	7232 	7597 	7683 	7850 	9829
663 	1483 	1511 	3341
63 	744 	862 	899 	939 	949 	1542 	1676 	2296 	2660 	2777 	2940 	3445 	3554 	3615 	3774 	3789 	3881 	4341 	4668 	5310 	5325 	5403 	5483 	5735 	6106 	6583 	6787 	6872 	6985 	7111 	7362 	7450 	7699 	7950 	8571 	8702
8891
3125 	3598 	3682 	7361
2897 	5284
325 	757 	1206 	1326 	1763 	2254 	2513 	3634 	3963 	4266 	4420 	4690 	5266 	5281 	6179 	7075 	7576 	8432 	8524 	8905 	8937 	9148 	9411 	9602
8702 	9387
456 	1044 	9870
1228 	5700 	6472
6636 	7021 	7134 	8598
2242 	3405 	4100 	8713 	9178 	9395
2268 	8280
4978 	9405
6037 	6839 	9127
3819
43 	846 	3592 	3670 	4224 	4334 	5323 	5425 	5460 	6380 	6498 	6530 	7098 	8141 	8342 	8370 	9082
2941 	4933 	9122
531 	918 	1821 	2161 	2756 	4240
34 	7613
7232
12 	212 	3013
680 	1274 	6028
2161 	9112 	9764
166 	1316 	3713 	3762 	4573
294 	3211 	3421 	5038 	6827 	8908
5235 	7732
394 	1133 	1540 	4736 	4961 	5147 	5360 	5739
758 	1012 	1260 	1278 	2262 	3050 	5269 	5531 	9072 	9170
6890
1582 	2877 	2895 	3984 	5265 	6387 	7321 	9793
7729
619 	2636 	7572 	8651
269
804 	1032 	1114 	1267 	1269 	1306 	1321 	2322 	2625 	3418 	4481 	4640 	4813 	5339 	5433 	5448 	5770 	7029 	7379 	7594 	7905 	8187 	9357
8544
6937
8230 	9617
454 	1160 	2028 	3693 	4078 	4708 	5250 	5451 	7360 	7420 	9076
6952 	8476 	8909
5252 	5917 	6942 	7021 	7134 	7396 	7510 	8142 	8372
1334 	5089 	5669 	7833 	8398 	9405
278 	5193 	5195 	7356 	8270 	9694
85 	266 	1283 	1322 	1589 	1641 	2264 	2635 	2832 	3264 	5334 	5470 	6825 	6984 	7020 	8424 	9231
4834 	4937
1505
1133 	1540 	1591
181 	7173
4361 	5782
3045 	4549 	9134
522 	711 	1630 	2882 	2902 	3187 	4054 	4266 	5151 	5453 	5812 	6471 	6937 	7072 	7424 	7889 	8012 	8539
1416 	9531
7972 	9327
627 	900 	1284 	1506 	2413 	2707 	2776 	5069 	5117 	6394 	6635 	6754 	6776 	6779 	7113 	7858 	8307 	8671 	8867
645 	2895 	3367
2415 	5248 	7265 	7433 	7873
983 	4274 	8825 	9620
2564 	3610 	7909 	8807
5806 	8855
572 	710 	1503 	2109 	2801 	5909 	6967 	9351 	9501 	9751
3417 	3885 	5264 	8437 	8795 	8991 	9295 	9338
1953 	2557 	8141 	8422 	8593 	8623
7151
1898 	2812 	2875 	8121
2544 	3967 	4413 	4432 	4479 	7749 	8220 	8668 	8684
4837
1211 	1586 	2202 	2427 	3244 	3302 	3413 	4204 	4463 	4646 	5465 	5716 	8310 	8819 	8977 	9157 	9337 	9348 	9752 	9830
1211 	1586 	2202 	2426 	3244 	3302 	3413 	4204 	4342 	4463 	4646 	5465 	5716 	8310 	8819 	8977 	9157 	9276 	9337 	9348 	9752 	9830
8892 	8976
3145 	7198 	7768 	7816
7396
857 	3110 	6048 	9125
230 	389 	417 	481 	610 	4111 	4799 	6141 	6702 	6895 	7687 	7688 	8744 	8997
6810
1209 	1630 	1908 	5453 	5792 	6437 	7076 	8185
686 	1733 	1971 	3603 	6681 	7356 	7948 	9225
5149 	5590
7100 	8553
614
1111 	2046 	8520
1067
218 	3709
133 	441 	913 	4470 	5112 	6404 	6869 	7452 	7494 	7775 	8446
1405 	2913 	6072 	7388 	7436
1786 	1799 	3701 	3855 	4110 	4743 	4754 	5583 	5635 	5649 	5986 	6337 	6992 	7018 	8765 	9332 	9397 	9590
268 	287 	2244 	4989 	8430 	8753
651
148 	2812 	4536
1097 	2139 	5103 	5413 	8484 	9165
1197 	1322 	8697
2730 	3696 	9875
159 	1239 	1533 	2462 	2941 	7277 	9122
7154
2107
4590 	8086
4234 	9750
9714
145 	184 	726 	857 	1209 	3369 	3579 	3621 	3804 	4078 	4273 	4544 	5048 	5792 	6260 	6437 	7024 	9050 	9233
1902 	2645 	3242 	4020 	5062 	5924 	6880
1088 	4835 	9256
6102 	6372
9804
159 	1843 	2295 	2451 	3391 	3429 	4466 	4664 	6677 	6698 	6765 	6935 	8210 	8355 	8369
3897 	5644 	6631 	7494 	8451 	8827 	9375 	9447 	9478
920 	4563 	6763 	7353 	8553 	9523 	9673
485 	2194
498 	509 	3136 	3531 	3533 	5681 	6504 	6774 	7776 	9518
2160 	2824 	3693 	7038
6458 	8753 	9297
12 	921 	4609 	7363 	7713 	7722 	9474
6856 	6987
486
651 	2772 	3495 	4111 	4636 	4710 	4989 	6178 	6514 	7807 	7838 	8753
211 	352 	467 	1509 	2655 	4215 	4342 	5249 	6998 	8153 	8175
9074
507 	4697
1774 	8845
7674
2161 	5937 	6293
108 	547 	1008 	1507 	2491 	3087 	4452 	4780 	4973 	5149 	5385 	5420 	6260 	6462 	7106 	7347 	7398 	7638 	7723 	8311 	8553 	8717 	8906 	9169
4336 	7946
8693
5604
8891
1349 	6075 	9380
566
6453 	9154
1885 	2602 	6453 	8755
1074
3354
2306 	5036 	9714
1008 	1108 	1154 	1290 	2127 	2479 	2569 	3583 	4258 	4903 	4973 	5053 	5188 	5760 	5835 	6100 	6501 	6716 	7345 	7398 	7723 	9755
545 	1275 	1318 	2830 	3894 	7100
2230 	3749 	3770 	4407 	6760
601 	2826 	4130 	4924 	5526 	5684 	7337 	8069 	8512 	9076
938 	1316 	2307 	2356 	7068 	9264
6511
94 	975 	981 	2247 	2710 	2803 	2867 	3090 	3751 	4491 	4585 	4808 	5354 	7916 	9603 	9834 	9855
349 	9660
692 	2032 	2284 	4240 	4948 	7615
41 	255 	1511 	1555 	2847 	3341 	6683 	6813 	7169
145 	3621 	7036 	9050
1282 	7658
1148 	6240 	6600 	6973
1626
1887 	7910
1662 	3840 	4342 	4664 	4958 	6110 	8415
1082 	1085 	4479
6754 	8351
346 	407 	1489 	1837 	7058 	7396 	7856 	7866 	8308 	8863
6511
1746 	2016 	2253 	2513 	3481 	4303 	8731 	8859 	8905
757 	806 	1228 	2646 	4807 	4869 	5266 	5919 	6720 	7034 	7467 	7866 	8466 	9148 	9755
263 	279 	322 	757 	806 	1157 	1206 	1298 	1336 	1613 	1746 	1795 	1859 	2253 	2352 	2366 	2511 	2808 	3057 	3604 	3634 	4807 	5111 	5525 	5606 	6260 	6720 	6971 	7161 	7169 	7576 	7872 	8312 	8731 	8841 	8905 	8917 	9700 	9716 	9724
462 	1092 	2011 	2070 	2611 	6788 	7441 	9178
1112 	7787
68 	319 	767 	5246 	5389 	8851 	9354
1186 	1366 	1742 	1845 	2333 	3258 	3505 	5606 	5739 	7028 	9399 	9492
279 	618 	785 	1266 	1294 	1695 	1903 	1907 	2204 	2209 	3008 	3022 	3065 	3140 	3359 	3524 	3866 	3872 	4033 	4186 	4697 	5002 	5218 	5358 	5395 	5604 	5642 	5892 	6397 	6425 	6426 	6485 	6694 	6815 	7124 	7271 	8188 	8189 	9212 	9333
737 	3523 	9409
21 	1498 	1990 	4341 	4840
203 	4468 	5129 	6807 	7006 	7416
4001
58 	724 	935 	2141 	4918 	6282 	6631 	8413 	8744 	9416
741 	7554 	9507
147 	541
8539 	8883
683 	2196 	2328 	3935 	5865 	7050 	7191 	8573 	9326
1665 	2234 	3858 	4234 	9326
190 	1017 	1775 	2080 	3069 	5078 	5447 	7110 	7630 	8121 	8692
2327 	6811 	9692
1109 	6880
2263 	6155 	7070
2967 	8172 	9391
3840
609 	4554 	7535 	8472 	9702 	9811
9511
92 	1133 	2929 	5906 	6220
7842
925 	5766 	9492
3761
7166
139 	8911
441 	657 	1151 	1299 	2854 	3874 	4047 	4303 	4323 	4408 	5620 	5917 	6365 	7827 	8144 	9728
2424 	4413 	4479 	7749 	8220 	8684
345 	2167 	3207 	4043 	5034 	8301 	8908 	9711
1187
5106 	7467
152 	1311 	1404 	1415 	1652 	2848 	2947 	2956 	3275 	3506 	4132 	5230 	5282 	6642 	7155 	7787 	7847 	7893 	8482 	8770 	9293 	9617
4818 	5799
699 	942 	1457 	2852 	4313 	6148 	6773
152 	1368 	1404 	2263 	2334 	2564 	2719 	2956 	6642 	7787 	7847
2334 	4338 	4687 	4896
361 	602 	1405 	4266 	5468 	6738 	6885 	8200 	8247 	8753 	8934
331 	499 	564 	582 	1481 	2252 	2601 	2726 	2788 	3353 	3738 	4558 	4687 	4999 	5306 	6139 	6485 	6546 	8158 	8274 	8476 	8544 	8785 	9222 	9754
2048 	4538 	8431
1834 	7178 	7791
2352 	2421 	8422 	9700
3018 	5795 	6922 	7846
1566
7658
2057 	3850 	4929 	9775
9319
345 	8301
815 	864 	2334 	2417 	2551 	2658 	2704 	2743 	3590 	3610 	4061 	4484 	4806 	5050 	7140 	7459 	7734 	7735 	7847 	7909 	8807 	9150 	9293
7768 	7847
5071 	6298
442 	473 	659 	670 	785 	1091 	1098 	1242 	1257 	1311 	1543 	1554 	1652 	2266 	2651 	4944 	5282 	5363 	5748 	5945 	7057 	7255 	7395 	7580 	7653 	8311 	8663 	8893 	8900 	9169 	9210 	9760
4728 	7199
2491 	4973 	5760
2122 	3083 	3771 	4794 	5323
3183 	9804
5381
3673 	3681 	3747 	4123 	5656 	6324 	7018 	7658 	8954 	8957
1426 	2138 	2598 	3491 	4055 	4555 	5654 	6300 	6345 	7551 	8551 	9009
9286
3721 	4516 	4597 	6310 	6355 	8548 	8725
4091 	9599
6342 	7822 	9572 	9798
4548 	5960 	7609 	9573 	9663
3409
8095
3431 	3951 	4535 	6316 	7899 	8603 	9578
3636 	3637 	4419 	4517 	4575 	4576 	5095 	8548 	8551 	8585 	8624 	9526
9570 	9599
3680 	3727 	9578
3535
109 	4091
415 	1500 	3536 	3722 	4088 	4255 	5381 	5384 	6182 	6288 	6400 	7018 	7537 	7971 	8647 	8943 	9558
7540
4354
3979 	5146
8 	6602
2232
2817 	5263 	8995
1424 	4078 	8957
170 	562 	4620 	8378
3747 	6400
2574 	4055 	6181 	7551
1870 	2935
2062 	2658 	3151 	3713 	6301 	6620 	6739 	7007 	8824
2554 	2726 	4558 	5570 	6008 	6485 	8274 	9754
1885 	2487 	6453 	8755
3681 	5962 	6198
3071 	4430 	6321
4354 	7018
4556 	5981 	6324 	6355 	9810
349 	9660
4174 	8288 	8453
475 	1824 	2099 	2304 	3545 	3953 	4360 	5028 	6199 	6927 	7848 	7883 	7921 	8025 	9081
335
268 	728 	857 	1666 	1783 	2137 	2236 	2514 	2668 	2838 	2977 	3258 	3293 	4083 	4876 	6071 	6714 	7155 	7441 	7714 	7912 	8393 	9348 	9869
2323 	7004
1045 	1075 	5017 	5336 	6546 	7368 	8350
222 	1238 	5322
1335 	2007 	2715 	2892 	4144 	5893 	6664 	8873
8383 	9071
13 	9098
6479
7981
2657 	7037 	7766
1907
651 	1095 	1234 	1722 	3480 	5029 	5048 	5116 	5685 	7491 	8427
8899 	9608
5048
804 	1032 	1114 	1267 	1269 	1306 	1321 	2322 	2394 	3418 	4481 	4640 	4813 	5339 	5433 	5448 	5770 	7029 	7379 	7594 	7905 	8187 	9357
811 	1169 	3797 	5066 	5906 	6076 	6366 	7644 	8693 	9531 	9546 	9862
210 	303
7124 	7912 	9869
1191 	4728
1097 	6282
1022
674 	1878 	2817 	3757 	4494 	4741 	5053
379
424
2403 	5334 	5470
619 	2392 	7572
589 	2959 	8892
986 	5964
5284
2295 	2343 	2721 	4233 	5736 	5895 	9249
195 	1250 	2347 	3684 	8667 	9029
2346 	3084 	3481 	5620
1466
7864
1902 	2458 	3242 	4020 	5062 	5924 	6880
806 	1837 	2323 	2512 	3757 	4807 	4869 	8313 	8466
252 	1169 	7756 	8535 	9490 	9513
456 	1837 	3549 	3757 	6301 	8262 	8404
541 	1408 	1532 	2002 	2102 	2684 	4109 	4135 	4814 	5095 	7476 	7506 	7976 	9260 	9846 	9849
1775 	5576
895 	1311 	1652 	2567 	4367 	5282 	7057
1176 	1600
6949 	9554
5601
343 	352 	577 	1086 	1988 	2473 	2997 	4837 	5264 	5742 	5746 	6273 	6998 	7937 	9020 	9059 	9181
2967 	5090
1637 	2221 	2620 	2740 	4801 	4948 	5509 	6866 	7094 	7276 	7342 	7766 	9158 	9182 	9183 	9721
2564 	2600 	6620 	6739 	9150 	9348
1846 	5084 	9348
63 	744 	862 	899 	939 	949 	1542 	1676 	2296 	2362 	2777 	3445 	3554 	3615 	3789 	4668 	5310 	5325 	5403 	5483 	5735 	6106 	6583 	6787 	6872 	6985 	7111 	7362 	7450 	7699 	7950
3976
778 	1397 	7920
1394 	2095 	4153 	5159 	6488 	6519 	7121 	8513
5159 	8513
1270 	2090 	6731 	6871 	7545 	9470
6496
679 	4531 	4787
1649 	2611 	3451 	3800 	4638 	7444 	9307
94 	727 	1360 	1369 	1436 	1781 	2900 	3207 	3754 	4035 	4498 	5579 	5792 	5812 	7076 	7093 	7676 	7889 	7938 	8301 	8302 	9603
1173 	3103
7363 	8011
3102 	9531
4851 	8794 	9602 	9783
3015 	4247 	4724
4081
512 	2679 	2893 	3356 	5318 	7141
4263 	6375
2008 	3487 	4391
2334 	2676 	2983 	4338 	4896 	4897 	7031 	7036 	8538 	8816 	9312 	9715
1261 	4943 	5364 	5749 	5761 	6159 	6273 	6692 	6856 	6987 	7032 	7094 	7489 	8984 	9050 	9763
6185 	9173
207
7558
420 	1035 	1203 	1305 	1611 	1693 	2649 	4109 	5080 	5211 	5364 	7025 	8736 	8906
3081 	4300 	4894 	6906 	9059 	9181
667 	2734 	6114 	6830
920 	1043 	2031 	3360 	8314 	8535
3107 	3108
1063 	2167 	3046 	4043 	7592
833 	3333 	6276
2788 	8476
6556 	8444
5422
3231
179 	5925
762 	1081 	4341 	4452 	4504 	4505 	7727 	7867
4240 	4932 	5637 	5858 	6386 	6997 	7545 	7656 	8650 	9074 	9213
572
992 	1097 	1126 	1271 	1543 	1610 	2090 	2806 	5103 	5117 	5479 	5858 	6790 	7223 	7261 	7545 	9042 	9165
9493
824 	2933
2979 	7133 	7139 	7382
977 	1071 	1108 	1718 	1905 	3022 	3091 	3579 	3648 	3940 	4139 	4220 	4310 	4311 	4589 	4689 	4895 	6190 	6217 	6293 	6667 	6768 	6776 	7042 	7101 	7300 	7306 	8101 	8109 	8281 	8548 	9363 	9492
1980 	2564 	7375 	7734 	7735 	7847 	7909
349 	5791
4671 	7173
552 	1174 	1279 	1284 	1535 	1717 	1998 	2413 	5198 	5672 	6010 	6753 	6754 	8867
1126 	4878 	5103 	5614 	6819 	9042
3429 	3793 	4664 	5458 	6517 	7084 	7708 	7895 	7907 	8252
743 	2497 	3172 	3751 	4808 	6596
1920 	7416
43 	1729 	2030 	2031 	2786 	2788 	2882 	3258 	3524 	3592 	4064 	4206 	4214 	4334 	4642 	4754 	4924 	4999 	5281 	5346 	5925 	6493 	6530 	6555 	6931 	7295 	8590 	8859 	8885 	8891 	9297 	9409 	9636 	9713
287 	785 	846 	2352 	3199 	3824 	5748 	6002 	7649 	8693 	8782 	9184
3106 	4617 	5357
2007 	2615
238 	3705 	3939 	8737
2161 	2817 	2883 	6293 	8033
2274
743 	1040 	2274 	2551 	4566 	8824 	8889
4854 	8521
2295 	2343 	2640 	4233 	5736 	5895 	9249
451 	584 	3095 	3681 	4335 	5656 	6136 	8742 	9409
1798
1266 	3467 	9295
3812 	4161 	4201 	8974
1005 	1778 	2554 	2601 	3603 	4558 	5197 	5305 	8469 	9705
3494 	7286
1143 	2303 	6567 	9540 	9758
7180
2234 	2450 	4496 	4691 	4743 	7196 	8088 	8219 	8765 	9875
128 	3251
3720 	7656 	8065 	8650
561 	3017 	3257 	5791
362 	667 	1566 	2686 	3616 	3646 	4305 	4610 	6114 	6830
1702 	7390
2135 	2738 	2755 	8284 	8569 	9544
524 	3623 	5251
2135 	2736 	2755 	8284 	8569 	9544
1448 	1486 	1910 	2167 	4007 	4008 	4443 	4627 	5131 	5407 	5996 	6534 	6541 	9077
2657
341 	1455 	1549 	1970 	2962 	3163 	3415 	4012 	5775 	6435
480 	1224 	2184 	8824
623 	2564 	3116 	4022 	4134 	6249 	7850
115 	4152 	4170 	4433 	4731 	5277 	5624 	5784 	6382 	7903 	7989
223 	2131 	4742 	5772
3018 	3038 	6922 	7846 	9533
283 	2215 	3853 	5086 	5712 	8876
1094 	5074 	8306
876 	3383
7031 	9416
4951 	5533
9269
1672 	1837 	2360 	3084 	5381 	6404 	7146 	7413 	7589 	7683 	7776
3475
2135 	2736 	2738 	3884 	4019 	6515 	8284 	8569 	9544
531 	918 	1821 	2161 	2280 	2378 	2817 	2954 	4240 	4448 	4713 	4719 	5803 	5850 	5879 	5883 	6087 	6252 	6253 	6293 	7287 	7974 	8033 	9764
1968 	3828 	6047 	7723 	7785 	8761
820 	7559
2928 	7927
1719
5469
1926 	2067 	4363 	5295 	6463 	6900 	7260 	7326 	7975
26 	81 	179 	323 	1833 	2308 	3631 	4038 	4085 	4172 	5197 	6579 	7956 	8065
3055
224 	6127 	6178 	7391 	8430
222 	3989 	4687 	5967
68 	775 	1778 	2046 	2167 	4552 	5088 	5117 	5407 	5643 	6887 	8631 	9165 	9484
1778 	5864
1791 	1831 	2771 	4153 	5911 	6519 	8181
7111
519 	520 	544 	1565 	1736 	2769 	5868 	6614 	7088 	7422
2472 	3675 	3823 	4632 	5116 	5864 	6514 	7912 	8753 	9076
9714
264 	1318 	5162 	6453 	7001 	8266
5183 	7640
796 	900 	1328 	1506 	2227 	2413 	5345 	6688 	8307 	8671
63 	744 	862 	899 	939 	949 	1542 	1676 	2296 	2362 	2660 	3445 	3554 	3615 	3789 	4668 	5310 	5325 	5403 	5483 	5735 	6106 	6583 	6787 	6872 	6985 	7111 	7362 	7450 	7699 	7950
189 	1250 	1324 	1814 	1843 	2022 	5021 	5357 	5729 	6483 	6801 	8018 	8147 	8415 	8905
6483
795 	2122 	6260 	7723
456 	2237 	4924 	5957 	5996 	6137 	6927 	7181 	9151 	9679
1175 	5289 	7193 	7600 	8412
3084 	5092
9776
5287 	7457 	9151
263 	512 	566 	616 	1183 	1364 	1368 	1626 	1722 	1778 	1879 	1887 	2030 	2031 	2072 	2181 	2352 	2712 	2977 	3269 	3366 	3488 	3512 	3524 	3592 	3630 	3631 	3720 	3966 	4064 	4359 	4642 	4896 	4924 	4962 	5008 	5217 	5358 	6425 	6530 	6714 	6912 	6971 	7118 	7246 	7431 	7457 	7471 	7586 	7612 	8065 	8396 	8404 	8541 	8885 	8891 	9395 	9409 	9465 	9636
730 	2080
331 	495 	582 	817 	1186 	2030 	2110 	2554 	2691 	2712 	3148 	3258 	3524 	3938 	4076 	4661 	4715 	4913 	4999 	6080 	6256 	6803 	6880 	7104 	7393 	8012 	8476 	8778 	8785 	9188
222 	1814 	2256 	2984 	6362
709
4407 	6156 	6636 	7267
66 	171 	1596 	1837 	2927 	3018 	5004 	6142 	6214 	6813 	6845 	6922 	7637 	7846 	8284 	8569 	8753 	8758 	8760
1956 	3835 	4645 	4671 	7816 	7961 	9094 	9402 	9416
7067
1019 	2033 	4240 	6555 	9134
2172 	4191 	4508 	5143 	6852 	7278 	7468 	9266 	9551
1045 	2886 	4421
918 	5810 	7268 	9045
875 	4969 	7946
495 	726 	728 	2994 	3509 	3871 	4359 	5609 	6880 	6914 	7062 	8507
2419
1165 	4734 	5447
2497 	5739 	7024 	9834
7729
3022 	7300 	7612 	9043 	9724
442 	1097 	2699 	5479 	5543 	5858 	6782 	7975 	8715 	9165
5085
279 	798 	806 	2352 	2513 	2824 	4807 	6720 	6742 	6927 	8312 	8905 	9700
811 	3015 	6818
6296 	6695
6260 	8136
1848 	1898 	2423 	2447 	2875 	4536 	5506 	6017 	6747 	7276 	7365 	8121
355 	2143 	8292
325 	678 	4420 	5468
6543
1948 	3181 	6682
459 	500 	529 	1037 	1108 	1189 	1878 	2594 	2632 	2717 	2756 	2883 	2885 	4509 	4713 	4826 	6293 	6716 	6776 	7482 	7974 	8003 	8033 	8062 	8095 	8818 	8995 	9520 	9839
341 	1940 	2099 	5051 	5906 	7128 	7260 	8744 	8816 	9396
1228 	1681 	4702 	5126 	9426
1259 	4193 	4990 	5264 	8461 	9747
750 	2892 	3462 	6108 	7150 	7395 	8743 	9165
635 	3185 	3675
4205
287 	329 	1327 	1940 	2160 	2330 	2467 	2808 	3693 	4111 	4235 	4585 	6577 	6597 	6652 	6927 	7038 	7300 	7648 	7850 	7889 	7971 	8077 	8927 	8934 	9165 	9492 	9700
3349 	6810 	7814
2494 	4130 	7337 	8385
771 	1674 	3529 	4619 	7752 	9355
6662
3234 	3880 	5331 	6715 	9300 	9462 	9783
70 	191 	545 	712 	2492 	3329 	3550 	4362 	7100
9353
1228 	1283 	2403 	3264 	4795 	5107 	6825 	6984 	8682 	9231
234 	1201 	5593 	6360
5054
6082
1892 	3526 	4907 	7084 	7744 	8480
299 	8009
1491 	1986 	2611 	5717
1143
5538 	6157 	6351
33 	1003 	2359
3354 	5024 	6860
7818
879
474 	871 	2047 	8813
857 	4415 	5048
2500 	3341 	6067 	6673 	6683
2548 	5230
559 	1351 	4313 	5567 	5568
1451 	3664 	4188 	4910 	5661 	6623 	6719 	8534
4297
1457 	2550 	4313 	6773 	8951
2261 	6088
1299 	2543 	3689 	3749 	3770 	4407 	5900 	6977 	9286
239 	2340 	5427 	6615 	7197 	7971 	8562
7408 	9482
553 	1412 	2246 	6398
93 	918 	1110 	1558 	3522 	4847 	4920 	6163 	6263 	6580 	6916 	7210 	7338 	8159 	8983 	9078 	9134
1978 	6030
96 	1247 	3873 	3888 	6693
132 	1159 	4999
6485
2297 	3128 	5028 	7069 	8166
6714 	6834 	8789
4731
2177 	3213 	4036 	5623
981 	2497 	3090 	5768
9416
5811 	7559
863 	3810 	4011 	4816 	6303 	6701 	6769 	7055 	7965
2020 	5504
512 	1617 	1887 	3356 	3474 	4064 	5264 	5304 	8699 	8891
748 	7153 	8685 	8700
318 	613 	1156 	1351 	1596 	2336 	2360 	3072 	4543 	4705 	5461 	6196 	6474 	7146 	7232 	7683 	7850 	8130 	8319 	9829
141 	191 	217 	1108 	1848 	1898 	2423 	2812 	4654 	5148 	5150 	5506 	6017 	6747 	6824 	7276 	7308 	8121
2122 	5250 	5323
2390 	2895 	7321 	9793
210 	736 	1703 	3371 	3373 	3811 	4974 	5190 	6423 	7190 	7442 	8113 	8127 	9736
1281 	5893
7986
5134
94 	305 	322 	539 	732 	1014 	1017 	1666 	1908 	2028 	2197 	2410 	2712 	2902 	3065 	3091 	3379 	3979 	4054 	4264 	4575 	4661 	4940 	4974 	5346 	5347 	5473 	6397 	6471 	6549 	6906 	6937 	6971 	7091 	7107 	7298 	7466 	7593 	8012 	8141 	8548 	8885 	9144 	9378 	9482 	9715
1037 	1150 	1694 	2283 	2717 	2817 	4595 	6217 	6293 	8140 	8995 	9458 	9764
206 	611 	2260
2817 	8995
1045 	1102 	2797 	4421 	5328
818 	4861 	5361 	5844 	8895
1517 	6658
6260 	7723 	8123
8383 	9071
1703 	9151
431 	2615 	2821 	3462 	5727 	6108 	6664 	6698 	7150 	8147 	8237
965 	2676 	5318 	7141 	9817
6183
645 	1582 	2390 	2414 	2877 	3367 	3984 	5265 	6387 	7321 	9793
4542 	4902 	6554 	7300 	7721 	9043 	9452
674 	1923 	2365 	3089 	5284 	7555 	9275
3425
8855
78 	495 	2669 	2977 	3035 	3324 	4688 	5151 	5615 	5864 	7093 	7889 	8356 	8476 	9076
435 	3125 	4584 	5324 	5622 	6618 	7980 	7992 	8081
2410 	2882 	4014 	4054 	5453 	6471 	6937 	8301 	8753 	9603
2063 	4865 	7432 	8102
4589 	5053 	7979
598 	712 	3946 	5074
374 	3534
8004 	8180 	9837
754 	1072 	5796 	7712 	9760
942
4764
845
5417 	8576
714 	997 	2443 	3091 	3866 	4341 	4418 	4486 	5141 	5277 	5624 	5784 	6072 	6289 	6414 	7436 	7636 	7903 	8025 	9081 	9262 	9685 	9692
3727
7361
707 	5689 	6890
137 	2324
3049 	3599 	3716 	5276 	8987
3281
6349 	9013
4850
642 	4248 	6150 	6952
7583
996 	1846 	1946 	3399 	3587 	3712 	4908 	4963 	8439 	8939 	9049 	9785 	9791
3560 	6924 	7408
654
171 	1837 	2792 	5004 	8284 	8569 	8758 	8760
2759 	7927
2537 	5781 	5906
0 	760 	1070 	1886 	2271 	4263 	5022 	5784 	6771 	7119 	8406 	9217
1736
1019
824 	2701 	3824 	3869 	5138 	7646
490 	808 	1358 	1374 	1900 	2203 	3105 	3869 	4082 	7090 	7963 	7968 	8181 	8527 	9080 	9622
1870 	2599 	5402 	7162
9735
4653 	5261 	9211
5354
13 	9098
51 	175 	700 	1057 	1519 	1881 	2362 	3881 	4479 	5172 	6796 	9193
210 	1239 	1533 	2232 	2377 	2451 	3698 	4724 	4933 	5261 	5287 	7277 	7817 	9122 	9241
6906
796 	6161
5 	964
1974
276 	1695 	1941 	4363 	4485 	5753 	7104 	8733 	8778
2548 	3275 	3506 	9617
5179 	7557
9492
7459 	9348
2297 	3140 	3790 	7017 	9371
62 	739 	1206 	1326 	3484 	4690 	6150 	6179 	7144 	8525
6880
1150 	2756 	6293
512 	1375 	1483 	5760 	6494 	7723 	8123
1368 	2548 	2551 	7155 	7787
199
5044
589 	922 	2637 	7574 	8892 	9030 	9403
1301 	1386 	5119 	6016
9794
741 	1961 	2078 	2741 	3163 	3953 	6686 	7389 	7427
5806 	8452
6530 	6910
1045 	3504
1020 	1209 	1999 	3108 	5792 	6437 	6458 	9492
562 	620 	2354 	2533 	2656 	3600 	4306 	5090 	6163 	6883 	6927 	7015 	8172 	8176 	8401 	9391 	9866
167 	4791 	6972 	8269 	8275 	8707
9416
92 	4839 	8983
5407
601 	1610 	1941 	2119 	5032 	6864 	7506
844 	6590 	9243
3765 	4215
5416
7148
444 	472 	522 	620 	732 	785 	1783 	2028 	2611 	2786 	2900 	3130 	3258 	3592 	4446 	4585 	4599 	4642 	5739 	6530 	6714 	6880 	7038 	7367 	7395 	7850 	7938 	8885 	9106
3579
1478 	1841 	2702 	2980 	2981 	3411
2979 	2981
2979 	2980
378 	632 	726 	751 	1440 	1490 	1859 	1952 	2028 	2112 	3036 	3579 	3866 	3998 	4231 	4721 	5358 	5792 	6390 	6861 	6974 	7131 	7371 	7721 	8068 	8476 	9076 	9636
2334 	2679 	4338 	4896 	8376 	8816
222 	752 	1242 	1814 	2256 	2789 	6362 	6363 	8788
562 	1595 	3356
341 	9284
4235 	4439 	6271 	6746 	6832 	7282
1158 	1312 	3104 	4497 	5040 	8786 	8894
7393
47 	248 	905 	978 	1270 	1388 	1760 	2030 	2181 	3258 	3425 	4539 	4622 	5739 	6477 	7432 	7624 	8102 	8427 	8891
4818 	5878
1927 	4002 	4994 	5026 	6049 	7462 	7524 	8435 	9216 	9324
183 	7024
78 	2800 	4022 	4076
4779 	5103 	7262
674 	3757 	4494 	6591
343 	577 	2655 	6998 	7937
4872 	4984
2004 	3461
3965 	4768 	5895
5082 	6507 	9556
1722 	1723 	1803 	7201 	8267
4197
8539
153
2269
3251
750 	2518 	3872 	5392 	6007 	6412 	6422 	6517 	6866 	7271 	7872 	7907 	8251 	8809 	8914
562 	608 	1017 	1753 	3356 	5053 	7909 	8807
3012
315 	3012 	8995
315 	3010 	3011 	8995
83 	212 	224 	599 	786 	1344 	1887 	2080 	2381 	3775 	4754 	5007 	6007 	6681 	6786 	6809 	7910 	9095 	9198 	9719
5721
113 	811 	1664 	2674 	2809 	3276 	3382 	4247 	4724 	6818
430 	6156 	6636 	6842 	7821 	9332 	9811
561 	2733
788 	1511 	2558 	2746 	2792 	3038 	4470 	5795 	6142 	6845 	6922 	7005 	7846 	9433 	9533
6237 	6238 	7768
4730 	6220 	8189
1283 	1839 	5110 	5917
279 	1133 	1846 	2518 	2703 	2805 	3866 	3975 	4310 	4311 	5335 	5550 	5925 	6084 	6136 	6163 	6486 	6667 	6971 	7024 	7038 	7300 	7612 	7946 	8109 	8281 	8548 	8592 	8916 	9043 	9363 	9488 	9724 	9743
434 	952
6176
331 	8991
5910
811 	1023 	1540 	1695 	2067 	2209 	2282 	3481 	4485 	5823 	6875 	7024 	7686 	7935 	8677 	9737
508 	3375 	4429 	4570 	6377 	7614
8267
3333 	5080 	5571 	5851 	6276 	8898
1142 	3481 	5621
4413 	6849
6873 	8178 	8399
4424 	7096 	8421
2053 	2900 	3268 	3750 	4266 	5398 	6072 	6115 	6397 	6703 	8214 	8694 	8934
378 	1440 	2982 	3998 	6916
1954 	4333 	6783
152 	788 	2746 	3018 	4283 	4462 	4470 	4549 	4676 	4864 	5076 	5089 	6922 	6953 	6959 	7005 	7116 	7461 	7757 	7787 	7843 	7846 	8398 	8475 	9433 	9533
1611
8463 	9264
7166
1807
4777 	7993
4856 	6812 	9316
2409 	3471 	4549 	9134
2689
3221 	4902 	6224 	7300 	9480
9475 	9711
2918 	3599 	4936 	8987
132 	1278 	2388 	9170
5027 	7148
3098
3454 	3611 	7093
4856 	9644
689 	2764 	6819
2007 	3372 	5244 	6550 	9249
263 	322 	969 	1336 	1613 	1756 	1795 	2253 	2513 	3356 	7169 	8731 	8841 	8905 	9700 	9716
6667 	9724
1384 	3103 	8169
9681
6540 	6616 	9359
657 	2328
488 	929 	1429 	3660 	6884 	8434 	8551 	9196 	9710
4307 	4622 	6424
94 	1014 	1186 	1722 	1903 	2518 	2882 	3091 	3268 	3387 	3524 	4033 	4266 	4467 	5008 	5151 	5642 	6072 	6397 	6463 	6645 	6815 	6893 	6912 	7107 	7989 	8292 	8934 	9260 	9333 	9492
281 	1301 	2184 	3942 	4798 	6061 	6196 	6256 	6460 	6474 	8332
869 	2037 	3382 	4989 	8752
4489 	4541 	9817
1017 	2529
144 	1185 	3815 	5261 	6043
2604 	4430 	6321
1156 	2874 	8319 	9829
228 	6402 	8248
6918 	7651 	8625 	9086 	9223
5171 	8612
5839 	7892 	9367 	9417 	9454
844 	9164
1224 	1768 	3931 	4384 	5110 	8548 	9834
4967 	7290 	9178 	9444
6459
1186 	1763 	2685 	4505 	7688 	8524 	8592 	9181
5171
2122 	2570 	3771 	4794 	5323 	5410
213 	2346 	2360 	2642 	2753 	2783 	3481 	5092 	5620 	7683
256 	6684
814 	3336 	7816
2479 	5760 	6260 	7723
768 	1555 	2359 	3341 	4962
2897 	5284 	8474 	9275
975 	981 	1796 	2085 	2247 	2497 	2867 	4491 	5768 	6149
43 	651 	737 	1014 	1908 	2703 	2882 	2913 	3065 	4022 	4266 	5624 	6437 	6703 	6893 	6898 	7107 	8072 	8336 	8859 	9076 	9092 	9492
502
1987
3605 	5854 	9756
584 	809 	1529 	1630 	2167 	2349 	2352 	2722 	3966 	4139 	4335 	5609 	6136 	7062 	8618 	9333 	9701 	9863
1933 	7397
4026
1408 	2042 	3052
6431
3665 	3666
2293 	6009
2672 	9531
376 	1168 	1173 	1384 	1407 	1410 	1417 	2670 	3059 	3849 	3905 	4848 	4856 	5011 	8169 	8709 	9325 	9329 	9377 	9526 	9783 	9792
1413 	2290 	2988 	4497 	4924 	5040 	9799
490 	603 	808 	816 	2934 	3352 	3869 	5261 	6037 	6839 	7075 	7385 	7576 	7914 	8145 	8343 	8416 	8979 	9080 	9127 	9622
2714 	4617
2112 	2178 	2688 	3108 	3162 	4717 	6748 	9326
2204 	2688 	2966 	3107 	3775 	4237 	6458 	6786 	6895 	7093 	8916
2251 	4153 	4545 	5682 	6519 	7078 	8362
2431 	5027 	5575 	6048
2006
2107
4247
1090 	7932 	9796
2237 	6302
623 	2743 	7496
324 	976 	4742 	5027 	7075 	7794 	9241
9554
9117
840 	6719 	6980
583 	9215 	9754 	9821
1326 	5584 	6179 	8525 	9411
3158 	3446 	4902 	7578 	8524 	9043
3358
391 	2364 	2901 	3200 	3270 	3497 	3682 	5253 	5622 	7158 	7803 	8081 	8082 	8182 	8644 	9457 	9586
1594 	7724
1266 	2297 	6386 	7104 	8271
2297 	2863 	7069 	8166
6530 	8885
1061 	1645 	1797 	2181 	2977 	3324 	4599 	5615 	6703 	7491 	7672 	8331 	8476 	9106
1236 	3832 	4469 	7225 	9206
5063
356 	1222 	7340
9658
5364 	6261 	9053 	9221
2466 	6774
3172
4415 	4989 	5048 	5270 	7768 	8159
1111
507 	618 	1338 	1575 	1753 	2297 	2518 	2951 	3790 	3872 	4526 	4638 	4697 	5760 	6381 	7742
366
419
3289 	5370 	5382 	5665
8782
2429 	7768 	7816
156 	249 	1607 	4298 	4452 	5817 	6633 	8806
1964 	3196 	8213
2788 	9188
1097
353 	3820 	4643 	4902 	6095 	7300 	7328 	7504 	9043 	9360
2062 	2600 	3713 	6301 	6919 	7007 	8371 	8824
4480 	8578 	9153
1292 	3906 	6730 	8773
4470 	8103
1036 	7572
3636 	6355 	8548
231 	979 	6552 	8495
3123 	4902 	8524 	9693
4976
127 	3990 	8572 	9032
3202 	8046
2112 	2178 	3107 	4195 	4213 	4219 	6314 	6748 	9326
2741 	2962
4193
1883 	6596
2039
4154
222 	406 	7880
3969 	5597 	6873 	8178 	8721 	8722 	9227
9173
651 	732 	1701 	1879 	2248 	3592 	5003 	6971 	7704 	9489
743 	2710 	3137 	6596 	9838
7851 	9368
5638
766 	1606 	3503 	5200 	9074 	9266
341 	538 	1421 	1970 	4363 	5906 	6222 	6352 	8224 	9380
5020 	7779 	7780
2080
672 	1412 	1469 	2080 	4881 	4959
694 	4880
245 	1089 	1948 	2816 	6425 	6682
75
1012 	2571 	9804
3570
871 	930 	1541 	2243 	2822 	4235 	6271 	6551 	7839 	7847 	8246 	8788 	9320
1539
2291 	2410 	4359 	7072 	8539
3726 	8508 	8943
1410 	3263 	3433 	9775
5970 	5973
3673 	6324 	8726
4928 	9155 	9460
1133 	5560 	7985
7834 	8015 	9376
4276 	6528
1964 	3147 	8213
3793 	7907 	8531 	9448
962
2713 	4625 	5748 	6002 	7999 	9184
3125 	7158
4219 	5457 	6250
3161 	8046
230 	981 	1545 	2276 	3245 	5244
3494 	4965 	8241
246 	556 	621 	720 	916 	1016 	1861 	2193 	4119 	4159 	4744 	4853 	5058 	5239 	6379 	6489 	7698 	8138 	8239 	8691 	9505 	9593 	9781
4344 	4599 	4749 	4753
94 	728 	756 	1061 	1095 	1362 	1903 	1952 	2209 	2281 	2339 	2545 	2669 	3323 	3512 	3693 	3708 	4033 	4076 	4266 	4359 	4876 	5048 	6001 	6463 	6832 	6861 	6960 	7072 	7889 	8301 	8456 	8916 	9050 	9492 	9700
4770
6242
222 	1814 	2292 	4342 	4444 	5472 	8786
294 	2385 	3421 	5038 	6827 	8908
6766 	7156 	7681
2177 	2866 	4036
883 	4434
1088 	1787 	3899 	9684
1237 	5350 	5424
1237 	5350
6438
1481 	4687
868 	7216 	7712
1049 	2170 	3047 	4042 	4392 	4773 	4902 	6148 	8997 	9131 	9205 	9480 	9703
107 	655 	5132 	5456 	6785 	8628
9651
3855 	4387 	6288 	8055
12 	13 	1137 	1748 	3339 	6344 	8418 	8506 	8654 	9559
7607 	7728 	9371 	9586
3643 	5094 	5652 	5978 	8632 	8866
300 	4202 	6349 	7668 	9285
1824 	9069 	9712
3733 	5434
2694
4153 	4628 	5154 	8181 	8907
528
1354 	2829 	4553 	5313 	5859 	6715 	7125 	9127 	9300 	9462 	9783
9783
1408 	4004 	5140
757 	1634 	6271 	7688 	9411
891 	1278 	1663 	4735 	5566 	8416
871 	8813
59 	754 	2247 	2323 	3601 	3749 	4565 	5278 	5444 	5734 	7414 	8887 	9436 	9475 	9485
322 	6380 	8188 	8274
1902 	2458 	2645 	4020 	5062 	5924 	6880
3899 	8225
1211 	1586 	2202 	2426 	2427 	3302 	3413 	4204 	4463 	4646 	5465 	5716 	8310 	8819 	8977 	9157 	9337 	9348 	9752 	9830
230 	981 	1545 	2024 	2276 	3203 	3919 	5244 	5299 	6793 	9468
222 	9389 	9421
881 	5639
1324 	1802 	3312 	4191 	6765 	7071
8717
1138 	6874
128 	2731 	3007 	4622 	5264
8691
1045 	4269 	4560 	8696 	8705
1528
3549
7370
2733 	5791
47 	817 	855 	1186 	1266 	1666 	1729 	2352 	2517 	2611 	2712 	2788 	2977 	2990 	3509 	3938 	4426 	4471 	4539 	4585 	4662 	4688 	4924 	4999 	5299 	5606 	5739 	6339 	6880 	7295 	7437 	8012 	8132 	8476 	9076 	9297
7443
2250
4440 	5977 	8963
289 	9692
3189 	3433
86 	1207 	1243 	1283 	2403 	2832 	6657 	6825 	6984 	7397 	9203 	9231 	9731
1828 	4447
4637 	6145
3535 	5958 	8726
293 	1369 	3035 	3065 	3269 	3432 	3750 	3754 	4266 	4467 	5038 	5151 	6463 	6827 	7107 	9188
478 	2786 	3268 	3281 	3432 	3434 	4468 	4746 	5603 	5779 	5944 	6397 	7660
3125 	8644 	9586
3307 	3514 	9577
5651 	6450 	9613
1790 	3820 	6443 	8111 	8917
8340
2548 	2947 	3506 	9617
113 	1664 	3015 	3382
3533 	9633
2236 	4192 	5084 	5821
209 	495 	4137 	5606 	6001 	7912 	9287
1767 	2027 	4192
2919 	3269 	4098 	5779 	6166 	6283 	7660 	8050 	8656 	8657 	8723 	9558 	9574 	9869
3681 	4882 	5376 	6320 	7542 	8588 	8620
4234 	4340 	4554 	6337 	8601 	8942 	9570
18 	737 	3285 	3979 	7534 	7668 	7901 	8109 	8830 	9558
1445 	3284 	4555 	4571 	7668 	8650 	9558
4315 	4347 	5777 	9399 	9531 	9746
4555
6890
3143 	5370 	5382 	5665
110 	5962 	9341
6163 	6930 	7721 	8233
181 	8210
509 	737 	751 	1903 	2611 	3708 	4498 	6144 	7083 	9518 	9818 	9869
1983
7137 	9205
2233 	8748
1292 	4818 	6730 	8773
1611 	4017 	7730
48 	8257
7123 	8582
7289 	8182 	9457
1211 	1586 	2202 	2426 	2427 	3244 	3413 	4204 	4463 	4646 	5465 	5716 	8310 	8819 	8977 	9157 	9337 	9348 	9752 	9830
974 	1291 	1364 	3314 	3385 	3524 	3595 	5151 	6485 	7149 	7393 	8427 	8476 	8689 	8983
3722
3434 	3769 	4252
222 	5984
3271 	3514 	9577
7595
1351
6322 	6355 	8548
978 	8664
1324 	3248 	5374 	8053
6858
3303
4215 	4752
520 	1580 	7405
1418 	9525
1455 	1921 	7012 	8998
812 	3846 	9642
1418 	6268
9790
5445
2169 	2339 	3207 	4033 	5673 	6960 	8296 	9050
1797 	2900 	3130 	5615 	8356
598 	5074 	9312
712
5226
3333 	5429 	5571 	6064
2830 	4362
5890
4308
509
833 	2229 	2690 	3030 	3328 	4237 	5080 	5429 	5571 	5851 	6064 	6276 	7000 	7434 	7473 	8898 	8931 	9248
7540
3618 	5287 	9138
599 	814 	3086 	4559 	4770 	7816 	9253
45 	1263 	1825 	3544 	3562 	4324 	4818 	5361 	5878 	6280 	9317 	9441
347 	9686
1084 	1955 	3225 	4497 	6622 	7740 	8418 	8827 	9156 	9403 	9478 	9753
429 	1620 	5416 	6610 	9151
33 	255 	663 	749 	888 	1277 	1483 	1511 	1555 	1710 	1912 	2359 	2361 	2500 	2847 	3088 	3539 	4148 	4780 	5216 	5744 	5822 	6067 	6210 	6369 	6525 	6673 	6683 	6813 	6823 	6929 	7628 	7974 	8714 	9210
4438
4663
7661
827 	1753 	2125 	4246 	4262 	4466 	6005 	6363 	8166
1266 	3938 	3970 	4715 	5438 	6880 	7035 	8539 	8911
567 	857 	1020 	6136 	6859 	6882 	7933 	9298
1131
918 	2825 	4240
4819
4137
3105 	7075 	8979
2554 	4687 	9222
142 	1245 	2050 	2489 	2842 	3427 	4037 	5024 	6413 	6721 	6860 	7267 	7626 	7783 	7784 	7835 	7923
4375
227 	512 	562 	622 	653 	969 	1003 	1017 	1658 	1756 	1887 	1898 	2045 	2062 	2357 	2676 	2872 	2985 	3009 	3057 	3600 	3619 	3913 	4300 	4780 	5222 	5304 	6136 	6163 	6425 	6991 	7183 	7653 	7786 	7850 	7946 	8129 	8188 	8202 	8311 	8629 	8679 	8699 	8746 	8915 	9025 	9169 	9181 	9197 	9210 	9350 	9450 	9721
844 	9243
726 	3124 	5739 	6000 	6179 	7576 	7949 	8188 	9537 	9636
2518 	3913 	6619
1043 	2031 	2687 	8314
189 	6512 	6572 	6847 	7226
4474 	4923 	9074
7043 	8531
4289 	4484
4748 	8740
263 	1621 	1645 	1781 	1879 	2786 	3432 	3966 	6971 	7612
645 	2414 	2895
9488
2457
5711
210 	2000 	2878 	7190
2007 	3056 	9249
1159 	2878 	4974 	7949
3397
423 	508 	1118 	1328 	3028 	5732 	6377 	6544 	7614
540 	636 	4109
4697 	6589 	8672
4109
2882 	3979 	7298
1969 	6666 	8706
6158
651 	869 	1746 	3015 	3067 	3276 	4247 	4989 	8778 	9701
876 	2749
7727 	7867 	8775
3303 	7149 	8983
572
711 	727 	1109 	3065 	4266 	6454 	8934 	9739
3549
381
1934 	8413 	9208 	9352
2462 	3537 	3736 	6698 	7322 	8369
5217
1060 	4711 	8460 	8461 	9260
431
1806 	6741 	7284
4642 	6714
3374 	4945
628 	4170
2924 	4908 	9785
6155
7575 	9197
3631 	3720
3746 	4224 	6198 	6323 	6324 	8958 	9647
4097 	4523 	9561
1679 	2371 	4442 	5366 	9395
219 	369 	3745 	4427 	6185 	7536
1019
603 	743 	9286
1038 	2580 	9746
3535 	6251 	8505 	8615
2979
1136 	2161 	5105
1211 	1586 	2202 	2426 	2427 	3244 	3302 	4204 	4463 	4646 	5465 	5716 	8310 	8819 	8977 	9157 	9337 	9348 	9752 	9830
2076 	5501
550 	1421 	1455 	1970 	2741 	3920 	6875 	7096 	8138 	9320
4616 	7988
2420 	3885 	8991 	9338
804 	1032 	1114 	1267 	1269 	1306 	1321 	2322 	2394 	2625 	4481 	4640 	4813 	5339 	5433 	5448 	5770 	7029 	7379 	7594 	7905 	8187 	9357
6082 	6432 	7587 	7702
7762
294 	1063 	2385 	3211 	5038 	5426 	6827 	7602 	8908
6132
7511 	7656 	8650 	9649
1108 	6458 	9297
295 	765 	1246 	2898 	2990 	3485 	4130 	4191 	5452 	5761 	8468 	9074
7729
3354 	4124 	5293 	7267 	7741
1334 	1464 	5089 	8398 	9405
2295 	2462 	2709 	4664 	8355
6322 	8548
2582 	8603
415 	1781 	3268 	3269 	3366 	3612 	3726 	3750 	3966 	4071 	4106 	7672
1410 	3189 	3263 	3997 	5369 	8019 	9015 	9576 	9587 	9775
3269 	3305 	3992 	4252 	5100 	5779 	8507 	9665
5605 	7529
299
4554 	5972
2168 	9352
1470 	4874 	9392
7662 	7845
9286
1381 	5976 	6335 	8025 	9573
249 	4977 	8690
1834
63 	744 	862 	899 	939 	949 	1542 	1676 	2296 	2362 	2660 	2777 	3554 	3615 	3789 	4668 	5310 	5325 	5403 	5483 	5735 	6106 	6583 	6787 	6872 	6985 	7111 	7362 	7450 	7699 	7950
1050 	3123 	4902
4552 	8238
8337
291 	3890 	3925 	5989 	8394
715 	9213
2668
1438 	3537 	4146 	4747 	9404
3992 	4215 	4218 	4746 	6557 	6561 	8046
1422 	1490 	3053 	4003 	4005 	4851 	5554 	7093 	8398 	8679 	9531 	9630 	9631 	9862
5767
386 	712 	4130 	5698 	6693 	9239
438 	2238
1396 	1500 	5058
6834
5681
2004 	2999
750 	2821 	2892 	6108 	7150
840 	5785 	7289 	7325 	7769
818 	5259 	6999
4136 	5309
936 	7744
1266 	2724 	9295
4797 	5530 	5548 	6738 	7443 	7451
222 	230 	795 	6187
5071 	6555 	9187 	9867
3045 	4549
3999 	6933 	7831 	9159 	9234
6357
2872
2754
1570 	7415 	8868 	8901
1204 	9446
1766 	5842 	9295
4470 	8433
2622 	8427
1142 	1364 	1695 	1801 	1829 	2016 	2209 	2236 	2346 	2511 	2642 	3027 	3031 	3084 	4179 	4303 	4547 	4761 	5391 	5404 	5620 	5621 	6000 	6559 	6597 	8058 	8733 	8859 	8893 	9102
2016
3808
62 	1326 	2952 	6179 	7603
984 	1006 	1570 	1620 	1792 	1891 	3425 	4130 	4547 	4748 	5292 	6846 	7201 	7564 	8125 	8137 	8157 	9074 	9151
4379 	6495
2008 	2678 	4391
2786 	3533 	3819 	3886 	4135 	4453 	5077 	5290 	5577 	6127 	6266 	6647 	7246 	7847 	9298
4688 	9451
399 	5847
2574 	8551
9612
997 	4594 	7057
857 	871 	1154 	2137 	2323 	2727 	3204 	3523 	3580 	5917 	6722 	6996
2472 	7807
2300 	6761 	8952
1400 	3125 	4211 	4219 	4760 	5622 	6560 	7213 	8081 	8151 	9448 	9703
3994 	5649 	9413
4218 	4219 	4342 	4521 	4746 	5926 	6311 	6561 	7406 	9654
1066 	1529 	6971
1084 	8413 	9430
807 	1559
766 	1606 	3175 	5200 	9074 	9266
1045 	2965
2517
444 	921 	2548 	2947 	3275 	4105 	4427 	6559 	6832 	6859 	7126 	8542 	9617
454 	4708 	5451 	8661
2132
495 	728 	2257 	2800 	3258 	4471 	5609 	9492
7772
2054 	4659 	7151
43 	78 	728 	871 	1930 	2135 	2786 	3207 	3708 	3741 	4022 	4033 	4140 	5766 	5792 	6397 	6463 	7938 	8859 	9076 	9544 	9599 	9636 	9641
3973
99 	3271 	3307 	8028 	9577
5654 	8661 	8957
5095 	7542 	7549 	8587
298 	8654 	8724
6023 	8127
3922
3560
3524 	5739 	8396
2858
857 	2137 	2519 	3494 	3580 	9409
522 	549 	1046 	1903 	2028 	2030 	2031 	2110 	2181 	2518 	2712 	2786 	2788 	3065 	3303 	3521 	3577 	3750 	3782 	4064 	4998 	4999 	5095 	5151 	5264 	5299 	5642 	5925 	6397 	6880 	7393 	7912 	8396 	8476 	8539 	8590 	8885 	8891 	8934 	9392 	9596 	9746
480 	9563
1892 	2836 	4907 	7084 	7744 	8480
9027
3533
510 	643 	771 	1674 	2005 	2040 	2827 	3717 	4619 	4750 	4925 	5430 	5511 	7075 	7752 	8747 	9355 	9776
1986
509 	2097 	2466 	3533 	4048 	6504 	8598
9633
2097 	2466 	3277 	3488 	3528 	3531 	5077 	6504 	6866 	9633
73 	374 	791 	1127 	1550 	2145 	2906 	4648 	6652 	7641 	7745 	8462 	8675
2586 	3267 	3410 	6355 	7672 	8505 	8726
2588 	4088 	4277 	4858 	6305 	7528 	8602 	8753 	9617
831 	1360 	1737 	2180 	3391 	3452 	3736 	4021 	4524 	5984 	7322 	7644 	8643 	8702 	9404
1080 	1605 	4304 	6744
33 	928 	950 	1748 	1775 	2093 	3341 	5822 	8844
4200 	4556 	7542
3687 	3877 	7655 	7659 	8049 	8649 	9663
222 	230 	795 	6187 	8943
171 	1385 	1411 	1418 	1946 	2286 	3543 	3566 	5073 	6668 	7861 	8020 	9328 	9600 	9602 	9682 	9790
3337 	9317
2099 	2609 	4983 	7883 	8025
329 	2190 	5003 	8664 	9468
4599 	5280 	7968
3711 	4507 	4754 	5217 	5821 	7359 	8541
737 	1490 	1837 	2055 	2123 	2648 	3255 	3388 	3772 	4101 	4642 	4763 	4902 	6403 	6530 	6796 	7053 	7440 	7816 	7948 	8262 	8525 	8885 	9408 	9409
2830 	7100
4648
1722 	2072 	4924 	5008 	5009 	5302 	6912 	7664 	8890
1 	1037
63 	744 	862 	899 	939 	949 	1542 	1676 	2296 	2362 	2660 	2777 	3445 	3615 	3789 	4668 	5310 	5325 	5403 	5483 	5735 	6106 	6583 	6787 	6872 	6985 	7111 	7362 	7450 	7699 	7950
1418 	4886
1454
660 	697 	4138 	5268 	7520 	7522 	7879
4266 	4585
1420 	3569 	4747 	4890 	9594
772 	2238 	2925 	3520 	6269 	6924 	7607 	7728 	7848 	7902
273 	1190 	1204 	3620 	3841 	4357 	5341 	5420 	6551 	7133 	8414 	9785
3337 	4818 	5361 	5878
9325 	9526 	9782 	9801
3564
4921 	9617
364 	3543
224
3851 	3862 	4497 	4853 	4862 	5040 	5769
3559 	4747 	4890
3184
4917
1012 	9598 	9784
1090 	1775 	7990 	9632
569 	4804 	5588
1021
2137
3524 	7107 	8539 	8883
1095 	4989 	7955
193 	726 	1209 	1802 	1882 	1952 	2457 	2703 	2978 	2982 	3804 	4589 	5609 	6437 	7024
857 	2137 	3494 	3523
1564 	1846
9721
1224 	2127 	2491 	9755
1063 	6005 	6108
4871 	6458 	8400 	8685 	9297
4122 	5987
1846 	2924 	9785
2016 	5391
1030 	1558 	3676
47 	2564 	7367 	7721 	7734 	7847 	8325 	9293
4321 	6083
43 	732 	737 	846 	1722 	2028 	2248 	2376 	2712 	2786 	2977 	3171 	3913 	4157 	4186 	5003 	5460 	6423 	6498 	6530 	6971 	7098 	7704 	8281 	8342 	8885 	9143 	9748
4417 	6141
5060 	7755
3303 	6485 	8689
1313 	5680 	8718
2161 	3776 	6293
2364 	3682
2918 	3049
562 	2037 	2070 	2967 	3356 	6163 	6947 	7724 	8188 	8401 	9298
59 	3240 	5256
1050 	2313 	8224 	9693
375 	562 	1077 	1733 	1778 	1971 	2435 	2726 	3793 	5135 	5306 	6261 	6373
757 	846 	2513 	3634 	6260 	7872 	8782
3094 	5854 	9756
1577
1504 	4004 	4888 	6118 	8933
1063 	4747 	5068 	6064 	7766
1271 	1610 	6213
2417 	2564 	5263 	7212 	7292 	7578 	7909 	8807
3053
415 	3432 	3674 	8507
1607 	4153
1461 	1781 	4195 	4211 	4218 	4747 	4751 	4752 	4753 	4759 	6312 	6555 	8046 	8047 	8298 	8679 	9627
63 	744 	862 	899 	939 	949 	1542 	1676 	2296 	2362 	2660 	2777 	3445 	3554 	3789 	4668 	5310 	5325 	5403 	5483 	5735 	6106 	6583 	6787 	6872 	6985 	7111 	7362 	7450 	7699 	7950
362 	2734 	4305 	6114
1072
3335 	5287 	9138
512 	3356 	9197
3561
21 	145 	183 	447 	1044 	1133 	1670 	2457 	2501 	4273 	5029 	5227 	5893 	7024 	7036 	7250 	7391 	7733 	9050 	9233
6027
2737
4604
8669
8504
222 	230 	298 	3833 	4092 	9339 	9667
3948 	5352 	6410 	9559
4102 	4223 	5373 	6393 	7538 	7672 	7898 	8611 	8944
2786 	3651 	6293 	8946 	9684
2763 	2786 	3402 	3720 	5197 	6278 	8065 	8866
3701 	3855 	5649 	5979 	8829
5757 	5764
36 	757 	808 	2001 	2254 	2366 	2513 	3604 	3911 	3963 	4846 	5002 	6260 	7089 	7346 	7466 	7872 	9813
8878
2583 	3156 	4576 	6355 	8548 	8551 	8624
2583 	3742 	3979 	4419 	4517 	4575 	5095 	8240 	8585
1629 	3953 	4672
708 	6722 	8975
3899
6917
4465
3227 	5978
5420
8940
362 	1566 	2734 	3646 	4610 	6114
8604
2703 	6768 	7101
3934 	4876 	4999
2114 	4376 	8646
3630
3952 	8612 	9566
4224 	4376 	5666 	5967 	8502 	9660
3722 	4088 	5678 	5984 	7660
4250 	5980 	6449 	7670
8065
4360 	6506 	6955
1873 	5734 	7747
677 	1363
1429 	3063 	4671 	5259 	5877 	6884 	7173 	7750 	8551 	8793
33 	229 	627 	4782 	6017 	6112 	7220 	9517
9795
2184 	7860
2850 	4910 	6013 	6719 	8771
3100 	3666
931 	3100 	3665 	3961 	5484 	5782 	8407
287 	8840 	8930 	9511
1624 	5327
5312 	6608 	8112 	8251 	9232 	9243
2376 	5425
7660 	9648
4376 	5901 	8051
2573 	3191 	6324
3612 	7542 	7652 	8507 	8587 	9343 	9593
635 	1568 	2772 	2822 	5864 	7850 	8753 	9603
1030 	1572 	2073 	2104 	2278 	3589 	8716
2188 	5000 	9148
162 	490 	6718 	9622
627 	4982
1108 	2585 	3727 	4441 	5857 	5920 	6290 	6293 	6308 	7666 	8033 	9578
2573 	2603 	2722 	3282 	3996 	4387 	4882 	5656 	5962 	6198 	6288 	7531 	8949 	9016 	9544 	9579 	9785
2364 	3125 	3598 	7361
7601
195 	808 	1250 	2347 	2641 	8667 	9029
9330
3922 	5388
3541 	3877 	8649
6331 	9264
2854 	7658
8979
493 	1288
5506
94 	331 	751 	855 	1061 	1160 	1325 	1463 	2160 	2338 	2398 	2467 	2824 	3207 	3938 	4078 	4264 	4546 	4772 	5792 	6937 	7038 	7500 	7889 	8012 	8189 	8456 	8778 	9076
5965
8329
105 	2450 	6530 	6810 	6936 	8541 	9711
6814 	9090
1249 	2941 	4063 	4462 	5301 	7817
9739
264 	1214 	1823 	3922 	6063 	6195 	7421 	7423 	8353 	8755
2444 	3632 	3855 	4110 	5155 	5649 	5979 	8829 	9590
1908
9460
8925
238 	2716
167 	844 	1328 	4643 	5312 	6404 	7117 	7494 	8112 	8567 	9243 	9447 	9500
323
1903 	3207 	3293 	3512 	4054 	4076 	6001 	6071 	9076 	9869
218 	2173 	2441 	7096
9307
3548 	5821 	6543
2924 	9785
371 	1298 	2002 	2062 	2384 	2600 	3151 	4543 	4573 	6301 	6921 	7007 	7619 	8247 	8824 	8951 	9250
355 	4773 	5002 	5324 	5927 	6453 	6895 	9125 	9205
4902 	8524 	8754
2918 	5276
2005 	2040 	3529 	4750 	4925 	5430 	8747 	9776
375 	4898 	7802
4055 	8660
2732 	2786 	3402 	3631 	3723 	4331 	5969 	7940 	8650
2576
297 	2588 	3304 	3654 	3736 	4088 	4255 	5678 	5984 	6182 	6355 	7660 	7672 	8590 	8943
3720 	5630 	5969 	6341 	6396
4068 	7665
237 	2249 	3747 	8647 	9010
3188 	3432 	4071 	5381 	8505 	8511 	9340
302 	2585 	2914 	3680 	3731 	5096 	5920 	6279 	8548 	9578
3767 	5655 	9578 	9582 	9661
4578 	7550
5371 	8511 	9574
302 	3727 	5096
670 	756 	1099 	2191 	4611 	5363 	5859 	6258 	6599 	7091 	7777
3230 	5434
6994
6543
297 	427 	428 	3391 	3537 	3722 	4025 	4084 	4088 	4225 	4255 	6330 	7201 	7322 	7548 	8590 	8648 	8943 	9291
1521 	6798
1000 	2051 	2554 	5794 	5871 	8274
179 	4661 	6463 	6845 	7109 	7537 	7846
5098 	6323 	8504 	8588 	8828
317 	2135 	3512 	3996 	5092 	5317 	5941 	6283 	6734 	7536 	7660 	8726 	9544 	9599
3637 	3979 	4071 	4556 	4575 	6324 	7534 	7690 	8240 	9023
99 	4070 	4219 	6314 	7475 	7670 	8510 	9586
8657
75 	369 	1416 	3406 	4353 	5856 	6185 	7009 	7536
3403 	6198
209 	237 	313 	1396 	1407 	2573 	2597 	3725 	4198 	4350 	4556 	5178 	5380 	5784 	5899 	5972 	6399 	6400 	7147 	8613 	8831 	8943 	9699
3758 	4205
848 	2230 	2493 	2854 	3240 	3770 	4407 	8201
1014 	1285 	2053 	2190 	3035 	3268 	3432 	3524 	4014 	4266 	5151 	5336 	5864 	6546 	8301 	8753 	8934 	9603 	9604
618 	1649 	2497 	2710 	4808 	7444 	9855
2348 	4849 	5998
2348 	5998
1266 	2028 	2669 	3268 	5051 	6425 	7093
6736 	7320 	9126
2256 	5843 	8912 	9695
99 	516 	674 	1107 	1108 	1296 	1837 	2037 	2205 	2632 	2646 	2648 	2996 	4023 	4139 	4494 	4589 	4741 	5154 	6301 	6458 	6591 	6794 	8262 	8313 	8545 	8752 	8863 	9024 	9085 	9864
171 	3748 	4205 	4902 	7300 	8284 	8569 	9018
325 	5836 	7476 	9240 	9264
8967
2540 	6530
2384
4741 	6918 	7163
8912
1651 	2974 	4215 	5494
8661
3728 	5655 	9578 	9582 	9661
9295
3305
7 	878 	2230 	2493 	2854 	3749 	4251 	4407 	6977 	8201 	9018
2570 	3083 	4794
423 	516 	1118 	1489 	1692 	3549 	4642 	5034 	5077 	6039 	6040 	6044 	6530 	6685 	8885
327 	5687 	7559
405 	2362 	3881 	5681 	6226 	6523 	6575
83 	202 	478 	627 	690 	729 	1213 	1887 	2080 	3013 	3108 	3934 	4425 	4752 	4927 	5019 	5957 	6425 	6786 	6895 	7150 	7808 	7910 	8043 	9869
2161 	3597 	6293 	7974
242 	4652 	4664 	4706 	6446 	6640 	7917 	8355 	9173
1975
72
5354
2024 	4840 	6793
694 	1619 	3524 	3992 	4867 	5390 	5925 	9166 	9266
6099 	9120
7230 	9038
835
4270 	7054 	7946 	8917 	9102 	9488
1769 	5663 	7123 	7206
387 	5949 	9498
63 	744 	862 	899 	939 	949 	1542 	1676 	2296 	2362 	2660 	2777 	3445 	3554 	3615 	4668 	5310 	5325 	5403 	5483 	5735 	6106 	6583 	6787 	6872 	6985 	7111 	7362 	7450 	7699 	7950
2297 	2951 	3140 	5692 	6454 	7017 	9371 	9461
603 	1356 	3843 	7090
1983 	4472 	4788 	7882 	8359
2709 	3197 	3603 	6517 	7907 	8531 	9448 	9731 	9804
3795 	5443 	7086
1776 	3794 	5443 	5863 	7086
222 	1076 	1869 	3929 	4491 	5358 	8642 	8786
2626 	6301 	7644
4747
1112
2668 	9307
3836 	9171 	9480
7693
2022 	2140 	5471
411 	726 	1209 	1882 	2457 	3579 	5177 	6437 	7024
9277
255 	1483 	4782 	6854 	7343 	7723 	8366 	8515 	8559 	8863 	9720
6243 	6540 	6721 	9310 	9515 	9703
471 	2016 	3483 	3876 	6857 	9372
339 	340 	595 	1062 	9245
2870 	4011
194 	651 	732 	1026 	2248 	2878 	5003 	5469 	5863 	6423 	7367 	7704 	8127
2725 	4201 	8974
2351 	5210 	7952
5894 	9763
144 	3070
1756 	7716
6172 	6227
2106 	3871
914 	980 	1625 	2375 	3488 	3965 	4453 	4767 	5421 	8939
1790 	3150 	3273 	5479 	6443
399 	8186
5859 	7692
776 	1474 	1781 	2772 	4153 	5174 	5863 	5864 	6514 	6646 	7088 	7106 	7912 	8530 	9135 	9287 	9646
2713 	2933 	3869 	5138 	6002 	7646 	7649
4811
4241
711 	4772
1767 	1810 	2757 	3843 	4226 	6503 	7665
1784 	5205
1122 	4192 	5629 	7954
1037 	4902 	5185 	5601
3131 	7225
222 	230 	3627 	4092 	9339 	9667
244 	885 	6363
2793 	4645 	5995 	7524 	8254 	9094 	9402 	9834
3801 	9171 	9480
6551 	6552 	9652
260 	1258 	2028 	5273
846 	8782
1662 	2506 	2534 	4664 	6110 	8415
3561 	6551
545 	4780 	6929 	7653 	8311 	9169 	9210
3791 	3828 	6503 	8439
407 	1619 	1778 	4106 	4327 	4753 	4851 	5358 	5578 	6258 	7093 	7310 	8679 	8857 	9651
3901 	9235
812 	3319 	9642
488 	7201
1170 	1462 	3918 	4209 	4215 	4747 	4755 	6555 	7477 	8259
3103 	4856 	9526
2057 	2561
3568 	3862 	4497 	4853 	4862 	5040 	5239 	5769
6130
2057 	2747 	9550 	9595
9542
367 	1799 	2444 	3224 	3632 	3701 	4110 	4354 	4387 	4693 	5583 	5649 	5979 	5986 	6288 	6326 	6734 	6992 	7018 	7253 	7254 	8055 	8829 	9413 	9590
8113
9325 	9591 	9675
2528 	9326
6077
99 	4494
1569 	2135 	5950 	7659 	8523 	9544
1253 	2176 	3568 	3851 	4497 	5040 	5489 	5769 	6813 	7435
338 	844 	8986 	9243
6260
604 	5173 	5240 	5634 	7525
279 	417 	751 	1440 	2209 	2518 	2913 	2982 	3022 	4721 	4727 	5033 	5703 	6148 	6521 	7500 	8869 	9076
3898
5778 	7846 	8311
490 	808 	981 	1312 	2933 	2934 	3105 	3824 	3919 	5138 	5707 	5743 	8786 	9080 	9207 	9301
8046 	8259
222 	413 	726 	1364 	1396 	1591 	1747 	2106 	2181 	2238 	2800 	3818 	3938 	3970 	4186 	4997 	5791 	5925 	6485 	6645 	6742 	6880 	7393 	7971 	8342 	9347 	9427 	9736
2518 	3008 	3140 	4638 	4697 	5892 	7271 	9212
96 	2860
646 	2543 	4303 	6365
108
471 	652 	783 	1129 	2016 	3808 	4455 	4511 	6857
3541 	3687 	5376 	8649 	9663
2195 	5884 	9214
270 	5229 	6951 	8105 	8861
75 	2829 	5027 	6715
405 	2362 	2940 	3774 	5681 	6226 	6523 	6796
6248
687 	849 	872 	2079 	4416 	5478 	6566 	7682 	8149 	9467
2755 	5910
2420 	3417 	8437 	8991 	9338
734 	1753 	3488 	5077 	6163 	6549 	6647 	6971 	7949 	8106 	8272 	8731 	8917 	9102
265 	551 	5488 	5589
96 	2860
222 	2088 	6092 	7687 	8786 	9421
3449 	3925 	8394
1497 	5990
4193
421 	9478
1012 	1275 	1318 	2492 	5290
4866
1484 	4594
1402 	2463 	4201 	6799 	9375
3867
250 	1088 	1475 	1623 	3215 	3243 	3640 	4694 	7269 	9298
2078
1357 	1736 	2101 	3845 	5074 	8163 	9235
1945 	4848 	9319
4574
3944 	6974
1168 	3103 	4921 	9325 	9526 	9544
1292 	3153
6171 	6777 	9709 	9844
4242 	8075
8344
4047 	4296 	8549
3634 	7964
4586 	5780
741 	743 	1672 	1756 	1961 	2078 	3356 	3359 	3592 	5008 	6136 	6619 	6687 	6912 	7427 	7910 	8129 	8904 	8905
576 	9058 	9220
4602
1540 	5085 	9075
4741 	6918
3848 	6555 	8259
3245 	3869 	9080
550 	2208 	3415 	4700 	8331 	8430 	9416
1012 	5496
1214 	3519 	3686 	3700 	4041 	4263 	4809 	5388 	6195 	7421 	8918
429
7815
3449 	3890 	8394
1187 	5704 	7760 	7797 	7833 	8448 	9405 	9496
1958 	7863
4804 	9463
222 	230 	782 	783 	1129 	1779 	3796 	4491 	4511 	4956 	6243 	6735 	9191 	9339 	9703
4603 	6467 	8494 	8763
3078
4299 	8549
4224
2028 	3649 	3775 	4876 	4999 	6425 	6937 	7072 	7201 	8012 	8456 	8694
171 	638 	1584 	2527 	4819 	6966 	7050 	8214 	8756 	8824 	8916 	9292 	9326 	9589
66
4644 	6053 	7642
94 	726 	735 	751 	1940 	1952 	2788 	3258 	3346 	3693 	3871 	3970 	4078 	4277 	4546 	4715 	4806 	5414 	5438 	5739 	5792 	6463 	6638 	6880 	7500 	7829 	7889 	8132 	8909 	9076 	9188 	9492 	9641 	9736
2716 	8737
2703 	6217 	6293 	8503
8313
2184 	3066 	6196 	6474
4747 	4759 	6551 	6552 	9640 	9652
2170 	2195 	3904 	6974 	7768 	9385
1466 	7902
598 	2905 	5074 	8637
4631 	7458 	7810 	7975
3628 	5352 	6410 	9559
573 	4069 	5381 	6309 	8615
2185 	2189 	6326 	7673
2582 	8603
3652 	6326 	8612
751 	1629 	2099 	2609 	2962 	3638 	4672 	7339 	8068 	8693 	8991 	9076 	9279
4975 	5996 	6487
6065
6531 	6853 	9308 	9336
6264
87 	88 	1872 	8381
881 	4194 	9434
9175
931 	3666 	4010 	5484 	8407
1468 	5740 	9767
1763 	2366 	3634 	5281 	5836 	6155 	8432
5082 	6507 	8338
1836 	2129 	2153 	2171 	3000 	3819 	4788 	5843 	6037 	6062 	6616 	6827 	6988 	7293 	8768 	8782 	8939
651 	732 	1071 	1234 	1336 	1368 	1472 	1529 	1746 	1781 	1879 	2198 	2352 	2786 	3095 	3366 	3432 	4064 	4338 	4359 	4546 	4896 	4897 	5048 	5685 	6423 	6530 	6645 	6971 	6975 	7062 	7072 	7201 	7327 	8072 	8476 	8539 	8868 	8885 	8934 	9488 	9509 	9863
408 	1807 	2424 	4103 	4104 	4432 	6976 	8409 	9180
1977 	5195
3169 	4594 	5597 	6873
251 	341 	974 	1200 	1695 	1940 	2099 	2167 	3346 	3871 	3938 	4186 	4264 	4341 	4715 	4870 	4896 	5088 	5226 	5479 	5925 	6366 	7412 	8012 	8132 	8375 	8526 	8539 	8733 	8911 	9649
7051
327
3513 	4349 	5966
6388 	7551
1133 	3022 	4310 	6486 	7024 	9743
2661
412 	583 	2225 	4142 	4193 	4240 	5053 	5282 	5570 	5628 	5796 	6596 	6887
5783
18 	2591 	2882 	3284 	3379 	3637 	3742 	4575 	4940 	5146 	5347 	6906 	7298 	7534 	7901 	8141 	8830 	9715
1200
114 	987 	1183 	1266 	4423 	5028 	5226 	7270 	8883 	9322
946 	1057 	5197
5895
1582 	2390 	2895 	6387 	7321
5144 	8056
8240 	8617
898 	1785
1039 	2241 	4230 	5058 	6714 	8025 	9322 	9876
2766
127 	3160 	5383 	7665 	8572 	8820 	9032
1907 	8118
3434 	3453 	3782 	4214 	4752 	5925 	5931
2009 	2111
1721 	3498 	4206 	4754 	5649 	9413
4707 	7019
620 	1352 	1971 	2135 	3681 	3741 	6326 	7649 	8155 	9016 	9544 	9570 	9599 	9613
3433 	9015 	9576
1440 	2982 	3036
601 	1822 	2167 	3472 	4341 	5088 	5407 	5526 	5996 	6366 	6933 	7282 	8641 	9139 	9472
1459 	2161 	5320 	6293
113 	2522
2992 	6049 	8435 	9324
3454 	4747 	4754 	4760
1408 	1504 	3236 	3607 	4888 	5140 	6118 	6663 	8933 	9779
1490 	3454 	4748 	4762
4407
1448 	1910 	2739 	5131
1448 	1910 	2739 	5131
4444 	5032 	5414 	5712 	9850
3961
341 	1549 	1940 	2870 	3810 	4033 	4802 	4999 	5151 	5560 	5812 	5906 	6075 	6222 	7762 	8476 	9380 	9482
2741 	5775
1266
359 	1014 	1159 	2902 	3750 	4941 	4989 	5029 	5176 	8301 	8753 	9488 	9603
770 	6519 	7977
8744
3298
1234 	5685 	9488
2755
1902 	2458 	2645 	3242 	5062 	5924 	6880
1696 	1737 	3537 	6434 	9508
735 	1428 	2743 	2994 	3091 	3512 	4593 	6415 	6976 	7938 	8193 	8456
516 	3757 	6591 	6794 	7994 	9024
952 	1736 	4106 	4150 	4156 	4544 	5116 	5117 	5138 	6514 	7919 	7920 	8159 	8167 	8530
3736 	4206 	5957 	6895 	7548
3097
222 	346 	1881 	4238 	5219 	5626 	5660 	7880 	8308
1312
4513
1798 	4745
4288
5053
78 	341 	478 	728 	1095 	1364 	1549 	1903 	1952 	2339 	2518 	3065 	3207 	3323 	3512 	4011 	4076 	4321 	4359 	4517 	5048 	5573 	5812 	6051 	7104 	8224 	8859 	9050 	9850
5192
727 	1186 	1781 	2669 	7076
2177 	2866 	3213 	9445 	9746
3354 	5005 	6499
171 	178 	2763 	4172 	5809
6155
8565 	9360
3922 	4809
3221 	4773
1063 	2167 	2545 	2689 	5575 	7464 	7592
488 	743 	1231 	1657 	5184 	5355 	7790
664 	2320 	5896 	6014
4139
441 	2543 	3910 	7795 	9728
2224 	3531 	5213 	6504 	7285 	9493
7278
4274
9575
5776 	6353
2263 	7191 	8472 	9257
2410 	2882 	2902 	3708 	5453 	6471 	6937
2574 	2598 	3719 	6181 	7551 	8609 	8660 	9762
5649 	6734 	9686
6416 	6733 	8263 	9028
304
2107 	8165
7280 	7281
2564 	4111 	4806 	5050 	6577 	7847 	9293
445 	4274 	6662
1249 	3698 	7817
495 	1046 	1459 	2030 	2110 	2174 	2712 	2786 	2872 	3524 	3966 	4962 	5264 	5932 	6423 	8868 	8885 	8891 	9466
873 	886 	7798 	8469 	8767 	9487
1057 	8668
2212 	4549 	4873
3724 	7665 	8042
2028 	3949 	5981 	6230 	6309 	6397 	7018 	7672 	8055 	8165 	8616
3743
3432 	3726 	3742 	4579 	6336 	7690 	8240 	9023
1429 	4249 	5971 	6884 	8551
336 	6217 	8503 	9580
1102 	7023
4525 	6217 	8503
1903 	2788 	2994 	3207 	3708 	4033 	7104 	7953 	8058
1884 	1989
378 	726 	1160 	1209 	2028 	2398 	2457 	2595 	3693 	3938 	4277 	4715 	4921 	5414 	5438 	5792 	6437 	6861 	9076
1665 	6248 	7045 	9635
8228
2675
1778 	1900 	2934 	5138 	7090 	8527
2611 	8598 	9348
3736 	7548
179 	323 	2308 	2763 	6579
2192 	4321 	5988 	6328
864 	2235 	4967 	5837
104 	297 	428 	2588 	3536 	3654 	3722 	3736 	4092 	4255 	4579 	5678 	5984 	6182 	6187 	6330 	7660 	8590 	8943 	8946 	9339 	9684
7533 	8250 	9421
5690 	9007 	9570 	9599 	9665
2577 	2587 	9580 	9599
222 	230 	970 	3627 	3833 	4088 	5678 	6148 	6465 	7669 	8499 	8950 	9006 	9035 	9339 	9667
7660
18
2161 	5095 	6217 	6293 	7542 	8503
4144 	4321 	4372 	4517 	6178 	6361 	9342 	9573
3404 	4523 	9561
3281 	4203 	6355 	8608 	8726
8425 	9593
2371 	7052 	9295
1826 	1827 	3549 	7948 	8525 	8657
3629 	8944
408 	3967 	4378 	8274
3967 	6976 	8409
161 	970 	1038 	1794 	2028 	2306 	3506 	4427 	4585 	5575 	6072 	8347 	8382 	8934 	9442 	9538 	9835
3432 	3844 	4024 	5902 	6136 	7672 	8943 	9651
6832 	9298
5053 	7979
2649 	2684 	3376 	3378 	9687
1786 	2444 	3701 	3855 	4262 	4354 	4387 	5428 	5499 	5649 	6734 	9413 	9590
279 	417 	481 	607 	1939 	2292 	2352 	2432 	2472 	2824 	4061 	4235 	4444 	5032 	5089 	5469 	5823 	6534 	6577 	7466 	7838 	7949 	8641 	9700 	9850
1881 	5172 	9359
381
6899
1888 	2096
1145
7155 	7386 	9125
4402 	7792
246 	621 	720 	916 	1016 	1861 	2193 	3205 	4159 	4744 	5058 	6379 	6489 	7698 	8138 	8239 	8691 	9505
1810
4324 	4558 	4927 	5019 	5218 	6817
3586
2573 	5656 	7529 	7665
73 	3427 	4263 	5134 	5181 	5197 	6154
816 	6970 	7914 	9455
6129
1188 	1995
4282 	5196 	6263 	7200
2030 	5432 	9348
712 	2494 	2826 	3425 	3456 	3485 	6581 	7201 	7337 	9074 	9432
8147
2548 	8482 	8770
4886
2743
31 	491 	541 	2062 	2649 	3488 	4782 	5089 	5290 	5577 	7419
3465 	4465 	5309 	8313
495 	871 	1763 	2195 	3279 	3351 	4471 	4505 	4876 	5358 	6001 	6425 	7115 	7393 	9399
3557 	5268 	7879
821 	874 	2703 	3095 	3757 	4046 	4699 	4741 	4797 	5664 	6190 	6563 	7451 	9044 	9864
871 	1930 	3512 	5766 	5792 	7388 	7938 	8214
5214
3977 	5282
8392
21 	1335 	2615 	4096 	4321 	4732 	5790 	5893 	8873
1427 	2318 	8556
3452
7002
1912 	1947 	3341 	4215 	4400 	6100 	6823 	7079 	7229 	7613 	7920 	8609 	9201
482 	1198 	4992 	6998
4024
938 	6467
2744 	4731 	5277 	5624 	5784 	6382 	6495 	7908 	9692 	9794
174 	455 	546 	769 	774 	825 	1607 	1871 	1904 	2251 	2663 	2769 	3109 	3232 	3613 	3823 	4545 	4714 	5085 	5173 	5240 	5911 	6519 	6543 	7023 	7121 	7138 	7379 	7421 	7913 	8181 	8513 	8547 	8907
3167
4451 	4827
4024 	4544 	5117 	6867 	7658 	7919 	8612
3592
6815 	9333
246 	621 	720 	916 	1016 	1861 	2193 	3205 	4119 	4744 	5058 	6379 	6489 	7698 	8138 	8239 	8691 	9505
4172
439 	2725 	4201
2234 	5067 	5155 	7332 	7388 	9708
9061
1405
4338 	4896 	8816
2105 	4457 	7435 	7546
12 	76 	5686
5141
6095
628 	2744 	3398 	4731 	4742 	5034 	5624 	5784 	5798 	6495 	8442 	8839
81
27 	81 	82 	177 	178 	2149 	2763 	4038 	4160 	5214 	5687 	6022 	7485 	7956 	7982 	8582
8693
2608 	8288
311 	333 	6522 	6571
1999 	6458 	7889 	8400 	8983 	9188 	9297
2234
747
1490 	1695 	1801 	2016 	2209 	2297 	3481 	4761 	5391 	6924 	7069 	7953 	8058 	8166 	8199 	8859 	8893 	9102 	9388
1990 	4410 	6902 	9081
9271
6087 	7515
2100
2113 	4286 	5169 	9820
1350 	5286 	9530
2072 	2236 	2352 	2518 	3592 	3871 	3970 	4608 	5009 	5606 	5925 	6124 	6423 	6877 	7062
768 	5490 	8537
2850 	5661 	6623 	6719 	7373
4190 	5008 	6912
1775 	4189 	5008 	6912 	7948 	9327 	9548
1802 	2172 	2796 	3248 	3425 	4508 	4803 	5143 	6852 	7071 	7468 	7967 	9266 	9551
373 	536 	1202 	1767 	3278 	3280 	3830 	4612 	5238 	5544 	5629 	6873 	8221
583 	1048 	1734 	1850 	1948 	2820 	3164 	3892 	3977 	4811 	5306 	5847 	6879 	8163 	8376 	9478 	9747
881 	3959 	5091 	8688 	9434
3162 	3614 	4206 	4215 	4219 	4747 	4759 	6314 	6552 	6555 	7201 	7475 	7665 	8046 	9187 	9188 	9627
9390
3003
1407 	3747
1488 	7438 	7439
3540 	4556 	7542 	8639
439 	1402 	2725 	3812 	3897 	4161 	8974
300 	3228 	6349 	7668 	9285
299 	302 	4098 	5985 	6005 	6108
1211 	1586 	2202 	2426 	2427 	3244 	3302 	3413 	4463 	4646 	5465 	5716 	8310 	8819 	8977 	9157 	9337 	9348 	9752 	9830
617 	1327 	1512 	2823 	3748 	3758 	4752 	4902 	8457 	9627
99 	589 	1721 	2306 	2712 	3994 	4025 	4195 	4207 	4212 	4219 	4312 	4601 	4746 	4747 	4754 	5012 	5603 	5953 	5957 	6561 	7201 	7252 	8256 	9594 	9627 	9636
4206 	4286 	4600 	4757 	7296 	8259
4209 	4214 	4746 	4747 	9596
99 	1467 	1496 	3848 	4208 	4209 	4211 	4214 	4215 	4219 	4746 	4747 	4752 	4755 	4759 	5066 	5555 	5603 	5738 	5876 	5893 	6311 	6551 	6552 	6557 	8634 	9596 	9627 	9652 	9653 	9656
4746 	9596
997 	1459 	1461 	1467 	3497 	3614 	4209 	4211 	4214 	4216 	4344 	4605 	4606 	4650 	4747 	4752 	4755 	4759 	4760 	5931 	6178 	6551 	6552 	7658 	8046 	8118 	8514 	9652 	9656
4206 	4219 	4746 	6561 	8294 	9596
3162 	6314
43 	2712 	3992 	4208 	4209 	4211 	4219 	4221 	4746 	4747 	4752 	5281 	5931 	6493 	6520 	6555 	7201 	8753 	9297 	9596 	9627 	9636
467 	478 	1170 	1347 	1462 	2473 	2974 	3315 	3453 	3765 	3848 	4148 	4195 	4209 	4215 	4218 	4219 	4330 	4342 	4746 	4747 	4752 	4754 	4958 	5213 	5494 	6311 	6314 	6485 	6561 	7201 	7252 	7477 	7613 	7665 	7920 	8046 	8153 	8258 	8259 	9627
4211 	4606
5396 	6733 	6850 	8379 	9127
1347 	3453 	3499 	3614 	4215 	4219 	4747 	4748 	4753 	6311 	6313 	6553 	6555 	6557 	6561 	8046 	9628 	9654 	9655
592 	1347 	1467 	3162 	3201 	3497 	3499 	3743 	4195 	4206 	4209 	4212 	4214 	4215 	4218 	4219 	4221 	4752 	4754 	4759 	5095 	5457 	5738 	6250 	6314 	6553 	6557 	6561 	7201 	7252 	7406 	7475 	7536 	7665 	8046 	8151 	8510 	8948 	9586 	9655
977 	1012 	2111 	2703 	4689 	4895 	6768 	7306
1465 	4214 	4219 	4754 	4760 	8514
448 	1465
3629 	4316 	8957
2376 	3403 	3653 	3933 	5666 	6198 	6284 	8378 	8958 	9082 	9269 	9858
3736 	4255 	8648 	9291
2027 	3828
4876 	4949 	7805 	8301 	9390 	9603
9416
7918
1534 	3988 	7143 	9322
2112 	2982 	7260 	8068
96
1205 	2295 	2343 	2640 	2721 	5025 	5736 	5895 	8333 	9249 	9414
647 	2234 	2455 	2528 	3283 	4554 	4915 	5354 	5975 	6337 	7916 	7929 	8601 	8972 	9307 	9570
235 	287 	444 	481 	1541 	2258 	2824 	2987 	3185 	4111 	4439 	5029 	5048 	6271 	6745 	6746 	6832 	7282 	8247 	8693 	8744 	8840 	9106
8983 	9483
2204 	3108 	3333 	7473
1881 	4027 	4911 	5626 	7687 	8580
1547
308 	531 	692 	918 	1019 	1150 	1547 	1821 	2032 	2033 	2161 	2225 	2284 	2378 	2499 	2697 	2756 	2795 	3349 	3977 	4526 	4810 	6293 	6555 	7152 	7615 	8855 	9112 	9134 	9764
3826
429 	3908 	8075
368 	6319 	7660
326
1578 	7616 	7801
2125 	3345 	6005 	6108 	9276
2674 	3015 	3113 	3382
642 	1866 	2922 	4649 	6776 	6952 	8284 	8569
1429 	4072 	5971 	6884 	8551
3655 	5317 	5980 	6449 	7670
878 	3770 	5129 	8201 	8735
3305 	3434
6323 	6324 	8726 	9599 	9810
312 	7607
104 	297 	1906 	2588 	3722 	3736 	4088 	4225 	4575 	6182 	6187 	8030 	8590 	8614 	8943
6187 	9012
1881 	8407 	9128 	9130
2491
591 	6675 	7803 	8182 	9457
5210
4773 	5927
168 	1786 	2125 	3345 	4110 	4800 	5428 	5499
176 	2677 	2930 	3922 	4124 	4837 	6375 	7952 	9344
2882 	3693 	3970 	4546 	4715 	5438 	5473 	7107 	8012 	8778
321 	6722 	6776 	9133 	9826
495 	522 	539 	711 	771 	1109 	1186 	1747 	1763 	1851 	2366 	2410 	2553 	3035 	3065 	3091 	3207 	3268 	3387 	3558 	3750 	4341 	4467 	5027 	5151 	5358 	5398 	5864 	6072 	6454 	6597 	6645 	6893 	7035 	7072 	7107 	7310 	7763 	7989 	8214 	8456 	8539 	8694 	8785 	8934 	9412 	9492 	9629 	9739
4782 	7481
4540 	6529
1045 	3253 	4560 	6346 	8305 	8696 	9479 	9831
1529 	2311 	3786 	8106 	8731 	9102 	9488
108 	224 	2016 	5407 	6070 	7454 	8876
9173
21 	183 	2457 	3621 	4989 	7024 	7036
433 	445 	954 	1433 	1435 	1911 	2416 	4050 	4062 	4643 	4685 	5543 	6095 	6107 	6211 	6662 	7823 	7952 	8498 	8784 	8924
282 	5475
330 	1087 	3195 	6528
78 	258 	726 	1440 	1715 	2208 	3536 	3938 	4078 	4415 	4806 	4858 	5029 	5048 	5414 	6463 	7286 	7755 	8753 	9076 	9333 	9603 	9617 	9735
1042 	1157 	1164 	1179 	1268 	1368 	1547 	5316 	5577 	6667 	6738 	7491 	8173 	8635 	9724
694
9511
9491
2329 	4128 	5196 	5458 	7200 	8756 	8759
152 	3038 	4366 	6565 	6904 	6953 	7944 	8322 	8469 	8934
5034
943 	4812 	7255
2113 	4184 	4207 	8828 	9820
6169 	6170 	8626 	9051
4031
1017 	3364 	4484 	9810
1167
55 	4762 	5411 	6187 	6363 	7461 	9393
6866 	8892 	9836
8469
4761
5236
3910 	7535 	8549
2851
249 	1607 	2146 	3146 	5817 	6633
3932 	5307 	7731 	8060 	8549
653 	2685 	3356 	7786
51 	9100 	9193 	9194
6594 	6595 	7055
1058 	2016 	2511 	2543 	3481 	3874 	6365
1080 	1605 	3538 	6744
362 	2734 	3616 	6114 	7204
2967 	8176
3064 	4622 	6424
3331
7986
1133 	2703 	3022 	3975 	5197 	6486 	7024 	7300 	8109 	8281 	9743
2703 	3022 	6667 	8548
4206 	4746 	4747 	5603
714 	1351 	1457 	2550 	2849 	2852 	6773 	6894 	8951 	9678
5173 	8503
3286 	4347 	9746
4223 	8661 	8957
9013
1227 	4639
1350 	5286 	8479
4456 	8250
109 	1351 	1416 	3591 	4033 	4086 	4096 	4144 	4372 	4517 	4882 	5712 	5976 	6209 	6328 	7665 	8036 	8039 	8724 	9013 	9342 	9543 	9850
8778
2543 	7623
1263 	1778 	1825 	2170 	3337 	4121 	4558
802 	1876
802 	1876
3844 	5578 	6258 	6312 	6617 	7310 	8679
1852
2021 	2214 	8391
4215 	4342
572 	3720 	7940 	8518
301 	1265 	1286 	9623
3037 	6783
2376 	2712 	5346 	8342 	8885 	9713
2722 	3095 	6136 	7589
2480 	7946
6534 	6541
2334 	2552 	2679 	2983 	3966 	4165 	4896 	5871 	6870 	6971 	8376 	8816 	8934
5095
3283 	4554 	6337 	8601
21 	224 	539 	714 	773 	801 	1081 	1244 	1315 	1608 	1972 	2080 	2099 	2156 	2362 	2520 	2696 	2913 	3970 	3999 	4266 	4418 	4452 	4754 	4839 	4973 	5052 	5407 	5707 	5784 	5826 	5835 	6128 	6366 	6536 	6819 	6893 	6894 	6933 	7038 	7175 	7391 	7618 	7837 	7907 	8025 	8281 	8571 	8655 	8702 	8959 	9000 	9081 	9390 	9421 	9804
467 	1312 	2427 	2473 	2506 	3210 	3499 	4215 	4330 	4958 	7184 	8153 	8411 	8786 	8881 	9173 	9276 	9321 	9804
7184 	8786
997 	1459 	3206 	4211 	4599 	4749 	4753 	7658
4747 	4753 	6551 	8151
753
3286 	4315 	5777 	8055 	9531 	9746
5319 	8599
3973 	5144 	5966
3747 	8613
5630 	6396 	8115
6324
369 	3745 	7536 	7537 	8657
2590 	2605 	3855 	4110 	4387 	4407 	5583 	5649 	7018 	8201 	9585
4386 	7530 	8591 	9011
898 	1785
3561 	7133
978 	8664
94 	345 	728 	2786 	2800 	3187 	3207 	3966 	4033 	4502 	7062 	7072 	8539
2099 	2609 	3657 	6199 	6506 	6955
2408
842 	1498 	1920 	2830 	3329 	7260 	8157 	8358 	8816
341 	1695 	1926 	2762 	2946 	3176 	5226 	5295 	5906 	8733
2126
2110
4283 	6904
505 	1311 	1432 	2281 	2651 	4733 	5282 	5575 	9152
898 	1785 	4786 	5026 	7023
2113 	4370 	8828
2113 	4369 	8828
936 	1429 	6884 	9196
4096 	4321
8619
1444
3355
2114 	3650 	3653 	3672 	5253 	5901 	5967 	8051 	8597 	8646 	9660
1116
408 	4103 	4432
3486
6868
548 	7842 	8979
7137
223 	2338 	4742 	4808 	5027 	5917 	7563
1243 	3078 	4547 	5104 	5110 	5906 	6805 	8334 	8548 	8620 	8724
5958
4355 	5145 	5961 	7530 	8591 	9011
3224 	3681 	3855 	4110 	4354 	5649 	6288 	6734 	6992 	8055 	9413 	9785
5969 	8059 	8847
5935
1265 	4656
2008 	2678 	3487
1049 	1976 	3221 	9131 	9706
9465
160 	527 	5189 	7842 	8260 	9237 	9691 	9845
7529 	7532 	9660
99 	7563
474 	1931 	4594 	5880 	7814 	8204
8417 	9711
5170 	7082 	7330
4148 	6100 	6587 	7613 	9201
6578 	9266
4118 	5537 	5849 	5882 	7177 	7792
1881 	2263 	4431 	4486 	5172
4824 	6035 	8171 	8645 	9088
1977 	5195 	5922
7529
135 	871 	913 	1070 	2230 	2493 	2791 	2854 	3749 	3770 	4006 	4354 	4698 	6192 	6400 	6977 	7307 	7707 	8060 	8201 	9018
1299 	2543 	4665 	5428 	5620 	7307 	7795 	7827
1486 	9077
4180
6504
2022
2424 	2544 	3032 	4479 	6849 	7749 	8220 	8684
5206 	6136 	7589 	7590
857 	1715 	2846 	3138 	4277 	5048 	5573 	6451 	7768
849 	3883
1939 	2292 	3593 	4444 	6141 	6940
2913 	4341
2182 	2583 	3637 	4575 	7668 	8585
325 	678 	2366 	2814 	5468 	7476
934 	1045 	1102 	1896 	2797 	2886 	5034 	5328 	6903 	8243
741 	1362 	1961 	2078
3981
3034 	7096 	8421
854 	1562 	3775 	4662 	4769 	5540 	6714 	6796 	6935 	7465
720 	1266 	3258 	4662 	5195 	6162 	6339 	8921
165 	1794 	3406 	3506 	4105 	4486 	4585 	5608 	6072 	8382 	9106 	9442 	9538 	9692
1484 	2142 	2194
3028 	4570
2604 	3071 	6321
4403 	5172
1057 	2424 	3967 	4378 	4911
2744
883 	3214
1452 	8033
4859 	5876 	6552 	6990 	8089 	9327 	9785
948 	1573 	5917
3342
209 	287 	573 	857 	1795 	1877 	1952 	2352 	2987 	4235 	4544 	4955 	5029 	5048 	5250 	6271 	6624 	6625 	6745 	6746 	6832 	7239 	7282 	9870
3261 	5977 	8963
3680 	5920
3405
1910 	2739 	4627
158 	222 	1939 	2292 	3210 	4009 	4111 	4417 	5032 	5407 	5414 	5707 	6141 	7687 	7688 	8786
8846
785 	2977 	7395 	8371
431 	1828 	3265 	6698 	7796 	8846
2756 	7003 	8057
6433 	8075 	8834
2164
4155 	4827
156 	1081 	2080 	2479 	2696 	3146 	4341 	4582 	4676 	7382 	7573 	7837 	8025 	8214 	8558 	8702
224 	1096 	3488 	3819 	5479 	6244
7179
471 	1129 	3876 	4511
4320 	8250
2105 	4166 	7435
38 	325 	9264
431 	1429
7151 	7828
1152 	1973 	9061 	9294
1733 	3038 	3698 	4653 	5301 	6963 	7772 	9533
1211 	1586 	2202 	2426 	2427 	3244 	3302 	3413 	4204 	4646 	5465 	5716 	8310 	8819 	8977 	9157 	9337 	9348 	9752 	9830
470 	4995 	9429
3642 	4136 	9176
222 	230 	1753 	2462 	3345 	6363 	6935
3065 	3268 	4266
375 	452 	1617 	2521 	3269 	6807 	7006 	7416
3131 	9206
788 	2442 	3018 	3038 	3154 	3479 	6127 	6922 	7846 	8103 	8433 	9374 	9533
495 	735 	1463 	1666 	3258 	3509 	4137 	4688 	4715 	5299 	7072 	8012 	8027 	8106 	8456 	8909 	9451
3792 	7882
1715
3362 	4923 	8911
5251
6136 	6859 	8382
1734 	8579
793 	4479
793 	1057 	1082 	1085 	1585 	1836 	2424 	2507 	2544 	2940 	4413 	4478 	5571 	7749 	8220 	8684
3152 	8578 	9153
804 	1032 	1114 	1267 	1269 	1306 	1321 	2322 	2394 	2625 	3418 	4640 	4813 	5339 	5433 	5448 	5770 	7029 	7379 	7594 	7905 	8187 	9357
7154 	7562
880 	1738 	5033 	8580
411 	1017 	2564 	3364 	4289 	5177 	6168 	7243 	7515 	7734 	7755 	7847 	8185 	9810
1695 	2209 	2946 	3027 	8733
116 	436 	805 	1907 	2913 	4403 	4427 	4909 	5277 	5608 	5624 	5784 	6770 	8629 	9107 	9267 	9442 	9692
375 	644 	2046 	2270 	4837 	9484
111 	7075
3068 	9817
7070
222 	230 	1129 	1405 	1634 	2088 	2247 	2497 	3090 	3796 	3929 	4956 	5141 	6149 	6363 	9339
1198 	4992
5832 	6462
99 	674 	908 	1837 	2632 	2996 	3757 	3860 	4741 	5154 	6591 	6794 	6921 	8313 	8766 	8863 	9864
8150
2730 	4691 	4743 	7196 	8765
1253 	2988 	3104 	3339 	3568 	3851 	3862 	5040 	5489 	5769 	7435 	7740
1369 	1436 	2669 	3293 	4759 	5579
9446
2321 	4785 	5830
733
4359
6776 	9136
762 	2696 	7727 	7867
762 	1763 	2696 	3081 	4137 	6462 	8432 	8524
2176 	7109 	7846 	8286
3548
2172 	2796 	4191 	5143 	6852 	7468 	9266 	9551
1108 	2817 	6716
6993
803 	1129 	3876 	3929 	4455 	6735 	8581 	8786
5443 	7942 	9742
4029
1409 	9531
8007
415 	2576 	5777 	6288 	6310 	8055
2148 	2583 	3637 	4033 	4096 	4321 	5095 	5712 	5903 	6257 	8036 	8585 	8724 	8886 	9850
5145 	5961 	7530
6307 	7530 	9613
1424 	5569
3499 	5926 	6561
8724
3404 	4097 	9561
2180 	3537 	7122 	8613 	9307 	9647 	9662 	9810
4075 	6217 	8503
210 	349 	352 	912 	1163 	1534 	1575 	1853 	2161 	3140 	4240 	4697 	5760 	5791 	6113 	6935 	8231 	8799 	9261
7501
7863 	8516
121 	5760 	6412
8650
679 	2667 	4787 	6810 	9711
9369
339 	342
5852
368 	2582 	6316 	8608 	9869
2447 	2812
5541 	6865 	7836 	8254
2048 	2555 	8431
47 	2990 	3258
4268 	6529 	6586
3068 	9817
985 	2896 	6554 	7300 	7339
423 	1351 	1751 	1853 	2874 	3713 	5206 	7130 	7305 	7658 	7849 	8191 	8935
174 	779 	823 	857 	1904 	2457 	4024 	4156 	4439 	5048 	5116 	5634 	5863 	5868 	6050 	6518 	7138 	7919 	9076
1904 	3109 	4153 	6519
1529 	1879 	3693 	3938 	3966 	4264 	6971 	7072 	8132 	8885
94 	520 	984 	1243 	1620 	2016 	3481 	3485 	4384 	5861 	5906 	6846 	7564 	8916 	9151
2579 	9573 	9663
121 	516 	2212 	2409 	3038 	3045 	3471 	4067 	4873 	6959 	7843 	8469 	8796 	9134 	9827
990 	8339
1726 	6034
603 	2767 	3447 	5643 	7057 	8455 	8925
1354 	3234 	5859
609 	2535 	3283 	3437 	4234 	4340 	5635 	5972 	5975 	6326 	6337 	7535 	8549 	8601 	8942 	9008 	9570 	9811
2138 	2574 	3285 	3287 	5375 	8650
313 	2606 	3540 	3742 	3747 	4200 	5981 	6324 	7534 	8831
8876
583 	1134 	1263 	1416 	1778 	2554 	2601 	2726 	4121 	4324 	4988 	5305 	5467 	5816 	6751 	8002 	8469
599 	3336 	9253
1045 	3253 	4269 	8305 	8696 	8705 	9479
572 	2090 	2332 	7545 	9144
1773
2464 	9523
1420
3240
743 	1040 	2719
8232
336 	7523 	9580
137 	2324
3028 	4429
3285
961 	1705 	1812 	5546 	5708 	6550 	7266
2384 	3713
3903
2182 	2583 	2882 	3637 	3742 	3979 	4255 	4419 	6217 	6309 	8030 	8503 	8585
2583 	3636 	8624
8616
3729 	5773 	5786 	7550
370 	4071 	4088 	6343 	7201 	8508 	9651
858
2302 	9379
2016 	4452 	7382
2099 	4592 	4754 	7887 	7975 	8806 	8816 	9213 	9377
929 	2901 	9162
94 	735 	751 	911 	2160 	2497 	2824 	2977 	3258 	3558 	4105 	4427 	4688 	4772 	5250 	5299 	5739 	6380 	6652 	7038 	7515 	7648 	7850 	7889 	8927
3912 	5780
2179
6405
1107 	1108 	2037 	2703 	2904 	3579 	3757 	5053 	5422 	6458 	6747 	7884 	7979 	8101 	8262 	8752 	8753 	8934 	9609
2454
4591
4583 	7975 	8806 	8816
4022 	6415 	8817 	9252
1484 	2142 	2194 	3493 	3896 	3969 	4397 	4841 	5597 	6167 	7057 	7561 	8191 	8935 	9104
1150 	2283 	2883
837
432 	2576 	6310 	8160 	9356
169 	4899 	6248
2977 	3130 	3206 	3547 	4344 	4749 	4753 	5280 	7968 	9106
4207
4206 	4747 	5603
3915
3930 	6467
3624
4211 	4752 	7955
4211 	4216
185 	6715
4186
921 	2469 	7713 	7722
362 	1566 	2734 	3646 	6114
212 	3732 	4935 	5001 	5250 	6696 	7091 	9076
4192
1133 	9744
1301
165
3416 	7988
777 	2714 	3106 	5758
4766
771 	1674 	2827 	3529 	7752 	9355
170 	562 	2596 	5255 	8378
1929 	7674
273 	2990 	3064 	3251 	4307 	5264 	6424 	6633 	9865
1850 	5925
707 	5689
3199 	7999 	8882
9865
1910 	2739 	4443
1610 	3232 	8181 	9312
8804
115 	7907
198 	865 	3947 	7458 	7810 	7975
1906 	2772 	5174 	5864 	9287
5915 	6651 	6888 	7632
511 	5870 	7886 	8363
7913
1023 	2167 	2282 	2472 	4710 	5032 	5397 	6152 	6178 	6458 	6630 	6875 	6876 	6923 	8778
424 	3266 	5040 	6145
2342 	2668 	3140 	3872 	4925
1227 	4318 	7422
804 	1032 	1114 	1267 	1269 	1306 	1321 	2322 	2394 	2625 	3418 	4481 	4813 	5339 	5433 	5448 	5770 	7029 	7379 	7594 	7905 	8187 	9357
5134 	6121
451 	1364 	2712 	2786 	2977 	3396 	3549 	3772 	6530 	7494 	8859 	8885 	9409
918 	992 	2344 	3150 	3706 	4274 	6095 	6538 	7703 	9243
3937 	7642
2793 	3835 	9094 	9402
1211 	1586 	2202 	2426 	2427 	3244 	3302 	3413 	4204 	4463 	5465 	5716 	8310 	8819 	8977 	9157 	9337 	9348 	9752 	9830
1607 	1809 	6263
3534 	3551 	8073 	8683
1866 	4248 	6952
4211
385 	1824 	7132 	9712
3777 	4706
490 	808 	1585 	1733 	2203 	2937 	4462 	4933 	5089 	5261 	5340 	7416 	8335 	8571 	8716 	9207 	9211 	9301
191 	2875 	5459
9605
4390
1940
5366
867 	2054 	3511 	5934 	6163 	7151 	8692
9441 	9519
926 	1014 	1511 	2176 	2788 	2882 	3739 	4670 	4806 	4974 	4999 	6803 	6845 	7109 	7846 	7946 	8311 	8992
854 	1266 	3258 	4425 	4426 	6339 	6796 	7465
3343
1662 	2295 	2462 	2506 	2709 	3429 	3777 	3840 	6110 	6446 	8355 	8415
4408 	7795
7443
1531 	1722 	1806 	1856 	2220 	2241 	6686 	7887 	8456 	9320
63 	744 	862 	899 	939 	949 	1542 	1676 	2296 	2362 	2660 	2777 	3445 	3554 	3615 	3789 	5310 	5325 	5403 	5483 	5735 	6106 	6583 	6787 	6872 	6985 	7111 	7362 	7450 	7699 	7950
7814
1014 	2176 	4661 	6813 	7333 	7846 	8311
2187 	2706 	2793 	3660 	7017 	7173 	7213 	7718 	7771 	8710
1629 	3638 	3953
1986
4840 	7527
811 	1183 	1270 	1824 	2168 	5074 	5095 	5820 	7315 	7656 	8309 	9312
852 	3038 	4452 	5563 	6155 	7116 	7474 	7573 	7907 	8571
1019 	7306
7399
271
7527
6148 	7478
647 	1708 	1890 	5354 	9225
1166 	1728 	7180
17 	923
1435 	1981 	4274 	5674 	6107 	7823 	8471
620 	6072 	6324 	6793
143 	353 	417 	1481 	1734 	2552 	2554 	2766 	3219 	3353 	4960 	4992 	5093 	6137 	7601 	9151 	9174
495 	1666 	1722 	2900 	3258 	3489 	4471 	4585 	4772 	5299 	7704 	8106 	8909 	9451
977 	2703 	4220 	4895 	6768 	7306
739 	1206 	1326 	2366 	2952 	5281 	6150 	6179 	8525
2730 	4496 	4743 	7196 	8765
1361 	2083 	4796
3855 	5649 	6992
3899
7430
526 	627 	7112 	7447 	8929
507 	1224 	1338 	1575 	2475 	2518 	3140 	3377 	3872 	4526 	5050 	5218 	5284 	5760 	5791 	6426 	6589 	8672 	8673 	9212
2230 	4407
874 	4139
3920 	8331 	8430
580 	9759
1228 	2819 	9426
287 	685
7198 	9416
613 	2874
3777 	4652
3995 	7019
454 	1027 	2398 	3507 	5451 	7420 	8389 	8661
6463 	8301
2472 	4636 	6178
1029 	1060 	3393 	5133 	8461 	9260
1672 	5008 	6912 	8404 	8890
2280 	2756 	2817 	5165 	5803 	5883 	6087 	6102 	6293 	6372 	7192
769 	1871 	4153 	5240 	5911 	7913 	8547
378 	495 	1095 	1940 	2028 	2788 	3346 	3938 	3970 	4078 	4264 	4471 	5299 	5438 	6072 	7360 	8012 	8132 	8909 	9076
2200 	5449
3107
7633 	8365
2756 	7287
7710 	7955
632 	751 	1440 	2982 	3866 	6861 	7131 	7339 	9097 	9636
1978 	9061
2332 	9144
513 	2674 	2941 	3015 	7817
2353
1651
3866 	5033
333 	334 	1191 	2568 	2629 	7193 	7199
7276
1247 	1254 	3020
2744 	2865 	4152 	4170 	5624 	5784 	6495 	7908
21 	4144 	5790
505 	1432 	2281 	4367 	5575
1165 	1213 	2802 	5002 	5085 	5197 	5447 	5603 	6519 	7139
891 	1278 	1663 	3238
394 	1133 	2387 	4961 	5147 	5264 	5925 	6485 	9477
1547
5297 	6590 	8269
422 	1835 	5818
516 	1210 	1746 	5230 	6262 	6599 	8318 	8860
637 	674 	821 	1362 	1865 	1897 	2632 	3757 	3763 	3917 	4139 	4494 	6000 	6153 	6563 	6918 	7593 	8109 	8313 	8344 	9864
223 	600 	743 	1899 	2131 	2334 	2745 	3117 	4170 	4383 	4808 	5027 	5036 	5772 	5917 	6083 	6495 	7492 	7563 	8193 	8218 	9076 	9333
2444 	2730 	4496 	4691 	6337 	7196 	8765 	9397
246 	621 	720 	916 	1016 	1861 	2193 	3205 	4119 	4159 	5058 	6379 	6489 	7698 	8138 	8239 	8691 	9505
1798 	4030
99 	478 	3269 	3453 	3499 	4206 	4208 	4209 	4210 	4212 	4214 	4215 	4312 	4747 	4752 	4754 	5603 	5737 	5990 	6324 	6551 	6561 	7252 	7660 	9596
478 	1213 	1462 	2088 	3452 	3559 	3569 	3608 	3614 	3798 	3848 	3943 	4003 	4195 	4206 	4208 	4209 	4211 	4214 	4215 	4218 	4312 	4345 	4601 	4746 	4748 	4752 	4753 	4754 	4759 	4760 	4890 	5603 	6064 	6551 	6552 	6559 	7075 	7477 	8151 	9594 	9596 	9636 	9640 	9652
108 	129 	915 	984 	1006 	1750 	1792 	3365 	3485 	4005 	4218 	4747 	4748 	4815 	5272 	5437 	5534 	6120 	6313 	7411 	7581 	8081 	8125 	8157 	9151 	9325 	9469 	9673
3206 	4344 	4599 	4753
2005 	2040 	3529 	3717 	4925 	5430 	8747 	9776
3614 	4760 	9627
478 	690 	1351 	1416 	1461 	1465 	1467 	3315 	3614 	3775 	3992 	4205 	4209 	4211 	4214 	4215 	4219 	4605 	4746 	4747 	4753 	5056 	5931 	5965 	6324 	6490 	6552 	6561 	7213 	8047 	9016 	9596 	9627 	9816
407 	478 	490 	1369 	1467 	1501 	1983 	3206 	3614 	3844 	4218 	4344 	4345 	4599 	4747 	4749 	4752 	4759 	5296 	5500 	5603 	5893 	6282 	6551 	6561 	6590 	8151 	9056 	9627
99 	168 	478 	1110 	1608 	1721 	1887 	2080 	2444 	2712 	3013 	3548 	3994 	4003 	4206 	4215 	4219 	4221 	4341 	4583 	4746 	4747 	4760 	4942 	5007 	5226 	5957 	5990 	6268 	6555 	6559 	6952 	6992 	7910 	8046 	8695 	8859 	9377 	9397 	9596 	9636 	9637
3848 	4209 	4211
1418 	8961
1513 	4207 	6397 	6555 	8662
5600
1297 	3614 	3943 	4195 	4209 	4211 	4219 	4498 	4747 	4753 	5095 	5603 	5615 	5841 	6551 	6552 	6555 	6645 	7107 	7201 	7536 	7665 	7889 	8151 	8694 	8785 	9640 	9652 	9653 	9831
1400 	1461 	3497 	4003 	4211 	4221 	4747 	4751 	4754 	5603 	6314 	6560 	7907 	9240 	9601 	9627
3481 	4179 	4294 	5391 	9816
4005 	4291
3549
2910
5217 	7814
4618
914 	3819
3000 	5895
4425
1416 	3208 	3336 	5287 	7227 	8368 	9459
5610
331 	495 	711 	735 	1695 	1941 	2028 	3693 	3827 	4585 	4688 	5081 	6880 	7104 	7128 	7424 	7704 	7844 	7889 	8189 	8456 	9492
3221 	3714 	4042 	4261 	5927 	6895 	9125 	9205
2360
141 	737 	7276
627 	4883 	5743
3043 	6648 	7993
7109 	7846 	9766
2995 	5103 	7262
545 	841 	2314 	2479 	3341 	3356 	3842 	4905 	5104 	6210 	6462 	6791 	6929 	7182 	7637 	7653 	7654 	8311 	8663 	9169 	9210 	9218
1126 	5017 	5290 	6366 	9069
491 	705 	1235 	1913 	3661 	3806 	4135 	4267 	7481 	8515 	9720
220 	680 	1274
113 	8355 	9454
2321 	4500 	5830
898 	1785 	4368
2667 	4531
1137 	2153 	3792 	3965 	5713 	6066 	6404 	8025 	8768 	9621
7804
167 	4791 	6502 	8269 	8707
167 	2968 	4790 	6502 	6972 	8269 	8275 	8707
14 	1332 	2065 	2066 	7313 	7404 	9142
210 	932 	5287 	5290 	7457
2570 	3083 	3771
2832
1361 	2083 	4692
3468 	4139 	5530 	7451
3066 	6061 	6460 	9754
2167 	2432 	4955 	5407 	5996 	6895 	7282 	8886 	8997
168 	4262
1233 	1693 	2221 	2657 	5509 	7487
4011 	7762
1802 	4191
569 	2004 	3574 	3928 	9463
8210
751 	926 	1336 	1339 	1795 	2352 	2564 	3938 	4061 	4277 	4661 	4989 	5049 	5050 	5414 	5606 	6083 	7847 	7946 	8222 	8430 	8753 	9076 	9293 	9333 	9603
757 	806 	1228 	2512 	2513 	2646 	2808 	4869 	5106 	5266 	6720 	7467 	7866 	8312 	8466 	9148 	9755
2338 	2497 	2710 	3751 	4383 	4742 	5027 	5036 	6596 	7492 	7563 	7928 	8144 	8193 	9855
3922 	4041
918 	2161 	4240 	6293 	7361 	8033 	8999 	9764
3825 	4193 	6601 	6661 	6879 	6985 	8309 	8376
943 	4285 	6441 	7255
804 	1032 	1114 	1267 	1269 	1306 	1321 	2322 	2394 	2625 	3418 	4481 	4640 	5339 	5433 	5448 	5770 	7029 	7379 	7594 	7905 	8187 	9357
2649
50 	4748 	6120
863 	2870 	7965
1100 	9076 	9617 	9735
45 	1292 	2549 	2991 	3297 	3337 	3562 	5361 	5799 	5878 	8773 	9373 	9441
318 	3350 	3935 	5309
6183 	7889
9840
5451 	8957
5016 	7150
4404 	6035 	8171 	8645 	9088
299
459 	2817 	6382 	8818 	9848
4155 	4451
8642
572 	1626
1887 	6689
1765
1996
2187
2404 	4937
2459 	9256
8526
176 	375 	644 	2046 	2270 	2425 	2655 	4263 	4487 	5264 	5825 	6998 	8767 	9484
1531
1315 	1361 	1983 	2970 	4341 	8281 	8959 	8983
2024 	2520 	3781 	4674 	6793 	7527 	8142
2142 	2194 	4594
1880 	1897 	2271 	7146 	7163 	8313 	9690
380 	695
7430
1741 	1942 	8297
612 	2313 	3634
2004 	2858 	5332 	6580
376 	1945 	2339 	3103 	3902 	8297 	8298 	9319 	9526 	9800
1416 	2028 	2348 	3752 	5998 	8382 	9492
2921 	9549
415 	1012 	1396 	1416 	1490 	2028 	2673 	3454 	3844 	4887 	4890 	5299 	5609 	7514 	8642 	9531 	9651 	9784
1421 	2057 	9785 	9816
556 	3205 	3568 	3851 	4862 	4975 	5058 	5239 	5996 	9365
2720 	7010 	8521 	9326
1417 	1860 	9602 	9806 	9812
365 	555 	1407 	1741 	2120 	3044 	3054 	3103 	3849 	5073 	9325 	9526 	9596 	9644 	9774
1423 	4929 	7819 	7822 	9798
3536 	4277 	4921 	4925 	6305 	7286 	8823 	9617 	9858
1145 	4436 	5219 	5555 	5838 	5841 	5876 	6552 	6990 	8089 	8696 	9327 	9785 	9786 	9810 	9831
8713
2887 	4886 	6890 	8464 	9547
3568 	3851 	4853
856 	1479 	1680 	1808 	4922 	5408 	9527 	9802
3038
2063 	2903 	7432
3895
543 	598 	659 	3782 	5390 	6887 	7855 	8293 	9239
930
806 	1225 	2512 	2646 	4807 	5266 	5919 	6756 	6759 	9148
47 	939 	1610 	3970 	4871 	5066 	5153 	8425 	9057 	9312
807 	1522 	1559 	1610 	2332 	3585 	4870 	5117 	5364 	6180 	6217 	6293 	8685 	9053 	9312
1240 	2998 	4984 	8108 	8279 	8776
161 	4067 	4549 	9134
1470 	3439
7444 	9186
728 	1071 	2611 	3207 	3649 	3934 	4137 	4227 	4999 	5358 	6425 	6703 	8301
822 	9299 	9352
2708 	5614 	6819 	9790
4953 	6448 	7486
2170 	3180 	6717 	8183
1412 	2080 	3179
3282 	3681 	4321
627 	4776 	5743
5008 	6458 	6555 	6912 	7171
1262 	5122
12 	1418 	3555 	4133 	4861 	6031 	6032 	6851 	8464 	9314
1369 	1407 	1408 	4851 	8304 	9531 	9596
1504 	3607 	4004 	6118 	8933
6118 	6590 	7286
1012 	1420 	3559 	3569 	4747 	4851 	9784
9329
2004
6519
2685 	9059 	9181
977 	1108 	2703 	4220 	4689 	6768 	7306
246 	974 	2334 	2552 	2679 	2786 	2983 	3966 	3970 	4165 	4338 	4897 	5547 	5858 	6423 	6645 	6971 	6975 	7260 	7656 	8072 	8376 	8539 	8650 	8816 	8934 	9312 	9649
2679 	3966 	4896 	5547 	8539
3718 	6714 	7802
169 	2106 	4598 	6248 	8539
918
6318 	9473
136 	602 	1050 	1327 	2896 	3047 	3123 	3150 	3158 	3221 	3446 	3549 	3715 	3758 	3831 	4205 	6224 	7300 	7578 	8524 	8554 	8754 	9043 	9452 	9693 	9795
2491
157 	5072 	8228
545 	4780 	6102 	7022 	7654 	8311 	9210
7503
1892 	2836 	3526 	7084 	7744 	8480
996 	1846 	2924 	3399 	4963 	8939 	9049 	9785
4486 	7121 	9442 	9692
2850 	3664 	6719
574 	4238 	4432 	8580 	9072 	9151
6723
2788
5274 	5722
4234
1122
3571
2523 	5218 	6631 	8744
5625 	6982
2858 	6163
213 	1020 	3565 	3905 	4078 	4858 	4925 	5553 	9325 	9526 	9617 	9676
856 	1420 	1479 	1680 	1808 	4863 	5408 	9527 	9802
2028 	2099 	3362 	4474 	5560 	5739 	6669 	8375 	8934 	9074 	9780 	9869
1081 	1413 	1557 	1722 	1935 	1986 	2072 	2290 	2494 	2712 	2781 	2786 	3104 	3258 	3552 	5008 	5009 	5040 	5302 	5606 	6912 	6927 	7062 	7181 	7491 	7664 	8404 	8890 	9316 	9398 	9799
2005 	2040 	3529 	3717 	4638 	4750 	4858 	4921 	5430 	8747 	9617 	9776
1416 	5040
908 	1385 	3775 	4121 	5019 	5171 	5218 	9544
3192 	9155
2057 	2561 	4857 	7819 	8521 	8794 	9798
563 	8865
6409
2697 	9213
490 	808 	2203 	2377 	2941 	4653 	5181 	5261 	5407 	5570 	6661 	8335 	8571 	8716 	9122 	9241 	9717
5507 	5762 	6419 	6425
4611 	7091 	7422 	7626
3049
263 	1795 	2352 	2404 	4834 	7195 	9115 	9700
1795
1281 	5893
2882 	3979
4014 	4989
1110 	4754 	6952
2680 	9050
785 	1091 	1543 	2567 	7580
3397
5756 	8470
9811 	9855
2284 	2499 	2657 	5509 	7152 	7342 	7615 	9087
4227 	6463 	7805 	8301 	9603
5756 	8470
2751 	5533
952
4879 	6448 	7486
6116
209 	2167 	4439 	4799 	5996 	6625
222 	230 	375 	1634 	1779 	3929 	4491 	5825 	6149 	7348 	8686 	9191
894 	1293 	5420 	5726 	7278 	7466
717 	828 	2506 	4215 	4342 	5259 	6999 	9417
3179
4687
394 	1133 	2387 	4736 	5147
732 	2786 	3088 	4064 	8885 	8891
1846 	2924 	4908
8079
3204 	8241
5348
759 	1111 	1599 	3079 	4087 	5837 	7166 	7290 	9178 	9444
1311 	1652
875 	2799 	7946 	8916 	8917
8797 	8898
1295 	5195
8797 	8898
1507 	1608 	2479 	2491 	2569 	4341 	5760 	7345 	7347 	7723 	8571
345 	1703 	2878 	2882 	3373 	4661 	4999 	6417 	8113 	8992
72 	377 	2167 	2274 	3954 	4853 	5052 	5407 	5996 	6487 	7445 	7974 	8412 	9679 	9825
3159 	8066
249 	3443
2373 	7446 	9405
5757 	6527 	8553
6151
226 	6440
191 	588 	627 	3679
620 	3545 	5189 	5739 	6072 	6898 	7989 	8025 	9081
2998 	4872 	8108 	8279
6073 	7989
9529
522 	1730 	2028
4558
378 	538 	651 	869 	1095 	1336 	1795 	2352 	2445 	2472 	3067 	3138 	3382 	3578 	4014 	4273 	4806 	4941 	5029 	5270 	5564 	5763 	6183 	8159 	8301 	8753 	8778 	9488 	9603
952 	1793 	2820 	5142 	5264 	6562 	6654 	7393 	7416 	7756 	8141 	8314 	9430 	9465 	9476
7313 	8327 	9142
399 	482 	1018 	1086 	1198 	2121 	2161 	4149 	4492 	4687 	5420 	5847 	6293 	6961 	6998 	7361 	7601 	7890 	8606
8353
2992 	7524
43 	470 	4464 	7491 	8778 	8821
1526 	6246
3871 	6485
3524 	5205 	9746
132 	331 	582 	1027 	1159 	1396 	1619 	1919 	2028 	2112 	2554 	2712 	2788 	2861 	3258 	3524 	3649 	3934 	4011 	4661 	4876 	4974 	5151 	5925 	6380 	6645 	6880 	7093 	7844 	8476 	8539 	8785 	8911 	9019 	9043 	9076
2188 	3677 	6423 	9148
2191 	4611 	5250 	5935 	7212 	7777
728 	808 	1632 	2518 	3634 	3714 	4734 	5603 	5760 	6453 	7271 	7723
209 	210 	539 	732 	932 	1026 	2248 	3171 	3546 	3592 	3811 	6423 	7704
171 	1837 	2792 	2927 	8284 	8569 	8758 	8760
4037 	6499
1038
1887 	2080 	3013 	4754 	7910
792 	1031 	1661 	1672 	1722 	2072 	2786 	3065 	3552 	3913 	4189 	4190 	4712 	4884 	4924 	5009 	5117 	5302 	5863 	6179 	6458 	6912 	7061 	7062 	7502 	7664 	7799 	7948 	8404 	8766 	8885 	8890 	9145 	9327 	9409 	9548 	9791
1170 	1722 	2072 	2236 	3552 	4186 	4924 	5008 	5302 	5606 	6324 	6912 	7313 	7422 	7664 	8159 	8890 	9531
9482
1384 	3103
4206 	5953 	9524 	9627
38 	1725 	9264
6019 	6155 	8870
1171 	6079 	6938
4823 	7150
1045 	1075 	2613 	4781 	5290 	8350 	9069
6169
1071 	1850 	1877 	3775 	4121 	4927 	5218 	6813 	8311 	9850
3177 	5801 	7779 	7780
1250 	2778 	5729 	6483 	8717
2930 	9217
7454
2842 	3354 	6860
1205 	2343 	4233 	5736 	5895 	8333 	9414
898 	1785 	2035 	2992 	4368 	6281 	7023
75 	976 	1186 	2338 	3051 	3110 	3117 	3880 	4266 	4383 	4742 	4808 	5151 	5917 	7148 	7563 	7794
1071 	1824 	2099 	2297 	2609 	2863 	3981 	7069 	8911 	9322 	9377
1234 	1715 	2311 	2622 	3621 	4014 	4235 	4277 	4439 	4989 	5685 	6458 	7391 	8753 	9488
5760 	7723
853
601 	1001 	1012 	1015 	1083 	1610 	1999 	2013 	2972 	4009 	4111 	4444 	4636 	5414 	6152 	6458 	6864 	6923 	8190 	8404 	9297 	9573
880 	1738 	3866 	4483 	4727 	8580
224 	423 	516 	934 	1490 	2545 	3772 	4170 	4284 	4421 	5328 	5798 	6234 	6245 	6903 	6947 	7350 	7442 	8243 	8318 	8429 	8839 	9711
8416 	9565
628 	1025 	2306 	2490 	4742 	4808 	6992 	7563 	7989 	9714
5220 	6820 	8701 	9096
293 	294 	2385 	3211 	3268 	3421 	5358 	6616 	6827 	8908 	8948
7819 	9643 	9798
424 	1253 	1413 	1416 	1418 	2290 	2988 	3104 	3568 	3851 	3862 	4497 	4637 	4924 	4926 	5489 	5769 	7435 	8297 	9325 	9526 	9799
7970 	8169 	9816
9055
7193 	8412
2958
131 	798 	1667 	5348 	6241 	6621 	6807 	9095
1220 	8285 	9494
232 	993 	6299
28 	78 	258 	651 	857 	1095 	1234 	1715 	1746 	2311 	2457 	2622 	2624 	2846 	3138 	3207 	3966 	4033 	4235 	4277 	4415 	4439 	4544 	5116 	5573 	5685 	6136 	6451 	6458 	7201 	7491 	8224 	9488 	9850
4806 	7847
1133 	2564 	4061 	4697 	4806 	7024 	7847 	9293
341 	1349 	1410 	2818 	3754 	5226 	5906 	6908 	7128 	7762 	8526 	8733 	9425
377 	2274 	4341 	4975
180 	608 	1108 	1878 	1991 	2491 	2632 	2904 	3009 	3977 	4032 	4108 	4589 	5263 	6716 	7884 	7979 	8001 	8995
2834
2161 	9134
4752
7930
246 	556 	621 	720 	916 	1016 	1039 	1396 	1500 	1861 	2104 	2193 	2241 	3205 	3458 	3988 	4119 	4159 	4744 	4853 	5239 	5925 	6379 	6489 	6924 	7067 	7104 	7698 	8138 	8239 	8691 	8909 	9320 	9505 	9781
331 	8991
1095 	3594 	7755 	9486
5129
1902 	2458 	2645 	3242 	4020 	5924 	6880
3132
1212
2019
565 	1610 	1660 	2626 	4209 	4870 	5153 	5906 	6974 	7071 	7260 	7402 	8425 	8911 	9312
4162 	7332 	8497
1063 	3608 	7766
627 	2413 	5069 	6635 	6776 	7113 	7858
1007 	7647
2566 	3470 	6298
4904
171 	1740 	3543 	4856 	7861 	8859 	9599
572 	598 	1094 	1736 	2748 	2905 	3325 	3901 	3946 	4675 	6532 	7208 	7519 	7526 	7656 	8637 	9312
743 	1772 	5354 	6083 	7928 	9305 	9333
3038 	5089 	8398
423 	1102 	1118 	1489 	2081 	3488 	3533 	3772 	3886 	5821 	6647
1017 	2529
6105
420 	1192 	2684 	3030 	3333 	5364 	5571 	5851 	6276 	7025
218 	1941 	4772
3001 	3964 	6507 	7787 	8338 	9556
6795
1757 	1846 	2236 	2659 	3278 	5434 	5821 	8080 	9348
1165 	1540 	2807 	3916 	4153 	4734 	6519 	6543 	7139 	7547 	9075
1133 	2747 	5147 	5712 	6792 	7024 	8410
6453
1097 	1200 	1271 	1610 	2767 	3970 	3999 	6366 	9165
1334 	1464 	1490 	2062 	2401 	3038 	3428 	4111 	4135 	4653 	5076 	5338 	5823 	7505 	7797 	7833 	8179 	8398 	9405 	9850
2656 	2967
881 	4194 	8688
2236 	2783 	3084 	3741 	5620 	6734 	7058 	7542
1481 	4687 	9174
3227
1408 	2112 	2583 	2649 	3516 	3524 	3637 	4095 	4219 	4339 	4517 	4675 	4759 	5144 	5657 	5871 	6012 	7536 	7542 	7549 	7656 	7976 	8048 	8065 	8585 	8589 	8632 	8866 	8947 	9312 	9558 	9560 	9649
302 	3727 	3731 	6279 	8548
1944 	8094 	8115
3740 	8588
494 	7443
3434 	8507
1926
9216
309 	1126 	2448 	2699 	2708 	2995 	4779 	6140 	6772 	6819 	7260 	7262 	8484 	9042 	9165
841 	1243 	1837 	4384 	4780 	5110 	6813 	6984 	7221 	7637 	7706 	8311 	8663 	9169 	9210 	9500
1136 	2161 	3412
806 	1283 	1735 	2547 	4807 	5266 	6526 	7467 	9148
113 	222 	230 	1283 	1753 	2832 	6185 	8786 	9231
15 	2335 	7275 	8922
5334 	7904
1224 	1243 	1283 	1768 	3021 	3078 	4384 	5104
263 	757 	1336 	1795 	2352 	2513
1837 	2442 	6404 	7494 	7775 	9500
139 	157 	572 	593 	630 	1012 	1597 	7604 	8228 	8390
1095 	1952
492
651 	779 	2622 	2772 	4024 	4544 	5048 	5118 	5685 	5863 	7491 	7918 	8159 	8161
823 	1775 	2413 	2699 	2767 	4024 	4156 	4871 	5008 	5487 	5863 	6394 	6497 	6514 	6779 	6912 	6941 	7422 	7844 	8159 	8161 	9165
5116 	8161
1301 	2960 	6016 	7319
7444
410 	8173
1262 	4885 	5810 	6212
1012 	2112
768 	5724
8743
1225 	1681 	2819 	5267
8397
671 	966 	7349 	9197
2521 	4251 	5061 	7626 	8201 	8735
1724 	1894 	9136
1448 	1910 	2739 	4007 	4008 	5407 	6534
702 	963 	3222 	5456
1029 	1465 	4711 	9260
140 	224 	594 	646 	1102 	2881 	4124 	4641 	5255 	5545 	6121 	6296 	7066 	7317 	7442 	7817
3603 	7941
1358
1133 	1485 	6220 	7024 	7076 	9781
275 	769 	1778 	1779 	2933 	3824 	3869 	4024 	4082 	7646 	7920 	7981 	8045 	8167 	8530
7912
1408 	3236 	4004
222 	1405 	1416 	1425 	1972 	2313 	2913 	4168 	4491 	6187 	6363 	7903 	7907 	8224 	8571 	9731
4990
2172 	2796 	4191 	4508 	6852 	7468 	9266 	9551
3985 	4349 	5095 	5966 	8056 	8589 	8866
4386 	4518 	5961 	7530
2591 	3979
394 	1133 	2387 	4736 	4961 	5086 	7024
2875 	8121
233 	253 	1177 	2436 	2479 	5150 	5590 	6100 	6103 	6211 	6930 	7347 	8120 	8552 	8553
2875 	5149 	7308 	8121
94 	145 	390 	711 	904 	1186 	1630 	1930 	2313 	2352 	2410 	2900 	3065 	3268 	3303 	3524 	3750 	4011 	4266 	4999 	5027 	5222 	5560 	5615 	5739 	6024 	6260 	6397 	6463 	6645 	7466 	7889 	8291 	8301 	8476 	8539 	9076 	9187 	9492 	9603 	9629
5275 	8143
1041 	4870 	5066 	9312
3232 	3757 	4494 	5631 	7074 	8181
2328 	3701 	4162
1248
152 	5476
455 	5517 	5860 	6606 	7023 	7645
2663 	2664 	7121 	8513
9738
974 	1055 	8356 	8419 	8476
2774 	8266
2064
7233
4713 	5803
120 	6272
9776 	9819
908 	7571
4184 	9820
4399 	7082 	7330
196 	1993 	3075 	3082 	4927 	5462 	7621
1020 	1519 	1881 	2940 	4112 	4403 	4431
520 	603 	1830 	3865 	4153 	4314 	5868 	8503
1023 	1729 	1778 	1797 	1906 	3823 	4632 	6463 	7090 	7201 	9080 	9287 	9646
7136
1159 	4014
411 	1209 	3804 	4484 	8185
47 	209 	539 	639 	640 	2181 	3747 	9144 	9699
2948 	7557
1891
409 	2226 	4124 	4933 	5197 	5314 	5483 	5570 	6661 	6844 	7301 	8335 	9199
913 	7931 	8472
2775 	7640
1231 	4044
3831
11 	6983
5998 	8910
1008 	2491 	7723
4394 	4983 	5233
210 	2878
8178
167 	4034 	9243
278 	2402 	5195 	7356 	8270 	9694
1977 	5195 	7374
278 	808 	1223 	1295 	1977 	2044 	2317 	2402 	3968 	4405 	4426 	4971 	5193 	5194 	5261 	5506 	5570 	5922 	6135 	6162 	6175 	6896 	7374 	8270 	8921 	9241 	9694
2329 	4128 	4282 	5458 	7200 	8759
12 	1079 	1213 	1372 	1373 	1416 	1480 	1669 	1778 	1833 	2726 	2763 	3631 	3982 	4124 	4310 	4734 	5181 	5789 	6325 	7288 	7393 	8065 	8274 	9314
1279 	2707 	6010
1798
766 	1606 	3175 	3503 	9074 	9266
2080
7540
9662
2041 	7800 	8964
703 	1784 	2025 	3829 	4998 	7484 	8189 	8320 	8426
4414 	4543 	5584 	7589
272
7824
9850
1647 	1800 	3813 	4260 	6113 	6219 	6475 	7587
420 	2684 	8736
1767
179 	323 	414 	2349 	4048 	4215 	7285
2149 	4141 	4172 	5687 	6022 	7936
8524
1483 	1710 	3341 	6210 	6930 	7628
924 	2786 	3392 	3548 	4765 	5521 	5910 	6019 	6810 	7359 	7658 	7814 	7958 	8541
666 	1294 	2518 	4121 	4697 	4918 	4927 	5019 	7069 	8673 	9212
4027 	4859 	5487 	5555 	5660 	5838 	5841 	6087 	6738 	7687 	8696 	9785
5037 	6820 	8844 	9096 	9520
1466 	1607 	5605 	8157
3356 	5151 	7850
1037 	5601 	9134
1891 	6394
6459 	7332
168 	331 	341 	1926 	1940 	2291 	2340 	3327 	3970 	3981 	4363 	4754 	5051 	5906 	6952 	7938 	8375 	8911 	9425 	9451
1670 	3621 	7036
904 	1792 	6394 	7185 	8137
3879
901 	2548 	2848 	4740 	5363 	8490 	8860 	9674
1596 	1898
2086
5189 	5350
1998
2386 	7732
1738 	4295 	6928 	7457
6463 	9603
4192 	6873 	8178 	8719 	8722
460 	556 	3205 	3851 	4853 	5058
769 	1871 	3865 	4153 	4714 	5634
554 	698 	1537 	1957 	8078 	8203 	8227 	9381
1754
6160
230 	693 	981 	1086 	1545 	2024 	2276 	3056 	3203 	3245 	5299 	5808 	6374 	6476 	6550 	6793 	7222 	7266 	7455 	8594 	9468 	9861
281 	402 	8332
68 	2516
1133
2415 	7265 	7433 	7873
520 	544 	2473 	6103 	7100 	8610
209 	1952 	2122 	2398 	2876 	4439 	4585 	4611 	5001 	5323 	5606 	5739 	6679 	7742 	8476 	9076 	9715
524 	2737 	4475
2400 	7021 	7134
391 	3125 	4376
787 	1348 	7522
4620 	5134 	8074
3601
847
8228
717 	818 	828 	3464 	3660 	4958 	5877 	6999 	7552 	8793 	9417
7381 	7803
144 	490 	641 	808 	1223 	1239 	1817 	2937 	2941 	3070 	3105 	4653 	4933 	5195 	7576 	8145 	8270 	8335 	8416 	9211 	9241 	9694
8270 	9694
608 	2594 	3610 	5053 	7014 	7578 	7603 	8095 	8255
375 	2420 	2655 	2820 	2872 	3251 	3524 	4064 	4622 	4736 	4837 	4990 	5825 	5925 	6645 	6998 	7393 	8127 	8314 	8535 	8767 	8891 	8911 	9295
1333 	1969 	2390 	2895 	5416 	6650 	7321
757 	1225 	1712 	2366 	2512 	4807 	4869 	5106 	6133 	6720 	6756 	6759 	7467 	7488 	9148
1225 	1681 	5126 	7856
697 	3557 	4138 	6053 	7879
2388 	9072 	9170
3138 	4989
2216 	7627
4748 	7411
1258 	3838
4914 	5722
5152 	7924 	8143 	9172
2918 	3716
985 	997 	2744 	2913 	4152 	4486 	5282 	5624 	5784 	6382 	6414 	6495 	7436 	7437 	9442 	9488 	9685 	9692
2323 	3240
7907 	8571
3547 	4599 	7968
1206 	2366 	2712 	3963 	4214 	4690 	5573 	5836 	6179 	9297
37 	659 	668 	785 	895 	908 	1238 	1242 	1311 	1652 	2548 	2567 	2651 	3977 	4142 	4367 	5277 	5322 	5784 	7057 	7117 	7255 	7395 	7510 	8311 	8357 	8663 	8900 	9210 	9544 	9660 	9760
6900
2074 	2365 	2639 	2897 	3089 	4697 	6203 	7314 	7696 	8113 	9428
195 	960 	8117
1350 	1802 	4185 	4319 	8479 	9530
207 	210 	1004 	2785 	2941 	3335 	3618 	4770 	4793 	7227 	7457 	7598 	9122 	9138
6926
971 	1175 	2782 	5745 	6455 	7193 	8872
1012 	1023 	3488 	3894 	4135 	4781 	4793 	5017 	5577 	6104 	6731 	6829 	7216 	7843 	8242 	9069
1935 	5447 	8016
984 	1570 	3485 	9151
1786 	3427 	7267 	7563 	7741
9179
2762 	4363 	9396
490 	1983 	4753 	6282 	6386 	8110
4738 	6590 	8269
1133 	7024 	7076 	9781
522 	2024 	2028 	3245 	3258 	3524 	4471 	4585 	4688 	4715 	4851 	5244 	5431 	5739 	6380 	6793 	7514 	7889 	9333 	9468
6109 	7493
3698 	4462 	9533
1722 	2072 	3552 	4924 	5008 	5009 	6912 	7664 	8890
5323 	7098
512 	2872 	3356 	8699 	8915 	9721
1351 	2336 	2726 	4558
2554 	3603 	4193 	6261 	8380
4299 	7731 	8060
5516 	6103 	6482 	8772
3465 	4136 	4819
63 	744 	862 	899 	939 	949 	1542 	1676 	2296 	2362 	2660 	2777 	3445 	3554 	3615 	3789 	4668 	5325 	5403 	5483 	5735 	6106 	6583 	6787 	6872 	6985 	7111 	7362 	7450 	7699 	7950
5772 	5917
1328 	3669 	3706 	7117 	8112 	9243
3234 	9127
409 	630 	1083 	2013 	2226 	5181 	5483 	5570 	6574 	6844 	7301 	8919 	9199
126 	7099
1157 	1368 	4278 	7491 	9724
3741 	4250 	6187 	7536 	7543 	8509
2676 	2893 	7141
4348 	8599
4000
399
222 	322 	575 	1098 	1238 	2614 	5282 	6380
2122 	2376 	2570 	2876 	3083 	5250 	5303 	5754 	6694 	7098 	7894
1583 	2901 	3714 	5927 	6357 	6453 	7247 	7980 	9837
63 	744 	862 	899 	939 	949 	1542 	1676 	2296 	2362 	2660 	2777 	3445 	3554 	3615 	3789 	4668 	5310 	5403 	5483 	5735 	6106 	6583 	6787 	6872 	6985 	7111 	7362 	7450 	7699 	7950
2352 	6927 	7872 	7933 	8133 	8445
1624 	2291 	3668
934 	1102 	2886 	4421 	5034 	6903 	8243
1738 	6036 	7163 	8473 	9259
8096
2829 	9438
569 	2004 	4847
7959 	8582
2403 	2635 	5109 	5470 	7904
3022 	7946 	8916
1075 	1285 	2190 	2613 	3750 	6546 	6916 	8350
7403
2062 	5089 	5823
804 	1032 	1114 	1267 	1269 	1306 	1321 	2322 	2394 	2625 	3418 	4481 	4640 	4813 	5433 	5448 	5770 	7029 	7379 	7594 	7905 	8187 	9357
301 	1733 	4653 	7529 	7659 	8548
3561
6178 	8753
443 	578 	6712 	7260
456 	1421 	2340 	5781 	6800 	9781
900 	2776 	8307 	8671
1017 	1666 	2181 	2712 	2882 	4334 	6119 	6971 	8141 	8885 	9713
2882 	3979 	5759
4966 	5045
9216
976 	1237 	3216 	3217 	5233 	5424 	5910 	8088 	8155 	8423 	9616
1555 	7034
3628 	3948 	6410 	9559
7142 	8360
647 	743 	973 	1708 	1772 	1873 	1890 	2497 	2938 	3780 	4234 	4682 	5075 	7122 	7916 	9307 	9348 	9553
743 	1657 	4044
7968
2714 	2778 	7913
1076 	1778 	1907 	2518 	2786 	2982 	3796 	3844 	4137 	4266 	4876 	5038 	5395 	6390 	6425 	7088 	7090 	7124 	8642
1925 	9536
1133 	1540 	2228 	2387 	5739
818 	2887 	3337 	3562 	4818 	5844 	5878 	8895
7120 	9240 	9601
670 	756 	901 	2291 	2567 	3732 	5230 	6599 	8860 	8893
1035 	1192 	2680 	2684 	3135 	4871 	5080 	5571 	5730 	5741 	5746 	6261 	9053 	9221
5396 	5913
1037 	1646 	1679 	3405 	4658 	5757 	9109
6136
7787 	8209
3433
3143 	3289 	5382 	5665
3730 	7897
20 	5959 	9036
3629 	6393 	7538 	8611 	9138
3312 	8053
4555
3282 	3877 	6320 	7542 	8661 	9663
7536 	7537 	8064 	8657 	9007
5655 	6216 	6332 	9582
5948
1407 	3747 	5899 	9648
415 	573 	1308 	2249 	2572 	2588 	2753 	3726 	3949 	5899 	6288 	6355 	8022 	8055 	8505 	8511 	8615 	9033 	9580
3143 	3289 	5370 	5665
3990
2588 	7537
2479 	5939 	9005
8506 	9559
134
3686 	3922
767 	2516 	9354
3782 	4867
1801 	2016 	3481 	3588 	4179 	4761 	8199 	8859 	9102 	9388
3008 	8251 	8914
7276
2017
1907 	2518 	5358 	7124 	8539 	8883
4217 	5365 	5913 	6733 	6850 	8379 	9127
4636
3035 	4266 	5575 	8214 	9736
1909
7952
7866
1268 	1870 	2935
63 	744 	862 	899 	939 	949 	1542 	1676 	2296 	2362 	2660 	2777 	3445 	3554 	3615 	3789 	4668 	5310 	5325 	5483 	5735 	6106 	6583 	6787 	6872 	6985 	7111 	7362 	7450 	7699 	7950
3481
898 	1785
5996
72 	108 	158 	224 	1199 	1564 	1910 	2016 	2167 	2292 	2739 	2767 	2971 	3999 	4271 	4341 	4444 	4799 	4933 	4975 	5131 	5407 	5645 	5707 	5996 	6070 	6534 	6535 	6541 	7282 	7445 	7645 	8571 	8641 	9259 	9421 	9472
856 	1479 	1680 	1808 	4863 	4922 	9527 	9802
2021 	2214 	5580
3083
4291
9061 	9294
654 	1097 	2448
726 	3938 	4009 	4078 	4277 	4444 	4806 	5032 	6178 	8430 	8753 	9076 	9293 	9333
516 	6947 	7440 	8318
182 	601 	714 	952 	1610 	1620 	2042 	2195 	2975 	3340 	5265 	5505 	6259 	6468 	6514 	6692 	7506 	7999 	9320
287 	2912 	5817 	5957 	8377
9730
1278 	2252
108 	150 	210 	1190 	1749 	2479 	3561 	3644 	4957 	4992 	5681 	5698 	5726 	6260 	7278 	7466
1625 	1836 	2165 	3819 	8939
2693 	4589
6426
1237 	3216 	5350
976 	1237 	1887 	2376 	3670 	6163 	6815 	7643 	8396 	8539 	9314 	9455 	9781
1063 	3421 	5752 	5982 	6827 	7293 	8266
239 	2855 	6615 	7197 	8562
736 	1642 	1786 	1831 	2259 	4110 	4262 	4408 	5499 	6420 	6636 	7751 	9332
3328 	3333 	5571 	6064
2005 	2040 	3529 	3717 	4750 	4925 	8747 	9776
5299
4129
804 	1032 	1114 	1267 	1269 	1306 	1321 	2322 	2394 	2625 	3418 	4481 	4640 	4813 	5339 	5448 	5770 	7029 	7379 	7594 	7905 	8187 	9357
3230 	3733 	5084
490 	6404 	7914 	8314 	8365
819 	7228
4748 	6120 	8081
1076 	3346 	3938 	4078 	4264 	4715 	8539 	8642 	8778 	8883
6000 	9666
981 	1312 	9335
959
8670
3794 	3795 	4512 	5886 	7086 	7942 	9742
3240 	5734
3322
8855
1017 	1165 	1935 	2154 	2299 	2529 	2802 	4734 	5291 	5622 	6122 	7151 	7494 	7816 	8016 	8081
804 	1032 	1114 	1267 	1269 	1306 	1321 	2322 	2394 	2625 	3418 	4481 	4640 	4813 	5339 	5433 	5770 	7029 	7379 	7594 	7905 	8187 	9357
4716
865 	8214
454 	2398 	3507 	4708 	4822 	7420 	8661 	8957
1246 	3425 	5761
1630 	2410 	2434 	2902 	4054 	6471 	6937
8013
6436 	6665
107 	655 	702 	963 	3222 	5132 	6785 	8628
3201 	4219
2709 	4282 	5196 	8756 	8759
191 	4654
2376 	3592 	8342
318 	2360 	2874 	9829
196 	1993 	5171 	7621
6160
165 	737 	5757 	9059
1211 	1586 	2202 	2426 	2427 	3244 	3302 	3413 	4204 	4463 	4646 	5716 	8310 	8819 	8977 	9157 	9337 	9348 	9752 	9830
5646 	5647 	7601 	9151
4558
325 	361 	678 	2553 	2814 	4420 	7476 	9264 	9854
194 	210 	2761 	3811 	4111 	6423 	9850
2403 	2635 	5334
2022 	2140 	3803
1814 	3210
94 	2882 	4264 	7107 	8012 	8426 	9482
1781 	1842 	7584 	7977
282 	4275
152 	921 	5157 	7758 	9512
458 	761 	6131
687 	872 	2080 	3883 	6303 	8149
1126 	1144 	1368 	2699 	2806 	3820 	3970 	4453 	6178 	6361 	9042 	9165
1979
800 	9481
8218
63 	409 	630 	744 	862 	899 	939 	949 	1542 	1676 	2090 	2226 	2296 	2362 	2660 	2777 	3445 	3554 	3615 	3789 	4668 	5181 	5310 	5314 	5325 	5403 	5570 	5735 	6106 	6583 	6787 	6844 	6872 	6985 	7111 	7301 	7362 	7450 	7699 	7950 	8919 	9165 	9190 	9199
3666 	3961
5488
8384
1775 	5117 	5219 	5660 	5838
551 	2014 	3887 	5485 	5589 	6506 	6700 	7263 	8440 	8561
1253 	3862 	4497 	5040 	5769
768 	1276 	4187 	6643 	8174 	8244
1252 	6082 	8129
8283
9384
1068 	1651 	3765 	4215
6082 	8129
1012 	3921
6136
6197
1786 	4110 	4262 	5428
4753
2076 	3414 	6091 	6221
6102 	6112 	6372 	7309 	8610
12 	9314
1655 	2020 	2301 	2871 	8878
5416
1848 	2812 	2875 	3692 	5195 	6017 	8121
4934 	5762 	6419 	6425
1224 	8146 	9755
512 	2221 	2657 	4801 	4948 	7342
5743
510 	3529
627 	7628
2341 	9314
5813
616 	1270 	9069
5308 	5815 	6103 	6482 	6820 	8772
5158 	6606 	7645
1215 	5669 	6649 	6883 	7910
947 	6236
6294
1102 	5217
1495 	1875 	6420 	6636
1045
6616
806 	2253 	2513 	7488 	9700
601 	2494 	3999
2100 	7023 	8221
5529 	8988
5528
3468 	4797 	5548 	7443 	7451
758 	1260 	2388 	9170
1028
2751 	4951
108 	4748
1049 	8788 	8934 	9131
7820 	9415 	9431
4402
446 	2840 	6157 	6351 	6406 	7306 	8253
7166
4425
4537 	6865 	7836 	8254
7177
2806 	4274 	7975
536 	4192
5134
961 	1705 	4572 	6550 	9746
4896 	4897 	6645 	8785
3468 	5530 	7451
5550
360 	1982 	3022 	5549 	6084 	8885 	8959 	9151
5565 	6773
9238
4921
3454
4209 	4859 	5219 	5841 	5876 	6552 	8634 	9786 	9810
829 	1514 	6069 	7570
1854
593
1027 	5925
1055 	3193 	4011 	4923 	5151 	7985 	8356 	8476 	9263
9636
2062
1237 	2150 	4676 	5910 	6681 	7474 	7871
4989 	7999
5551 	6773
1278 	3238
2849 	5568
2849 	5567
1424 	4520
409 	2225 	2226 	2317 	2601 	3977 	4933 	5181 	5195 	5314 	5483 	6008 	6135 	6661 	6844 	7301 	8335 	9199 	9241
1192 	3030 	3328 	3333 	4479 	5080 	5364 	5429 	6064 	6276 	7832 	8898
7203
78 	4033 	4415 	5048 	5281
6155 	8472
2281 	3110 	4043 	4105 	4367 	4733 	5398 	7464
2650 	8114 	8121 	9105
1164 	1268 	1316 	3488 	4135 	4278 	5290 	8428 	9465
3844 	4327 	6258 	6312 	6554 	7093 	8679 	8890
1436 	1574 	2669 	4498 	6072 	7601 	7676 	7938 	9151
2021 	2214 	5409
9732
1450
2444 	3855 	4354 	5649 	5986 	7018
1135 	1326 	1692 	3122 	5206 	6039 	6043 	6179 	6795 	7047 	7694 	9411
7694
1920
3
3574
551 	2014 	3887 	5488 	6506 	6700 	7263 	8440
2436 	5149
7035 	8694
73
1201 	2833
1815 	6407 	6969
956 	8228
5739
3169 	3969 	4594 	6873
7231
7148
466 	4758 	7961
687 	1037 	1777 	2654 	3831 	5223 	6094 	6095 	6120 	6217 	6293 	6334 	6429 	7682 	8282 	9764
1907 	7536
478 	3269 	4206 	4209 	4312 	4601 	4734 	4746 	4747 	4753 	4759 	4760 	5002 	6552 	6559 	7660 	9652 	9653
2482 	2518 	6083 	6895 	9076 	9333 	9869
312 	1466 	1607 	3435 	5221 	8157 	8287
258 	263 	287 	345 	1715 	1795 	1960 	2072 	2236 	2352 	2513 	2517 	3258 	3279 	4186 	4806 	4924 	5009 	5250 	5739 	6002 	7062 	7510 	7847 	7989 	8476 	8753 	8841 	8905 	8937 	9106 	9492
5991 	6260 	7276
4427 	4486 	9442 	9692
415 	495 	573 	726 	871 	1379 	1396 	1844 	2800 	3095 	3509 	3579 	4851 	5957 	6340 	7062 	8621 	8998 	9602 	9651 	9701
719 	4771
8879
5976 	7656
5970 	6338
2708 	4878 	6819 	7058 	8308 	9736 	9790
78 	1797 	2900 	3130 	3324 	4759 	5151 	6260 	7035 	7107 	7889 	8476
1617 	1688 	1691 	6478 	7380 	7469 	8234 	8976 	9282
335 	7046
6686 	6724
6570 	9142
205 	1142 	1299 	1829 	2346 	2360 	2543 	2642 	3084 	3481 	4408 	5092 	6559
1142 	3031 	3481 	6000 	6597
1449 	2154 	2901 	3125 	3497 	5447 	7907 	8081 	8082 	8389 	9448 	9586
2866
152 	997 	2744 	2913 	3091 	4152 	4170 	4486 	4731 	5277 	5784 	6382 	6495 	7907 	9225 	9692 	9794
4919 	6982
222 	346 	4027 	4238 	7880 	8308
583 	9215 	9821
2225 	3977 	6887
1123 	3830 	4192 	8180
3723 	4351 	5965 	5969 	5978 	6341 	6396
171 	5154 	7074
6964 	7998
877 	7694
3865 	4544 	5240 	6518
2444 	4554 	6337 	8601 	9008
1108 	6716
2697
3174
881 	3247
8438 	8449
7092
1170 	1903 	2518 	3065 	3524 	6164 	6324 	6496 	7422
518 	775 	1391 	1778 	2767 	4552
2463 	6631 	8827 	9478
2167 	2292 	5407 	5996
5466 	7601 	9151
5466 	7601 	9151
1289 	7868
367 	1799 	2444 	3498 	3632 	3701 	3855 	3994 	4056 	4110 	4354 	4387 	4693 	5583 	5979 	5986 	6326 	6734 	6992 	7018 	7254 	8829 	9413 	9590 	9686
8040 	9022
3272 	6401 	6450 	9613 	9769
3227 	8632 	8866
7251 	8104 	8852
1426 	2574 	3515 	6300 	6345 	8661 	8957
2118 	3728 	3767 	5378 	6216 	6332 	8023 	9578 	9582 	9661
2573 	2722 	3681 	4123 	6324 	7811 	8590 	8653 	9570 	9577
5095 	8947
9566
6869 	7881
4027 	5219 	5487 	5838 	5841
2850 	4188 	6623 	7373
972 	7248 	7777
3787
4139 	9044 	9068 	9386
3143 	3289 	5370 	5382
3653 	4224 	8502 	9660
829 	7570
6933 	7339
201 	2401 	5518 	7778 	7910
7331
6514 	7919
552 	1279 	1284 	2707 	6753
2169 	2339 	3323 	7912 	8694 	9869
1981 	4685 	8471
71 	5784 	8052
8911
1530 	1626 	1858
3654 	3722 	4088 	4092 	5984 	7660 	9339
7409 	7483
1313 	3596 	8718
16 	327 	498 	509 	953 	2466 	3460 	3774 	3881 	5420 	5807 	6504 	7776 	8139
3109 	6519
6945
2494 	5994 	6692 	6835 	8512
651 	1234 	1715 	2622 	3966 	4018 	5029 	5048 	5116 	7201 	7491 	8072 	9488 	9701
12 	76 	4167 	6912 	8404 	9401 	9548 	9699
2149 	3773 	4172 	5214 	7559
6827
707 	897 	1010 	2916 	4624 	6890 	9730
4090 	6327 	6392 	9599
7927
3790 	6454
8066
2345
816
6056 	6384
1247 	6691 	9239
386 	1247 	1749 	1902 	3456 	5420 	6693 	9239
12 	520
534 	1228 	2369 	6472 	6511 	7016
113 	1508 	5719 	8454 	9191
8141
417 	3866
3926 	7797 	7833 	9405
8236 	9837
6428
124 	490 	981 	1374 	2292 	3869 	4341 	4444 	5407 	5743 	7385 	8571
1705 	4572 	6550
6060
6078
187 	2077 	3370
2747 	4009 	4321 	4517 	5086 	6074 	7768 	7816 	8886 	9850
4788 	8768
1316
1164 	8296 	8298
1211 	1586 	2202 	2426 	2427 	3244 	3302 	3413 	4204 	4463 	4646 	5465 	8310 	8819 	8977 	9157 	9337 	9348 	9752 	9830
1986 	2838
1227 	2354
1009 	1508 	5701 	6981 	8454
118 	1583 	1885 	8745
1003 	3014 	5725 	8906
4914 	5274
7279
5124
1287 	5721 	9059
4957 	5420
431 	2892 	6066 	6698
8650
2778 	5021 	6483
5364 	5746
1222 	6692 	6962 	7340 	7416 	8767 	9181
3375 	6377 	7614
1351 	1416 	2336 	7341 	9121
1873 	3240 	3658 	5444 	7747
63 	744 	862 	899 	939 	949 	1542 	1676 	2296 	2362 	2660 	2777 	3445 	3554 	3615 	3789 	4668 	5310 	5325 	5403 	5483 	6106 	6583 	6787 	6872 	6985 	7111 	7362 	7450 	7699 	7950
1205 	2295 	2343 	2640 	2721 	4233 	5025 	5895 	8333 	9249 	9414
4746 	7252
448 	1465 	4209 	4219 	7201 	9627
348 	522 	735 	1133 	1540 	1615 	1683 	1908 	1930 	2028 	2387 	2517 	2803 	2977 	2990 	3258 	3358 	3521 	3938 	4585 	4923 	4983 	5151 	5250 	5299 	5360 	5596 	5606 	6072 	6075 	6679 	6861 	6862 	7093 	7148 	7428 	7676 	7889 	7989 	8012 	8132 	8476 	8694 	8937 	9187 	9188 	9492 	9557 	9869
1468 	3962 	9767
5364
343 	1988 	2655 	6190 	9020
490 	627 	3869 	4776 	4883 	5510 	5707
888 	3341
971 	5289 	7193
165 	2655 	5364 	5730 	9059 	9181
1399
785 	2567 	2713 	3199 	6002 	6859 	6942 	7027 	7872 	7933 	8663 	8782 	8905 	9184 	9298
2680 	6856
9059
2203 	5999 	6801
5426 	8266
371 	995 	2946 	6895 	9862
5323 	7098
9232
1111 	2011 	4946 	4950 	7290 	8470
1037 	3633 	4979 	5366 	5464
777 	783 	4617 	6735 	6749 	7177
5347
162 	1154 	1575 	1632 	2491 	2569 	2955 	3087 	3140 	4526 	4529 	4697 	4973 	5002 	5030 	5957 	5998 	6260 	6412 	7139 	7398 	7723
1246 	2680 	3425 	5452
763 	4934 	5507 	5908 	6419 	6425
538 	4989
813 	2161 	3633 	8395 	9112 	9764
741
871 	925 	1930 	2539 	3512 	4140 	5792 	7938 	9492
3455 	8751
981 	2867 	3090
1253 	3568 	3851 	3862 	4497 	5040 	5489 	7435
804 	1032 	1114 	1267 	1269 	1306 	1321 	2322 	2394 	2625 	3418 	4481 	4640 	4813 	5339 	5433 	5448 	7029 	7379 	7594 	7905 	8187 	9357
545 	1912 	8610
2745 	4742 	5311 	5917 	7794
298 	4578 	5786 	8323 	8518 	8724 	8854
8065
2741 	4012
4052 	6353 	8550
415 	3286 	4347 	4516 	6288 	8055
832 	1014 	2176 	2325 	3868 	6369 	6813 	7109 	7846 	8286 	8311 	8680 	9766
3269 	3281 	3434 	5972 	8723
3912 	4586 	6637
456 	2340 	2929 	5344 	5906 	6924
1583 	2408 	3666 	6453
3978
71 	152 	474 	997 	1972 	2744 	2913 	2930 	3747 	4152 	4170 	4341 	4486 	4731 	5277 	5282 	5624 	5675 	6382 	6495 	6979 	7903 	7907 	8052 	9225 	9390 	9692
3463 	7325
4578 	5773
1627
627
5197 	7393
4144 	4732
222 	349 	1747 	1792 	2705 	2733 	3257 	3871 	4526 	4697 	8342 	8799 	8981 	9347 	9427
378 	639 	640 	751 	871 	1209 	1908 	1930 	1952 	2028 	2434 	2457 	2669 	2966 	2982 	3512 	3693 	3938 	4078 	4140 	5766 	6397 	6437 	6463 	6861 	7076 	7500 	7889 	7938 	8476 	9076 	9641
7755
1000 	2051 	3738
2558 	3018 	6922 	7846
754 	1072 	2201 	2908 	3977 	6596 	7712
5917 	7273
4170 	5034 	8839
2549 	4818
951 	1060 	8461 	9260
5020 	6957 	7779 	8354
687 	1926 	2080 	2245 	5925 	6108 	6185 	7536 	7973 	9148 	9834
2280 	2756 	4713 	5165 	7192
7023 	8221
254 	2359
2418 	2963 	6052 	6881 	8031 	8855
5681 	8139
5244 	6550
403 	881 	1951 	4038 	6776 	7582
918 	1262 	2798 	5122
2869 	7559
341 	522 	1549 	1941 	2410 	2669 	4011 	4033 	8539
5514
8849 	9568
5516 	6820
1263 	1416 	4558
249 	287 	1340 	1607 	2146 	3146 	4298 	5417 	6633 	8806
422 	1835 	4739 	8811
397
4675
423 	1118 	2236 	3278 	3548 	3711 	5077 	5084
33 	3341 	3539 	6525
1023 	2062 	2067 	3027 	4111 	5089 	5338 	7510 	8179 	9850
7658
375 	4837 	4956 	5264 	8686 	8767 	9160
4341 	6536 	6819 	7391 	7618
1532
8066
5844
2321 	4500 	4785
5910 	6780
545 	4493 	6462
9240
9124
1366 	2491 	4341 	8959 	9399
325 	1225 	3759 	3963 	5281 	9240 	9264
4087 	4967
4859 	5219 	5487 	5660 	9810 	9831
3076 	9367
1033 	1936 	8179 	8467
1145 	4759 	4859 	5219 	5555 	5660 	6087 	6552 	6990 	8089 	8633 	8696 	9785 	9786 	9810 	9831
3478
2256 	3756 	3965 	6616 	8912 	9695
791 	818 	2887 	5361 	5829 	8671 	8895
665
7129
399 	3490 	4193 	4992 	8163
7816 	9163 	9375
4402
2756
3030 	3333 	5080
4534
97 	7497 	8595
3094 	3605 	9756
1830 	5963
3745 	8038
3680 	5920 	8614
30 	241 	344 	654 	1012 	1097 	1756 	1884 	2697 	2699 	2806 	4896 	6386 	6974 	8315 	8400 	8911 	9165 	9213 	9478 	9754
776 	1354 	3234 	3732 	3822 	4553 	6258 	6513 	7125 	7692 	7777 	7999 	9437
5158
520 	4547
6612 	8685
823 	1776 	1778 	3795 	3811 	3823 	4544 	5008 	5116 	5117 	6514 	6518 	6912 	7061 	7918 	9548
1778 	1781 	2768 	2772 	2900 	3675 	3750 	3823 	4266 	4632 	7076 	8536 	8859 	9076
2527
1357
7912
779 	1050 	2313 	2771 	4544 	5173 	7138 	8224
7914 	7920 	8530
511 	4634 	7886 	8363
3738 	4338 	5095 	8065
6480 	8364
249
6552 	8634
449 	1936 	9101
4209 	4436 	4859 	5555 	6324 	6552 	6990 	8089 	8634 	9327 	9776 	9785 	9810
3660 	5259 	8793
818 	2991 	3337 	3562 	4818 	5361 	7129
665 	2756 	7287 	7715 	8738
474 	4397
7816 	9375
4402 	7177
2756 	4713
2195 	3878 	9214
2271
5443
1111 	7795 	8520
335 	9041
6837 	9532
3330
2117 	7351
90 	1706 	2518 	3872 	6694 	9212
287 	1044 	1246 	1281 	1335 	1467 	2615 	2879 	3621 	4144 	4209 	4753 	4939 	7031 	7250 	7733 	8873
3814 	9763
1205 	2295 	2343 	2640 	2721 	3000 	3983 	4233 	4768 	5025 	5736 	8333 	9249 	9309 	9414
664 	2320 	4045 	6014
7613
8750
1407 	2249 	3747 	5380 	5381
2854
3672 	4376 	8051
4106
2148 	4517
8953 	9578
55 	6018
341 	1243 	1695 	2243 	2537 	2626 	2818 	2929 	3176 	4011 	4363 	4384 	4547 	5051 	5066 	5226 	5781 	6222 	6366 	6680 	7128 	9114 	9320 	9593
7967
5762
572 	1503 	2109 	2419 	6967 	9351 	9501
976 	1237 	1686 	3026 	3884 	5217 	5350 	5563 	5831 	6780 	8423 	9314
769 	1791 	2769 	4153 	4714 	7913
2166 	7407
2272 	5365 	5396 	6491
2284 	7615 	7638 	8276
4633 	6651 	6888 	7632
8173
42 	99 	1154 	1236 	1573 	1839 	2400 	2543 	3021 	3494 	4383 	4437 	4742 	5027 	5311 	5772 	5797 	6667 	6996 	7273 	7563 	8142 	8144 	8193 	9091
9669 	9778
808 	2512 	4869 	8416 	9241
3680 	3727 	4441 	5857 	6290 	6293
8653
1977 	4405 	5195
9254
1902 	2458 	2645 	3242 	4020 	5062 	6880
273 	384 	1027 	1133 	1364 	1591 	1850 	1926 	2181 	2695 	2712 	3022 	3524 	3782 	3871 	3970 	3992 	4186 	4623 	4736 	4999 	5058 	5264 	5559 	5802 	6485 	6645 	6703 	7024 	7393 	7412 	8476 	8592 	8885 	9076 	9320 	9477
3499 	4521 	6561
355 	3714 	4261 	4773 	5324 	6357 	6895 	7247 	9125
5929
5928
1346 	8577
1170 	3992 	4211 	4214 	4752 	6324 	6552 	9785
4064
7151 	7843
867 	4659 	7151
1673 	2191 	4389 	5001 	7212 	7248 	7777 	9537
6948 	9847
2161 	2478 	6293
824 	7606 	8517
5385 	9005
299 	9762
3741 	6198 	6283 	7536
8548
6185
3269
442 	473 	2567
1012
8029
5379
387 	3788 	9498
3861 	8511
1487
7524
4206 	5012 	9627
1093 	7155 	8730 	9400
7090
952
162 	1473 	2130 	2781 	3775 	4025 	4206 	4754 	5417 	5609 	5760 	6786 	6895 	7106 	7139 	9377
3267 	4385 	6251 	8615 	9017
20 	5372 	9036
2579 	7609
4386 	4518 	5145 	7530
2603 	3290 	3681 	6198
392 	1830 	5855 	6187 	9566
986 	2638
18 	3694 	4752 	5630 	9016
3973 	4349 	5144
2766 	3653 	4376
1966
3720 	3723 	4388 	5630 	5978 	8059 	8847
3190 	5613 	6338
1429 	4072 	4249 	6884 	8551
3437 	3747 	4554 	5779
3190
18 	6333
314 	4234 	4554 	6431 	8549 	8942 	8943
1381 	3442 	4321 	5612 	6209 	6335 	7656 	8724 	9573
3261 	4440 	8963
3227 	3643 	5630 	5969
3632 	3701 	3855 	5649 	8829
3655 	4250 	6449 	7670
2606 	4069 	4556 	6230 	6323 	8505 	8612 	8616 	8948 	9035 	9647 	9648 	9662
5426
300 	7668 	8650
222 	3306 	3537 	3654 	3722 	4088 	5678 	7660 	8551
4203
1799 	2444 	3855 	5583 	5649 	6495 	8622 	8669 	9570
843 	3586 	5992 	6585 	9680
2192 	4086 	7544
291 	3449
99 	224 	1461 	1497 	2010 	3891 	4746 	4754 	6312 	6381 	6559 	7926 	8046 	8151
5607 	6260
843 	5987 	6585
7048
5684 	6692
3835 	6890 	7524 	8254
53 	72 	224 	280 	726 	1199 	1531 	1564 	1910 	2167 	2237 	2291 	2292 	2739 	2781 	3954 	3999 	4799 	4853 	4955 	4975 	5406 	5407 	5645 	6534 	7012 	7445 	9159 	9259 	9303 	9472 	9679 	9825
7234 	7585
545 	1154 	1416 	2348 	3752 	3753 	4849 	5187 	5760 	7168 	7579 	8910
2203 	5751 	6801
1986 	3358 	3481 	4741 	5439 	5621 	6597 	9492 	9666
495 	735 	2209 	3207 	3279 	3708 	4137 	7104 	8456
287 	785 	846 	2352 	2713 	3199 	3824 	5606 	5748 	7649 	8693 	8782 	9184
1453 	9235
331 	7107
827 	2125 	3345 	3584 	4203 	4246 	6108 	6187 	8166 	9276
8181
599 	648 	1560 	3008 	3013 	6661 	8093 	8877 	9198 	9200
2601 	5570
2293 	3101
1279 	2707 	5198
9710
5095 	8866 	9558
3664 	8771
664 	2320 	4045 	5896
1239
1301 	2960 	5119
229 	627 	1460 	1848 	2812 	2875 	3661 	5506 	7220 	8121 	8553 	8833 	9213 	9517
55 	1587 	5905 	6282
5014 	5217 	6155 	8870
8127 	8375 	8911
8809
4172 	5214 	6051
3518 	8127
684 	711 	1362 	5151 	6163 	6165 	7151 	7721 	8106 	8109 	8411 	9097
8127
163
350 	1368 	1393 	3622 	8566 	9573
680 	950 	1274 	2093 	2382 	7022
369 	6341 	6880 	7536 	7668 	7672
1978 	2859 	7739 	9793
4886 	6032 	6851
4886 	6031 	6851
6081 	6703 	6986 	7035 	8292
4551
4404 	4824 	8171 	9088
1738 	5329 	7163 	8473 	9259
2374 	3105 	3965 	6839 	6988 	8343 	9127
2 	9358
144 	1692 	2252 	3772 	5584 	6040 	6043 	6044 	8627
1692 	2252 	3772 	6039 	6044
7100
1281 	2220
144 	1185 	1692 	3070 	5584 	6039 	8627
1692 	2252 	3772 	6039 	6040
781 	6721
1131 	1341
1968 	2757
2338 	2431 	3110 	9451
1927 	2992 	4002 	7136 	7462 	8435 	9324
4544 	6518
1364 	4033 	6022 	7205
5806
3937 	5268 	7879
8899
1713 	7165
5696 	6384 	8669
6217
9768
7719
5709
3066 	4798 	6460
2129 	3965
3700
3328 	3333 	3608 	4747 	5429 	5571 	8116
3955
4788 	5727 	6404 	8388 	8768
1655 	2301 	2847 	3341 	6673 	8878
508
829 	1514 	5556 	7570
108 	224 	4271 	5407
2611 	3708 	9076
382 	620 	997 	2028 	2443 	2913 	3035 	3065 	4105 	4266 	4427 	4686 	4715 	4983 	5579 	5739 	7436 	7842 	7938 	7989 	9076
4985 	7989
5712 	7768 	7816
522 	1349 	1549 	1941 	2484 	4011 	5739 	6183 	7889 	8058 	8456 	9380
2626 	9531
3859
1244 	5710 	6795 	7161
1171 	5015 	6938
2788 	6561
6033 	6703 	7035
615 	1056 	1180 	1252 	2835 	3419 	5491 	5495 	7587 	7628 	7702 	8129
197 	456 	751 	3591 	4742 	4806 	5075 	5604 	9076 	9333 	9610 	9781
99 	360 	1982 	3022 	5550 	8885 	8959 	9151
7496
1187 	7494
674 	1753 	2756 	4182 	4713 	5219 	5841 	7098 	8247 	8719 	8720 	8722 	8951
2261 	2853 	9328
1965 	2038
8173
5501
2088 	3889
8969
5601 	6095 	8282
918 	1037 	1433 	2344 	3150 	4169 	4274 	4643 	5601 	6094 	6841 	7703
7490
583
901 	908 	1733 	8170 	8841 	9230
3783 	9120
253 	1181 	2491 	4148 	4400 	5149 	7613 	9201
192 	7312
33 	545 	2460 	4713 	4905 	5502 	6112 	6367 	6368 	6372 	6462 	7022 	7309 	8122 	8311
233 	1483 	1914 	5149 	5249 	5308 	5516 	6211 	6482 	6738 	8553 	9247
5290 	6731 	7843
1749 	5079
63 	744 	862 	899 	939 	949 	1542 	1676 	2296 	2362 	2660 	2777 	3445 	3554 	3615 	3789 	4668 	5310 	5325 	5403 	5483 	5735 	6583 	6787 	6872 	6985 	7111 	7362 	7450 	7699 	7950
1435 	4274 	4685 	7823
610 	1796 	2821 	2892 	3462 	3584 	4203 	4246 	5802 	6005 	7150 	7973 	9276
5300 	7493
1662 	2506 	3840 	4664 	8415
1465 	9407
33 	1878 	3661 	5502 	6102 	6368 	6372 	7309 	8610 	9517
4526 	5210 	6935
362 	667 	1566 	2686 	2734 	3616 	3646 	4305 	4610
3035
4954
1416 	1750
1504 	3607 	4004 	4888 	4889 	8933
5346 	6259 	6714 	7378 	8885
50 	1416 	1750 	4748 	4815 	5437 	5601 	6313 	8081
4641 	5134
1935 	5447
2024 	7611
2072 	4186
1414 	2341 	9597
6960
2765 	3488 	4470 	6178 	6266 	6361
4341
4126
3852
458 	761 	5477
3422
1712 	5266 	6756 	6759 	7488
208 	2239 	7278 	8390
2317 	5195 	5570
28 	451 	584 	1756 	1779 	2722 	3022 	3095 	3347 	3356 	3913 	4106 	4335 	4414 	4476 	5048 	5367 	5497 	6365 	6832 	6859 	7038 	7589 	8382 	8838 	9298 	9409 	9488
2781 	4687 	6586 	6925 	9151
599 	9198
499 	2252 	2554 	8544 	9754
309 	1671 	5103 	7128 	7260
389 	1939 	2292 	2432 	3593 	4417 	4444 	6940
2792 	3018 	6463 	6845 	6922 	7846
9864
509 	3293 	6145 	6607 	6781 	7589 	7895 	9391
509 	3266 	4637 	6144 	6607 	6781 	7895 	9391
1949 	6342 	6464
8486 	9787
417 	699 	942 	1037 	1150 	1457 	1753 	2550 	3221 	3866 	4092 	4681 	6182 	6506 	6955 	7448 	7449 	7669 	8272 	8533 	8869 	9511 	9703
222 	970 	3090 	4491 	4956 	7348 	7687 	9339
642 	739 	1206 	1326 	2922 	2952 	4690 	6151 	6179 	6952 	8525
1556 	4980 	6150 	7014 	9174
4636 	5032 	6178 	9573
1362 	4741
4124 	6546
433 	2263 	2532 	3400 	3963 	4039 	4676 	5014 	5574 	6019 	6510 	6582 	7070 	8359 	8472 	8809 	8870 	9236
628 	2791 	3016 	6636 	7247 	7876 	9331 	9332
2840 	5538 	6351 	6406
3381
994 	2680 	6273 	7094 	8992
151 	5243 	5463 	6273 	7376 	8249 	8815 	9217 	9625
2943 	7377
1732 	4426 	5195 	8921
602 	665 	871 	918 	969 	976 	1629 	1846 	2037 	2858 	2967 	3022 	3291 	3356 	3600 	3886 	4659 	4920 	5425 	6024 	6217 	6293 	6646 	6883 	6927 	6947 	6971 	7151 	7457 	7721 	7751 	7794 	7946 	8106 	8188 	8411 	8752 	8917 	9097 	9102 	9134 	9298 	9488
5642 	6496
6024 	9097
3281
1218 	4594 	6516 	7057 	8191 	9302
4484
4287 	5018 	6170 	8626 	9051
4287 	6169
3907 	6777 	9709 	9844
3817
833
8371 	8824
1977 	5195
3024
529 	882 	8575 	9444
1467 	2472 	2765 	4096 	4211 	4636 	4710 	5342 	5414 	5479 	6127 	6152 	6361 	6661 	8309 	8331 	8430 	8753 	9573
62 	245 	739 	1206 	1326 	2186 	2366 	2952 	3122 	3358 	3484 	4690 	5008 	5281 	5584 	6150 	6912 	7144 	7576 	8404 	8525 	8937 	9409 	9411
807 	1559 	4871
2598 	4055 	7551
104 	2588 	3722 	4088 	4255 	6148
1941 	2894 	4820 	4989 	6075 	7889 	7953 	8058
6866 	7146 	7432
113 	1753 	2245 	2681 	3406 	3745 	5107 	5802 	5943 	7536 	9173 	9417 	9834
1351
104 	222 	230 	297 	795 	3469 	3542 	4088 	4255 	4256 	4291 	5141 	5317 	5963 	6005 	6363 	8508 	8571 	8640 	8943 	9144 	9191
8657
9021 	9286
2703 	4139 	5742 	6776 	7077 	7948
8113
913 	4407 	8060 	8605
2052 	8346 	9497
9014
264 	1214 	3700 	3922
318 	2184 	2874 	3066 	3942 	6474 	9140 	9829
5498
2603 	3403 	3681 	3746 	4224 	5941 	5962 	6323 	6324 	7536 	8958
2099 	2609 	4360
2114
7591
296 	8791 	9677
5284 	8113
191
602 	1711
1684
476 	9119 	9289
8726 	9599
4321 	5976 	8724
1483 	1710 	3341 	4780 	5216 	7628
1177 	4274 	5149 	6103 	8498 	8553
537 	5122
3609
66 	794 	2792
6932
5378 	5655 	6332 	9582
1037 	1150 	1722 	2161 	2182 	2703 	2883 	3940 	4073 	4075 	4095 	4525 	4575 	4871 	5601 	6057 	6163 	6273 	6284 	6293 	6309 	6429 	7025 	7469 	8503 	8815 	9579 	9764
7169
5210
92 	1133 	2537 	3020 	5137 	7024 	7076 	8189 	9781
5501
341 	538 	3176 	4011 	5906 	6352 	8224 	9380
1115 	8075 	9838
3047 	4902
2078
3774 	3881
3817
1329
1120 	7302
415 	4069 	5981 	6288 	8616
1396 	1418
544 	7567
32 	713 	6982
5034 	7442
7863
1242 	1990 	5519
3019
3019
7772
2503 	6600 	6973
5045
3209
1431 	3807 	3929 	6540 	9310 	9703
4453
224 	1727 	5034 	7350 	7442 	8307 	8671 	8839
1526 	4996
7188
169 	3882 	4079 	4598 	4899
2743
3201 	4219
3410 	5958 	8505 	8615
2756
2756
1617 	7565 	8496
891 	1278 	9170
684 	2788 	3066
4517
1099 	3732 	3844 	4327 	5578 	5859 	7777
565 	1246 	1610 	5416 	6119 	7378
145 	150 	184 	239 	261 	725 	757 	1797 	2122 	2457 	2479 	2513 	2780 	2811 	2889 	3087 	3604 	3634 	3864 	5151 	5420 	5607 	5615 	5760 	5991 	6381 	6554 	7723 	7742 	7837 	7872 	8123 	8890 	8910 	9874
3135 	3603 	5306 	5364 	9053
516 	4740 	6554 	6599 	8318 	8815 	8860 	9258
93 	1285 	1558 	2858 	4128 	4647 	6916 	7210 	7338 	8085 	9078
3957 	6626
1897 	2271
3488 	6127
8156
1418 	3320 	4754 	9601
307 	2238 	3560 	7737 	7848 	7902
6546
287 	444 	757 	871 	1541 	2258 	2987 	3185 	3237 	4235 	4439 	6746 	6832 	7038 	9106 	9411
5166
343 	2655 	2680 	6159 	6160 	6217 	6293 	6309 	6429 	6856 	6998 	7025 	7094 	7203 	7376 	7401 	7469 	7489 	8249 	8815 	9217
650 	6636
358 	8696
833 	2229 	2690 	3030 	3333 	5080 	5571 	7434 	7832 	8898 	9248
1037 	6293
3631 	7667 	8065 	8866
3727 	5096 	8548
3337
2035 	5026
490 	1024 	1983 	2141 	2147 	2523 	2630 	4753 	5296 	6018 	6953 	7618 	8413
3281 	3741 	5941 	7536 	7537 	8853 	9558
4224 	6217 	8860
6335
8508 	9684
7671
415 	2588 	3224 	3681 	3855 	4387 	4516 	5381 	5777 	6230 	6992 	7018 	8055 	9785
657 	997 	2913 	7436 	9062
3680 	5920
1104 	9764
7361
287 	1037 	1105 	1108 	1150 	1722 	2161 	2280 	2478 	2703 	2717 	2756 	2817 	2883 	2954 	3597 	3630 	3680 	3776 	3940 	4000 	4095 	4240 	4713 	4810 	4871 	4992 	5601 	5920 	5937 	6163 	6217 	6273 	6277 	6309 	6429 	6681 	6778 	7025 	7192 	7361 	7469 	7974 	8033 	8503 	8815 	8964 	9478 	9579 	9656 	9764
5520
7473
2810 	5134 	6695 	6762
9551
2566 	5071
232 	993 	5047
1426 	2574 	5654 	6345 	9009
2244 	2600 	2648 	3151 	3713 	3757 	3797 	7007 	8824 	9862
1897 	2237 	3115
863 	2870 	5478 	7965
6433
3536 	4858 	9617
8603
4519 	7530 	9613
310 	3680 	7666
3949 	4069 	4575 	6217 	6273 	6293 	8503 	9579
2576 	4516 	4597 	8160 	9356
99 	3499 	4209 	4215 	4218 	6313 	6555 	6561 	9628 	9654
99 	1781 	2122 	3614 	4327 	5578 	5990 	6555 	8151 	8679
1750 	4218 	4748 	6120 	6311 	9654
1461 	1499 	3162 	3743 	4195 	4213 	4215 	4219 	4760 	6475 	6555 	6557 	6559 	7252 	7475
7533
2582 	4535
912
4901 	8235 	9473
4243
3282 	5376 	7542 	8620
2604 	3071 	4430
3310 	3430 	6355 	8548 	9614
3403 	3740 	4253 	5981 	6198 	6324 	8548 	9648 	9662
218 	478 	602 	620 	732 	737 	1170 	2573 	2606 	3191 	3403 	3673 	3742 	4253 	4352 	4556 	4686 	4746 	4752 	5009 	5642 	5656 	5876 	5931 	6198 	6323 	6734 	6793 	7422 	7534 	8041 	8548 	8850 	8885 	9531 	9596 	9810
5197 	7288
2185 	3855 	3950 	3952 	3996 	4554 	5649 	7673 	8549
5690 	9599
4086 	4321
1831
428 	3736 	4088
3688 	9264
5378 	5655 	6216 	9582
1111 	5974 	7369
5601
312 	1381 	3442 	5976 	6285 	9573
4071
1799 	2444 	3283 	4234 	4340 	4554 	4743 	5635 	8549 	8601 	8765 	8942 	9008 	9332 	9397 	9570
5613 	5970
1266 	3258 	4426 	4662
1379 	5609 	8621
3723 	5630 	6029 	6396 	7668
1949 	2578 	6146 	6464 	7819 	7822 	9572 	9798
370 	728 	1061 	4579 	6397 	8508 	8726 	9651
3225 	8654
1426 	2574 	5654 	6300
4269 	8696
7770 	8704
9246
300 	2920 	3228 	4202 	7668 	9285
851 	6383 	6515
2840 	5538 	6157
3176 	6222 	8224
4052 	5776 	8550
2072 	9165
2576 	2606 	3156 	3310 	3535 	3636 	3722 	4098 	5381 	6322 	7672 	8505 	8548 	9614
9213
3473 	5324 	5927 	7247
354 	1603 	8915 	9721
6709
234 	2833
4096 	5479 	6127 	6178 	9573
752 	1814 	2256 	2789 	2984
222 	230 	244 	885 	1753 	2195 	2313 	2984 	3345 	3834 	4291 	4466 	4491 	5141 	6187 	8224 	9731
100 	1316
212 	2360 	2543 	3874 	4303 	6136 	7038 	7683 	7850 	8983 	9040
1126 	1200 	2167 	2279 	2291 	2626 	3970 	3999 	4341 	4781 	5088 	5906 	6933 	7402 	8358 	9649
33 	1878 	6102 	6372
6102 	6112 	6372
1014 	1277 	3341 	5778 	6813 	7159 	7846 	8311
1553
1694
33 	544 	1878 	2460 	4713 	5502 	6102 	6112 	6367 	6368 	7309 	8610
3603
693 	1517 	5244
2677 	4263
834
508 	1328 	3028 	3375 	5732 	7321 	7614 	9475
7777
246 	621 	720 	916 	1016 	1861 	2193 	3205 	4119 	4159 	4744 	5058 	6489 	7698 	8138 	8239 	8691 	9505
43 	322 	522 	846 	1238 	2376 	3241 	4585 	4999 	5299 	5322 	7106 	8342 	8476
239 	3140 	5990 	6260 	7742 	8571
2744 	4152 	4826 	5277 	5624 	5784 	7336 	9848
937 	6350
5696 	6056
188 	7767 	9195
836 	1266 	2297 	2697 	3127 	5296 	5858 	8110 	9213
2390 	2895 	3984 	7321
3974 	7551
1876 	8964
2982 	5358
8674 	8702
5690 	9599
3629 	5373 	8611
656 	1891 	2413 	5117 	5224 	5228 	6568 	6779 	7185
6951 	8636
3723 	4351 	5630 	6341 	8115
94 	444 	639 	640 	751 	871 	1325 	1695 	1903 	1930 	2028 	2053 	2518 	2882 	3035 	3065 	3269 	3512 	3524 	4069 	4757 	5151 	5792 	6343 	6463 	6555 	7062 	7294 	7660 	8012 	8188 	8291 	8662 	8733 	9076 	9641
1412 	2857
1396 	3747
2588 	2597 	3747 	4407 	8647
5651 	9613 	9769
228 	3073 	8248
3549 	6530
490 	1643 	2323 	2442 	2753 	3706 	4788 	5112 	5435 	6066 	6631 	7146 	7444 	7494 	7683 	7775 	7914 	8314 	8359 	8365 	8461 	8768 	8957 	9447 	9478 	9500
4588
5538 	6157 	7306
305 	1193 	5594 	6549 	6906 	6969 	8832
1076 	1207 	7397 	8642 	9203
4931 	9460
3628 	3948 	5352 	9559
9746
1561 	1563 	3008 	4529 	5760 	6517 	7907
3354 	7626 	7835
2196 	2913 	5277 	7436 	9475
4022 	4593
4057 	6733 	8263 	9028
4974
609 	624 	9686
4934 	5507 	5762 	6425
736 	1495 	1875 	5428 	5522 	6636
7768
3008 	7907
194 	210 	732 	910 	1071 	2878 	3592 	3811 	3966 	4064 	4186 	4896 	5000 	5003 	5469 	6530 	6645 	6971 	7327 	7367 	8868
612 	3064 	4307 	4622
47 	512 	622 	1073 	1266 	1658 	2518 	2786 	3181 	3356 	3754 	3775 	3934 	4137 	4876 	4934 	5358 	5507 	5762 	6419 	6485 	7269 	7457 	7586 	8694 	9164
1546 	1984 	2204 	2518 	4697 	5423 	6737 	8079
1753 	8881 	9173
5706
1037 	5601 	6217 	6273 	6293
75 	7563
314 	3099 	5975 	8943
3419
1807 	4449 	6304 	8075 	8668 	8834 	9776
1696 	4021
2741
5455 	6665 	8491 	9144
43 	726 	1020 	1209 	1882 	1952 	2434 	2457 	2966 	3091 	3579 	3804 	4078 	5792 	7024 	7318 	8185
3218
9071
226 	4981
4812
461 	6708 	8400
3273 	3820
9462
9462
3777 	4664 	8355
572
4879 	4953 	7486
3655 	4250 	5980 	7670
3272 	5651 	9613
259 	857 	4415 	5048
2018
1583 	1885 	2486 	2487 	2602 	2774 	3714 	5002 	5087 	5324 	5782 	8266 	8745 	8755 	9154
3387 	3790 	4266 	5692 	9492
5289 	7193
287
474
1001 	1097 	1107 	1108 	1234 	1722 	1999 	2012 	2311 	2468 	2966 	3108 	3424 	3585 	3757 	4176 	4589 	4636 	4884 	5008 	5029 	5032 	5048 	6521 	6555 	6912 	7171 	7491 	7889 	8400 	8404 	8753 	8983 	9297
2097 	3080 	5225 	7332
3066 	4798 	6061
7299
545 	547 	889 	2479 	4493 	4505 	4780 	5832 	6102 	7299 	8311 	9169
94 	179 	639 	640 	685 	871 	1014 	1023 	1695 	2762 	3065 	3207 	3268 	3512 	3739 	3938 	4277 	4709 	4949 	5151 	5174 	5237 	5792 	6142 	6397 	6521 	6597 	6861 	7466 	7537 	7999 	8301 	8733 	9297 	9603 	9641 	9670
6146 	6342
4092 	8499
8044
938 	2309 	3930 	4151 	4603 	6470 	8494 	9725
182 	5416
493
6467 	9725
711 	1540 	1630 	2410 	2882 	2902 	4054 	5453 	6937 	7424 	7938 	8419
1228 	2369 	5700
191 	7182
318 	2184 	2874 	3066 	3942 	6196 	9140 	9829
1477 	5210 	6314 	7117 	7587 	7742 	8932 	9718
5244 	6550 	8594
2990
1617 	1688 	1691 	5616 	7380 	7469 	8234 	9282
2618
1476 	5872 	7969 	8361 	8364
99
5308 	5516 	6103
1324 	1516 	1814 	2778 	2779 	5021 	5729 	6801 	8905
1298
1266 	2518 	2554 	2601 	2862 	3303 	3595 	3871 	4215 	4736 	4997 	5925 	6425
1133 	3022 	3975 	4310 	7024 	9743
3954 	4975
2663 	8513
246 	621 	720 	916 	1016 	1861 	2193 	3205 	4119 	4159 	4744 	5058 	6379 	7698 	8138 	8239 	8691 	9505
448 	1465 	4752
989 	2268 	2272 	5913 	8032
6733 	8263
2712 	4214 	9297
2955 	7723 	8123
3486 	4152 	4170 	4731 	4742 	5277 	5624 	5784 	5986 	6685 	8669
2666 	5642 	6164
5117
2376 	3592 	7098
4037 	5005
1405
2491
167 	4790 	4791 	8269
3828 	3843 	6544 	8439
476 	498 	509 	2097 	2323 	2466 	3531 	3533 	4048 	4411 	5681 	7776 	8598 	8880 	9289
800
3657 	4360 	5488 	5589 	6148 	6955
165 	3001 	3964 	5082 	7342 	8338 	9182 	9556
1263
633 	8887
6155 	9236
534 	1229 	2496 	2510 	5700 	7016 	7865
189 	1814 	3361 	6572 	6847 	7226 	7397 	9203
5859 	7692 	9437
732 	910 	1775 	2248 	2472 	2772 	3823 	4024 	5117 	5416 	5671 	5863 	6692 	7367 	7422 	7704 	7919 	7946 	9489
676 	1100 	2255 	2755 	6350
6167
2709 	3008 	3793 	6412 	7907 	8251 	8571 	9390 	9804
4544 	5634 	5863 	6050
511 	770 	1394 	2095 	2251 	2663 	2769 	3109 	4015 	4153 	4545 	4734 	4893 	5085 	5682 	6543 	7078 	7121 	7139 	7547 	8362 	8513 	8528
361 	4214 	7201 	8393 	8753
751 	1999 	3866 	6458 	6463 	6555 	7500 	9076 	9297
4175
3774 	3881
349 	8266
888 	3341 	5822
806 	1283 	1735 	5106
1273 	4979 	7312 	8553
330 	1087 	3195 	4276
4268 	4540 	6586 	6925
732 	846 	1645 	2376 	2712 	2786 	2964 	2977 	3129 	3549 	3592 	3696 	3761 	3772 	3966 	4642 	6403 	6423 	6910 	7367 	7466 	7704 	8342 	8404 	8541 	8741 	8859 	8885 	8934
955 	3956 	6853 	7730 	9336
1736 	5074 	7208
1102 	7179
1448 	1910 	2167 	2739 	4111 	4337 	5131 	5407 	5996 	6541
813 	1199 	5407 	6764 	6814 	7706
4341 	5826 	6819 	7391 	7618
9416
992 	2344 	4643 	7703 	8158
6632 	6719 	8215
3061 	3807 	6243 	6616 	6839 	7709 	9310 	9359 	9703
1910 	2739 	4337 	5407 	6534
6604
2124 	2815 	3711 	3735 	4153 	5085 	6519 	7392
508 	1733 	3375 	6503
539 	1195 	7091
564 	1075 	1285 	2190 	2554 	2613 	3750 	5336 	6154 	6270 	6834 	6916 	8350
9235
739 	8274 	9451
1017 	2882 	3886 	6407 	6906 	7298 	7593 	8832 	8917
1705 	3056 	4572 	5244 	5546 	5708 	5808 	6476 	7222 	7266 	7455 	8594 	9746 	9861
871 	3185 	3561 	3837 	3841 	3943 	4209 	4211 	4345 	4746 	4747 	4753 	4759 	6552 	8151 	9596 	9640 	9652 	9656
1170 	3157 	3837 	3943 	4195 	4209 	4211 	4436 	4747 	4752 	4759 	4859 	5555 	5603 	5841 	5874 	5876 	5931 	6551 	7665 	8089 	8259 	8634 	9640 	9652 	9653 	9776 	9785 	9831
4218 	4219 	6561
2896 	4542 	5578 	6260 	6262 	6912 	7300 	7502 	7721 	7837 	8890 	9043
78 	478 	1461 	1513 	1729 	1781 	1930 	2712 	2795 	3470 	3614 	3848 	3918 	4195 	4214 	4218 	4240 	4754 	4757 	4759 	4884 	6311 	6312 	6314 	6397 	6458 	6521 	6555 	6914 	7036 	7171 	7201 	7814 	7844 	8259 	8294 	8662 	8679 	9050 	9134 	9636
2692 	8444
3453 	4209 	4218 	4219 	6314 	6561 	9627 	9655
7252 	8258
101 	481 	1497 	1499 	3481 	3506 	4747 	4754 	5603 	5620 	5990 	6314 	8046
1400 	1462 	3497 	4760 	7252 	8258
1347 	3453 	3499 	4206 	4212 	4215 	4218 	4219 	4521 	4746 	4752 	4753 	5926 	6080 	6311 	6553 	6557 	7406 	8046 	8476 	9654 	9655 	9656
952 	4990 	6654 	7133
4139 	4741
1209 	1882
2328 	4283
3883 	9467
1143 	2303 	2728 	9540 	9758
6394
2016 	7515 	9557
5619 	9142
4175
189 	3361 	6512 	6847 	7226
7397
1083 	2013 	2112 	5314 	8315 	8390
3774
275 	325 	1778 	9240 	9264
287 	444 	2258 	2352 	2824 	4061 	4111 	6832 	8693 	9700
4401 	9266
323 	327 	2308 	2763 	4085
432 	1616 	2858 	4847 	8159 	9424 	9571 	9703
4130
1159 	6155
63 	744 	862 	899 	939 	949 	1542 	1676 	2296 	2362 	2660 	2777 	3445 	3554 	3615 	3789 	4668 	5310 	5325 	5403 	5483 	5735 	6106 	6787 	6872 	6985 	7111 	7362 	7450 	7699 	7950
1887 	9298
5987 	5992
4540 	6137 	6529 	6925
4400 	7730 	8179
1610 	7071
3377 	4697 	8672 	8673
844 	2973 	4738 	4753 	4889 	5297 	7286 	8269 	9243
674 	716 	1108 	1131 	1443 	2002 	2996 	3757 	4023 	4494 	6794 	6921 	7276 	7376 	8318 	8815 	8863 	8951
995 	1334 	9114 	9862
7928
4302 	6595
4302 	6594
743 	1883 	2334 	2710 	3165 	3172 	3977 	4808 	5796 	7928
539 	871 	2824 	3481 	4266 	5621 	6000 	6463 	6742 	7346 	8188
1434 	8936
516 	756 	3732 	4740 	5363 	6262 	6877 	8318 	8860 	9258
2503 	6240 	6973
4811 	6661 	8309
8 	2592
2291
6542
940 	6740 	6890 	8574
5158 	5517 	7645
509 	6144 	6145 	6781 	7895 	9391
3669 	8251
1045 	1145 	6810 	8696
429 	3340
7363
1359 	5862 	8685
1369 	9188
2771
239 	943 	2855 	5427 	7197 	8562 	9054
293 	625 	2171 	3061 	3965 	5038 	5524 	5843 	6540 	6827 	8908 	8948 	9359
4327 	7310
147 	256 	2267 	2901 	6684
3359 	3913
146 	663 	908 	909 	1699 	2600 	2658 	6739
131 	2355 	5045 	6790 	9093
3339
840 	2850 	4188 	5661 	6719 	7325 	7373
4439 	7239 	9870
209 	4439 	4955
6264
8374
8171
1301 	8665
94 	4636 	6875 	7201 	8398 	8753 	9603
2463 	2523 	4918 	5644 	6404 	8359 	8827 	9478
6539 	6719 	7041 	8215
249 	273 	1607 	3146 	4298 	4622 	5817 	9865
1798
627 	2413 	5069 	6776 	7113 	7858
99 	650 	736 	1446 	1495 	1875 	2370 	2791 	3016 	5428 	5522 	6156 	6274 	6420 	6739 	7134 	7225 	7267 	7876 	9331 	9332 	9811 	9855
5780
3938 	9188
9264
242 	3777
1644 	8326
1311 	2548 	2551 	7847 	9293
5490 	8174
9213
1027 	1109 	1186 	3065 	3871 	3966 	4266 	4759 	4896 	4999 	5151 	5264 	5547 	5925 	6423 	6880 	6971 	7393 	8476 	8539 	8785 	9076
871 	910 	3823 	6163 	8188
3488 	3886 	5077 	6859 	7847 	7946 	7949 	9106 	9298 	9411 	9488 	9713
4777
5518
5265
4633 	5915 	6888 	7632
1285 	2160 	2824 	3534 	4585 	7038 	8106
1359
952 	2329 	4990 	6562 	8396
528
2260 	7974
1176 	1207 	1229 	1250 	1283 	1314 	1330 	3264 	7397 	9203
1517 	2888
353
331
598 	4811 	4933 	5181 	5570 	6007 	6178 	6601 	8309 	8947
445 	954 	2828 	4062 	4274
4004 	9779
431 	2615 	2892 	6698
5455 	6436
1969 	3380
2703 	3022 	3058 	4278 	4311 	5917 	6710 	6971 	7160 	7612 	7946 	8548 	8635 	9724
3543 	8020 	9682
4923 	9780
7096 	9545
7432 	8806 	8913
7842
1704 	2847 	3341 	6067 	6692 	7974
1555 	6886
591 	850 	4259
8314 	9513
2462
1557 	8959
5250 	5739 	7676
1044 	5906 	9870
732 	2026 	2435 	3013 	5563 	6293 	7948 	8404 	8885
1948 	2816 	3181
2500 	2847 	3341
147 	256 	541 	1178 	3085 	6618
423 	1118 	3772 	6495 	7058 	9736
741 	1707 	1806 	1961 	2078 	2962 	4667 	5618 	6724 	7427
741 	1961 	2078 	3913 	7427 	7910 	8904
900 	1328 	2776 	8307 	8671
4830 	7874 	8734
1209 	7076 	8185
1247 	5697 	9239
182 	714 	1704 	2195 	2680 	5416 	5684 	5731 	5994 	6514 	6673 	6835 	6905 	9763
386 	1247 	2860 	3456 	5698 	9239
90 	1706 	1907 	2204 	2518 	5323 	5892 	7894
2810 	6296 	8142 	8892
212 	4611
1098
431 	2462 	2892 	3391 	4447 	5727 	6664 	8237 	8369
217 	1775 	2080
551 	5488 	5589
2870 	6713 	6769 	7055
417 	2432
1552 	3035 	3091 	3130 	4876 	5925 	6033 	6081 	7035 	8592 	9043
395
978
1802 	1804 	9192
7857
461 	6442 	8400
1775 	2079 	6359
6667 	7040 	7272 	7612 	9724
1298
443 	5343
6701 	7055
566 	1026 	1364 	1546 	1645 	2236 	2611 	2786 	2864 	2977 	3396 	3988 	4425 	4898 	6119 	6834 	6912 	6935 	7149 	7431 	7844 	8713 	8789 	9876
185 	1053 	2829 	3234 	3880 	4607 	8578 	9300 	9462 	9783
1108 	2018 	2491 	2817 	4509 	5053 	5636 	8822
2170 	4880 	8183
3678
535 	840 	2850 	3120 	3664 	4188 	4910 	6539 	6623 	6632 	6980 	7325 	8215
757 	806 	1320 	1859 	2512 	2513 	2808 	4807 	5266 	6971 	7467 	7866 	8838 	8905 	8917 	9148 	9724
781 	3354 	3807 	6045
1799 	3494 	3639 	4265 	7267 	7825 	8975
4912
94 	1707 	5618 	6686 	8301 	9603
9820
9243
9193
1302
535 	7513
1292 	3153 	3297 	8773
1270 	2665 	5290 	6104 	6829 	7257 	7843 	9069
9825
285 	4057 	4217 	5396 	6416 	6492 	6850 	7964 	8263 	8379 	9028 	9124 	9127
602 	3741 	3855 	4056 	4110 	4387 	5092 	5649 	6324 	7122 	8664 	9675 	9686
222 	782 	783 	803 	1129 	3929 	4511 	5758 	6749 	7177 	8581 	8786
3755 	7320 	9126
6426
361 	1483 	2123 	2553 	3468 	4278 	5219 	6103 	7443 	7816 	8173 	8188 	8262 	9247 	9724
650 	2600 	2658 	6620 	6636 	9348 	9855
6605 	6890
3395 	7284
309 	798 	1650 	2238 	2808 	3871 	6597 	6927 	7467 	9700
6807
1080 	1605 	3538 	4304
444 	4235 	4439 	7282
444 	1177 	2987 	4235 	4439 	6271 	6832 	7218 	7282
1108 	1722 	2812 	2875 	4589 	7276 	8121 	8934 	9609
2112 	3107 	3162 	9326
783 	5758 	6735 	7177
1764 	1909 	2103
4558 	8002
1037
552 	1174 	1279 	1284 	1535 	2707 	5672 	6754
1174 	1284 	1535 	2413 	2508 	2707 	6753 	8351 	8867
2254 	9165 	9215
1225 	1712 	4869 	5266 	6133 	6759 	7488 	9215
397
1928
1225 	1712 	4869 	5266 	6133 	6756 	7488
2493
923 	1371 	2300 	3496 	8941 	8952
6296
2464 	7353
6535 	7706
2462 	3248 	8717 	9494
631 	819 	1551 	3212 	7156 	7681
1377 	7425
977 	1108 	2703 	3648 	4220 	4689 	4895 	7101 	7306
2870 	6701 	7055
1907 	4486
760 	1070 	2930 	8406
5103 	7260
1457 	2550 	2852 	4313 	5551 	5565 	6773 	8247
2466 	3136
269 	7563
321 	627 	1741 	2135 	2413 	2703 	2817 	4248 	4265 	4503 	5069 	5809 	6190 	6635 	7113 	7858 	8095 	8284 	8297 	8569 	9136 	9826
3907 	6171 	9709 	9844
2161 	6293
2413 	5117 	6394
171 	172 	2049 	5831 	5910 	8757 	9003
509 	6144 	6145 	6607 	7895 	9391
2806
3037 	4333 	8403
7572
107 	655 	3222 	5456 	8628
83 	224 	478 	690 	3013 	3108 	3775 	5957 	6895 	7910
63 	744 	862 	899 	939 	949 	1542 	1676 	2296 	2362 	2660 	2777 	3445 	3554 	3615 	3789 	4668 	5310 	5325 	5403 	5483 	5735 	6106 	6583 	6872 	6985 	7111 	7362 	7450 	7699 	7950
462 	2011 	2514
9784 	9785
2355 	2699 	6621 	9165
2354 	4780 	7015 	7637 	8311
5086
620 	2024 	3245 	3781 	4686 	4840 	5244 	5299 	6324 	6996 	9468
674 	3757 	4023 	4494 	6591
5083 	5584 	6078
2123 	2940 	3549 	3881 	4425 	4662 	8262 	9409
47 	1802 	9057
1521 	3737
3897
456 	5344 	9781
1814 	2203 	2778 	5751 	5999 	6483
7870 	9425
2788 	4661
1617
4384
9359
2521 	4468 	5045 	6743 	7416
8392
1106 	1792 	3013 	7271 	8744
1045 	2433 	2825 	3696 	4531 	5217 	6609 	7814 	8696 	9711
2327 	2530
3044 	9316
255 	1014 	1511 	1555 	1596 	1837 	1947 	2176 	2500 	2792 	3341 	3862 	4670 	5019 	5104 	5778 	6369 	7221 	7637 	7846 	8311 	9500
3697 	6535
785 	976 	1630 	1903 	2518 	3065 	4158 	5425 	9333
2017 	6867 	7256 	7459 	8682 	9348
4121
811 	2809 	3015
1126 	1600 	2708 	3055 	4341 	4878 	5103 	5614 	5826 	6536 	7128 	7260 	8478 	9042 	9700
839 	888 	1037 	1150 	2268 	5037 	5220 	5516 	5815 	8547 	8701 	8844 	9096
790
1009 	8320 	9083
1276 	1912 	1947 	3341 	4148 	6823 	6836 	7229 	7653 	8848
217 	2875 	8121
1283 	2403 	2832 	3264 	9231
9216
293 	294 	2385 	3211 	3268 	3421 	3965 	5038 	5426 	5688 	6616 	7293 	7602 	8908 	8948
1033 	6944
570 	5290 	6731 	7620 	7974 	8128 	8242
667 	1690 	2686 	2734 	7100 	7915
162 	8416
287 	444 	1907 	2160 	2987 	3207 	3506 	4107 	4235 	4439 	6136 	6271 	6577 	6746 	6859 	7038 	7842 	8693 	9298
8198
2864 	3459 	6546 	6714 	8476 	8789
5684 	6692
1276 	6823 	7653 	8848
5889
1046
1148 	2374 	3105 	6037 	6540 	7709 	8343 	9127 	9310
9761
918 	1037 	6095
430 	3016
2284 	9478
409 	2226 	5181 	5314 	5483 	5570 	7301 	9199
2792 	3018 	3739 	4661 	6142 	6922 	7109 	7846 	9766
984 	3485 	4547 	7564 	8992 	9151
189 	3361 	6512 	6572 	7226
7745
3032 	4413
4217 	5396 	6733 	8379 	8817 	9127
4886 	6031 	6032
2172 	2796 	4191 	4508 	5143 	7468 	9266 	9551
3956 	6531 	7730 	9336
1483 	3806 	7723
7558
1301 	2470 	2680 	5749 	6273 	6987 	7032 	7094 	8984
471 	3808 	3876
3313
113 	361 	1779 	1960 	2072 	3347 	3506 	4476 	5748 	6136 	6647 	6832 	7872 	7933 	7946 	8382 	9298 	9488
2842 	3354 	5024
331 	378 	632 	2982 	3207 	4078 	4721 	5739 	5792 	6463 	7093 	7889 	7971 	9492
1930 	5739
521 	1108
601 	1610 	1616 	1722 	2291 	2972 	5032 	9320
4537 	5541 	7836 	8254
1637 	2657 	3008 	3533 	4292 	6184 	7146 	8251 	8892 	9721
2017 	4156 	6816 	7459 	7658 	8682 	9348
4380 	9514
133 	346 	913 	2442 	5659 	7452 	7880 	7881 	8308 	8446
4338
2665 	9074 	9470
63 	744 	862 	899 	939 	949 	1542 	1676 	2296 	2362 	2660 	2777 	3445 	3554 	3615 	3789 	4668 	5310 	5325 	5403 	5483 	5735 	6106 	6583 	6787 	6985 	7111 	7362 	7450 	7699 	7950 	8324
3033 	3169 	3969 	4192 	5238 	5597 	8178 	9227
1138 	3250
1421 	2167 	2282 	3027 	3415 	4636 	6630 	6876 	8778 	9320
2167 	4636 	6875
516 	4186 	6599 	8318 	8860
8159 	8860
1048 	4193 	4811 	6985 	8376
56 	639 	640 	735 	974 	1109 	1396 	1902 	2028 	2458 	2531 	2645 	2788 	2800 	2953 	2977 	3242 	3258 	3346 	3524 	3871 	3938 	4020 	4772 	4999 	5062 	5924 	6029 	6645 	6937 	7844 	7889 	8012 	8132 	8456 	8476 	8539 	8785 	8883 	8934 	9019 	9492 	9602
5806 	8989 	9465
567 	3347
2967 	5518 	6163 	6927 	8290 	8374
115 	488 	658 	936 	1429 	3063 	3660 	4072 	4249 	4371 	5971 	8551 	9196 	9446 	9710 	9856
361 	2553 	9735
1555 	6674
598 	2225 	2767 	3977 	4867 	5628 	8947 	9165 	9226
4633 	5915 	6651 	7632
1920 	8398 	9405
158 	195 	897 	940 	960 	1010 	1250 	1635 	1637 	2389 	2916 	3288 	4861 	5689 	5995 	6605 	6740 	7230 	7524 	8117 	8464 	8574 	8667 	9547 	9730
1322 	1641
9795
1756 	3065 	3091 	4266 	4341 	7472
1351 	4313 	4341 	7999
152 	355 	1473 	1719 	1763 	1887 	2432 	3108 	3714 	3775 	4025 	4773 	4799 	5604 	5753 	5927 	5957 	6786 	8209 	8997 	9125 	9697
1977 	2044 	5195
1950 	7275 	9048
3091 	4983
4114
287 	1840 	1940 	2099 	2762 	5283 	7031 	7128
164
4180 	7922
934 	4421 	5034 	5328 	8243
4283 	4366 	8322
6692
2685 	2882 	2942 	3979 	6407 	6549 	7568 	8014 	8832 	9715
7787 	8742
307 	1349 	1410 	1970 	5051 	6924 	9626
1283 	7134
2964 	6530 	8564
9071
245 	566 	1031 	1661 	1672 	1722 	2072 	2786 	3065 	3552 	3913 	4189 	4190 	4712 	4884 	4924 	5008 	5009 	5117 	5302 	5686 	5863 	6179 	6458 	6554 	6714 	7062 	7357 	7431 	7502 	7664 	7799 	7875 	7948 	8404 	8766 	8885 	8890 	9145 	9327 	9409 	9548 	9791
9548
78 	2800 	6555 	7844
7971
93 	1075 	1558 	2858 	3036 	5336 	6263 	6546 	7210 	7338 	8350 	9078
3641
921 	3074 	3763 	3917 	4741 	6947 	7163 	7324 	7651 	8344 	8625 	9086 	9223
3151
833 	877 	7694
1775 	3713 	4494 	6591 	7619
788 	2558 	2746 	2792 	3018 	3038 	4470 	5795 	6142 	6845 	7005 	7846 	9433 	9533
4636 	5032 	7838
456 	1466 	1695 	1970 	2209 	2925 	3560 	4179 	5058 	5781 	6908 	7103 	7104 	7953 	8058 	8909 	8937
6137 	6529 	6586
575 	1098 	5288 	7453
279 	341 	444 	1700 	1887 	2099 	2352 	2609 	2781 	2808 	2824 	2967 	4924 	5326 	6163 	6742 	6883 	7038 	7104 	7426 	8374 	8445 	9700
1738 	5236
545 	2359 	3341 	3842 	4780 	8311 	9210
3291 	5149 	5216 	8552 	8553
2712 	8859 	8885
6215
2291 	3472 	3999 	4341 	5668 	6366 	7339
8976
2462 	4425 	4466 	4526 	6113 	6714
105 	3696
2028 	2396 	2410 	2882 	2902 	3693 	3934 	4054 	5453 	6471 	6880 	8012 	8456
1171 	5015 	6079
1596 	1898 	2213 	8863
4417 	6141
823 	5117
268 	785 	2352 	2400 	5748 	7224 	7510 	8371
7981
1033 	6828
5683
9529
516 	1049 	1326 	3600 	5034 	5415 	6163 	6918 	8318 	9131 	9298
5936 	9847
1157 	2653 	7417 	7418 	8330 	9554
608
3879 	6395 	8636 	8861
168 	642 	1110 	1558 	1866 	2399 	2922 	4248 	4649 	4754 	4942 	5226 	6150 	8476 	8909 	9213 	9451
1351 	1853 	1983 	2336 	3038 	4283 	6282 	7999 	8978
1387
3657 	4360 	6148 	6506
1470
5801 	8354
2018
1351 	3038 	4549 	7843 	7999 	8978
2339 	3207 	3323 	6126 	8916
4992 	6998
1222 	5731 	7340
4462 	7817
5632 	7998
1224
1584 	3935
572 	1503 	2109 	2419 	5909 	9351 	9501
1734
5594 	6407
57 	4125 	7914
154 	263 	732 	806 	1017 	1157 	1336 	1529 	1638 	1666 	1701 	1746 	1795 	1859 	1879 	1897 	2352 	2513 	2786 	2882 	3022 	3171 	3366 	3500 	3592 	3886 	3966 	4338 	4546 	4896 	5346 	6163 	6423 	6645 	6667 	6720 	7160 	7161 	7327 	7372 	7612 	7948 	8106 	8312 	8885 	8917 	9101 	9102 	9488 	9489 	9724
167 	1314 	2968 	4791 	8269
1148 	2503 	6240 	6600
565 	1012 	1610 	2982 	3904 	3944 	5066 	5858 	7371 	7768 	9385
525 	3966 	4896 	7884 	8072 	9131
3967 	4022 	4104 	8409
7 	2854 	3770 	4407
288 	8472
474 	2047 	5784
840 	3120 	6719
484 	506 	1009 	1590 	5719 	9083 	9696
32 	713 	4919 	5625 	6233 	7400 	9177
11 	5186
806 	1283 	1735 	2017 	2403 	2832 	3264 	5104 	8682 	9231 	9731
63 	744 	862 	899 	939 	949 	1542 	1676 	2296 	2362 	2660 	2777 	3445 	3554 	3615 	3789 	4668 	4811 	5310 	5325 	5403 	5483 	5735 	6106 	6583 	6787 	6872 	6879 	7111 	7362 	7450 	7699 	7950
6033 	8292
2470 	2680 	6856 	8984
3965 	6037
222 	1581
4436 	4859 	5841 	5876 	9327 	9785 	9810 	9831
2357 	3356
2444 	3855 	4387 	4693 	4754 	5036 	5649 	6288 	8055 	9397
4510
3734
9229
1154 	2024 	3494 	5917 	6793 	7167
2697 	8650
343 	482 	577 	1086 	1198 	2473 	2655 	2997 	4149 	4837 	4992 	5264 	6273 	6961
717 	818 	828 	3464 	4958 	5259 	9417
3333 	8931
1318 	2774 	8266
4147
4448 	8057
2323 	2612
788 	3018 	3038 	6922 	7846 	8560 	9433 	9533
2521 	4468
2062 	2263 	2600 	3151 	3713 	6301 	8824
1266 	8315
75 	3745
4854 	9326
2341 	9329
726 	2167 	2291 	3318 	5996 	8998
9790
5263 	6151
2354 	2967 	6791 	8311
534 	5700 	6511
2187 	2951 	3790 	4671 	7173 	7718 	9371
415 	2444 	2573 	2588 	2605 	3855 	4069 	4354 	5583 	5649 	6288 	8055
3995 	4707
2264 	2403
2370 	2400 	5252 	7134 	8682
545 	680 	2093 	4905 	6028 	6102
455 	641 	898 	1785 	1817 	4074 	4153 	4368 	5026 	5158 	5527 	5804 	8221 	9108 	9840
21 	145 	183 	726 	1133 	1209 	1877 	1911 	2457 	2803 	2993 	3022 	3027 	3579 	3621 	3804 	3975 	4273 	4310 	5050 	5086 	5137 	5147 	5298 	5925 	6220 	6437 	6486 	7031 	7076 	8677 	8924 	9050 	9737 	9743 	9781
420 	1489 	1617 	1640 	2684 	5080 	6217 	6273 	6293 	7380 	7469 	9181
7980
5748
2517
804 	1032 	1114 	1267 	1269 	1306 	1321 	2322 	2394 	2625 	3418 	4481 	4640 	4813 	5339 	5433 	5448 	5770 	7379 	7594 	7905 	8187 	9357
896 	1232 	1523 	1524
287 	685 	1133 	1840 	1877 	1940 	2220 	2679 	2750 	5893 	6900 	7024 	9870
2680 	6856
8393
1228 	1298 	2512 	5351 	7307 	7311 	7866
3346 	4266 	5591 	5615 	6033 	6081 	6703 	7124 	7424 	7889 	8694
145 	2501 	2679 	3621 	4273 	5227 	6555 	9050 	9715
141 	544 	2301 	2620 	8099 	9079
21 	539 	620 	2159 	2160 	2190 	2467 	2824 	2977 	3022 	3693 	4341 	4585 	6136 	6271 	6365 	6652 	6832 	6927 	7648 	7734 	7850 	8934 	9165 	9488
332 	7522 	9765
6710 	7272
6632
2703 	7306
3363 	8531
914 	7186
4079
335 	5617
497 	1135 	1937 	5584 	9278
5993
799
2527 	3935 	9326
3971
4100 	9295
3549 	7440 	7948
1859 	3786 	7946 	8212 	8482 	8917
2870 	4302 	6701 	6713 	6769
1655 	2301 	8878 	8980
2567 	2651 	3493 	4552 	4594 	5282 	6167 	8191 	8532
346 	533 	1051 	1120 	1611 	1837 	2509 	5092 	5614 	6685 	7302 	7946 	8308 	8863 	9736
7409
9869
5008 	5863
495 	651 	1472 	1529 	1960 	2072 	2352 	2800 	3095 	3966 	4186 	4359 	4924 	5008 	5606 	5609 	6397 	6912 	7072 	7201 	7294 	8072 	8662 	9509 	9863
444 	8840
8359
824
5134
2104 	2794 	5058
2307 	2356 	2495
168 	2297 	2863 	3128 	4179 	5028 	5218 	8166 	8911 	9451
2263 	2532 	4490 	6155
1610 	1802 	3248 	4191 	5066 	6588 	7967 	8911
94 	1095 	1941 	2410 	3187 	3207 	3934 	3966 	4266 	4359 	4471 	4546 	7062 	7424 	8012 	8539 	8934 	9509
1381
171 	5154 	5631
79 	111 	643 	2366 	3105 	3117 	3352 	3529 	4488 	4747 	7088 	7914 	8335 	8979 	9241 	9602
727 	1133 	1209 	1360 	1781 	1908 	2434 	2669 	4035 	5137 	5298 	5792 	5864 	6220 	6690 	7024 	7938 	9781
6190
3109 	6519
4148
8220
8180
4399 	5170 	7330
3293 	9518
1892 	2709 	2836 	3526 	4907 	7708 	7744 	8252 	8480
816 	7914
3794 	3795 	5443
1687
1778 	1787 	2771 	3823 	5358 	7075 	7090 	7646 	7663 	7914 	8909
3634
603 	1729 	1778 	1779 	2191 	2934 	3791 	4082 	5174 	5358 	5955 	7088 	7091 	7626 	7646 	9562
1195 	2191 	2882 	3732 	4611 	4935 	6545 	7090 	7422 	7626 	8141 	8885
5641
539 	1061 	1615 	1619 	2669 	2900 	3053 	3108 	3454 	3754 	3844 	4999 	5578 	5739 	6861 	8679 	8785 	9297
2657 	2680 	6159 	6273 	6856 	7489
7601 	9151
811 	1049 	1824 	2067 	2173 	3034 	3415 	3709 	4424 	6670 	8421
1239
2376 	3592 	5303 	5323 	5754 	6087 	6498 	7298 	8281 	8370
5315
545 	712 	1690 	2437 	2492 	2830 	3550 	5249 	6041 	6830 	7915 	8553
1905 	2703 	3648 	6768
8923
456 	6924
341 	456 	974 	1695 	1780 	1941 	1970 	2209 	2788 	2946 	3127 	4033 	4076 	4772 	5058 	6001 	6924 	6927 	7128 	7840 	8058 	8090 	8189 	8271 	8526 	8733 	8778 	9043
7553 	8458
2028 	2099 	2479 	3823 	5957 	6380 	7975 	8458 	8584
2882 	3065 	3091 	3268 	3577 	4264 	4266 	4759 	5473 	5615 	6004 	7889 	8012 	9492
8303 	9869
2176 	2325 	3739 	4506 	4661 	4778 	5778 	6845 	7846 	8286 	9766
1017 	1775 	2080 	2529
63 	744 	862 	899 	939 	949 	1542 	1676 	2296 	2362 	2660 	2770 	2777 	3445 	3554 	3615 	3789 	4668 	5310 	5325 	5403 	5483 	5735 	6106 	6583 	6787 	6872 	6985 	7362 	7450 	7699 	7913 	7950
526 	4696 	7447 	8929
627 	2413 	5069 	6635 	6776 	7858
9727
2195 	4137
3038 	4676
895 	1328 	3706 	5282 	5312 	6475 	8112 	8867 	9243 	9718
2786
2930
5362 	8372 	9240 	9601
318 	1394 	1775 	2095 	2663 	4153 	4909 	5159 	6519 	8513
4524 	5354 	6734 	7776 	9307 	9389 	9675 	9810
1769 	3300 	3787 	7206 	8582
1907 	2518 	2628 	5358 	5395 	7035 	7912 	9869
3234 	5859
3506
307 	8733 	9448
341 	538 	1600 	1671 	1940 	2099 	2818 	4772 	5051 	5906 	6140 	6819 	6900 	7104 	7872 	8090 	8478 	9396 	9700
5846 	5878
4543 	8935
1859 	2982 	4721
385 	1824 	4651 	9712
273 	2702 	3561 	4357 	6562 	7139
1283 	2017 	2370 	2400 	5252 	6636 	6909 	7021 	8372 	8598 	8682 	9091
7383 	9327
5175 	6049
139 	1133 	3295 	4382 	8192 	8779 	9205
823 	4153 	4544 	5868
162 	1929 	2702 	4734 	5085 	5760 	5957 	6519 	7133 	7548 	7633 	7920 	8320 	8365
2564 	7734 	7847
2676 	2893 	5318
5353 	8360
1534 	4230
62 	1326 	2952 	6179
10
1117 	2360 	2753 	2874 	4842 	6184 	6404 	6866 	7683 	8472 	9610 	9829 	9859
3747
324 	2976 	3051 	5027 	5599 	5739 	7209 	7563 	7794
1026 	1364 	1365 	2181 	3303 	3385 	6714 	8048 	8065
750 	903 	1549 	1674 	2821 	2892 	3462 	3775 	4823 	5016 	6108 	7432 	7808 	8166 	8992 	9554
867 	2054 	2422 	3511 	4460 	4659 	5447 	5933 	5934 	6024 	6163 	7828 	7843 	8411
2284 	4240 	4948
748 	2873 	8685 	8700
2452 	4482 	7562
152 	2548 	2611 	2956 	4117 	5954 	7335 	7787 	8730 	9348
3212 	6766 	7681
8520
3125 	3200
6369 	7846
6667 	6971 	7612 	7946 	8739 	9724
806 	1336 	1795 	2352 	2513 	6078 	6971 	8312 	9745
2935
1738 	3763 	4842 	5329 	6036 	6918 	7163 	8473 	9259 	9690
743
768 	1713 	6055
2541 	3041 	4967 	5539 	8371 	8824 	8968
1154 	6996
5998 	8910
908 	2253 	2500 	2513 	3057 	6218 	8841 	9700 	9716
7828
4884 	6458 	6555
722
181 	2187 	2256 	2407 	2706 	3660 	4671 	7017 	7718 	7771 	7812 	8710 	8827 	9820
2115
4341
7416
783 	4402 	5542 	5758 	5882 	6735 	6749
2556
1102 	1152 	4454 	6533 	8229 	8990
1166 	1728 	2729 	4683
1081 	2781 	4924 	9377
191 	4780 	6473 	8311
1756 	3356 	9350
1312 	4342 	4343 	8786
5228 	6394
7044
7238
6247 	7422
586
210 	2878 	3371
2328 	2527 	4053 	7563 	9117
4713 	5803 	6293
257 	333 	334 	673 	971 	1175 	1300 	2782 	4728 	5043 	5289 	5745 	6455 	7600 	8321 	8412 	8872
8412
4937
2234 	2730 	4496 	4691 	4743 	8088 	8765
239 	2855 	5427 	6615 	8562
897 	2429 	4704 	7675 	7768 	7816 	9416
2568 	4728
2329 	4128 	4282 	5196
99 	478 	573 	735 	1234 	1472 	1715 	1722 	1778 	3002 	3485 	3736 	3847 	3934 	3966 	4130 	4195 	4206 	4214 	4215 	4219 	4579 	4759 	5048 	5174 	5685 	5738 	6520 	6555 	6630 	7062 	7665 	8072 	8693 	8753 	9043 	9287 	9488 	9509 	9627
1617
5572 	6273 	7401
589 	4305
6051
1769 	3787 	7123
7517 	7936
1736 	5074 	6532
324 	7148 	7794
93 	1558 	2190 	2858 	6263 	6916 	7338 	9078
696 	7520 	7522
2191 	3610 	5001 	5935 	7777
3497 	4671 	4752 	8151 	9703
1023 	1083 	1802 	9192
7999
868 	1023 	3220 	5290 	7712
8540
919 	6746 	7847
149 	493
229 	627 	3661 	6017 	8553 	8833 	9517
5104 	6813
5244 	6550 	7455 	9861
2699
2352 	6942 	7510
3131 	3832 	6636
189 	3361 	6512 	6572 	6847
4770 	5287
819 	5436
4148 	6823
1635 	3784 	6890 	9038
5598
2360 	2380 	2874 	9829
5164
173 	5997 	7585
9475
8314
9377
7187
4439 	6624 	9870
976 	1446
7842
1576
4484 	7515
2331 	9379
810
978 	1636 	2015 	2017 	2786 	3488 	7658
5324 	5927 	6156 	6357
972 	5662 	5935 	7777
1153
2007 	3621 	5893
5653 	8104 	8852
99 	224 	589 	1462 	2306 	4206 	4215 	4219 	4746 	5737 	6314 	6558 	6560 	8258 	8372 	9594
3855
367 	3855 	5649
816 	908 	943 	1311 	1490 	1652 	2567 	4285 	4812 	5282 	8663 	9760
6816
6731 	9069
7806 	8960
4
246 	309 	578 	1012 	1498 	1926 	2067 	2220 	2762 	2818 	4231 	4362 	4896 	5066 	5103 	5343 	6140 	6772 	6819 	7391 	8816 	8911
2699
2995 	4779 	5103
5488 	5589
7734 	9189
2415 	5248 	7433 	7873
1705 	4572 	5244 	6550
142 	346 	2050 	2791 	3354 	3427 	5293 	6636 	6722 	7741 	7825
2798 	9045
512 	1064 	1073 	1375 	1836 	3899 	6425 	8025 	9081 	9262
114 	1266 	3981
2080 	2518 	3008 	3872 	5002 	6809 	8744
6710 	7040
5797 	5917
1637 	9158
15 	1950 	2335 	5108 	6897 	8922 	9048
1108 	1155 	2002 	2657 	2812 	2875 	4729 	4775 	5393 	5607 	6591 	6747 	8121 	8318 	8951 	9721
982 	1239 	1533 	2451 	2941 	9122
2239 	2796 	4049 	4957 	5420 	6134 	8390
5723
4060
4060
16 	287 	1353 	2167 	2987 	3999 	4235 	4439 	4799 	5407 	6745 	6746 	8641 	8696 	9472
9242
1806 	3395 	6741
4048 	5213
1439 	2727 	4277 	4858 	4889 	6590 	9617
2756 	4719 	5879
5197 	6325
840 	1130 	3301 	3463 	7769 	9457
1111 	2011 	3079 	4967 	5756 	8470 	9178
591 	1836
3610
3965 	5426 	6827
871 	1529 	6397 	7062 	8662 	9863
2712 	3258 	9297 	9823
4207
7557
2882 	3379 	3979 	6549 	7098
545 	889 	2217 	6461 	6462
99 	136 	274 	1050 	1362 	2703 	2805 	2824 	2896 	3022 	3047 	3150 	3758 	4310 	4542 	4902 	6554 	7794 	7946 	8109 	8281 	8934 	9043 	9102 	9187 	9452 	9488 	9724
409 	630 	2226 	5181 	5314 	5483 	5570 	6844 	8919 	9199
346 	1120 	6229 	7058
7634
1744
171 	423 	4543
446 	977 	1019 	1718 	2703 	4220 	4677 	4689 	4895 	5538 	6406 	6768 	7042 	9611
4407 	4408 	7034 	7311 	7866
2875 	5150 	8121
5502 	6102 	6112 	6372
1851 	3844 	4266 	4327 	6617 	8857
7034 	7307 	7866
192 	768 	6101 	6527 	8553 	9079
4792 	4991 	5009 	8327 	8392 	9142
5284 	8113
4675
74 	96
5134
1209 	6437
1301 	5119
3755 	6736 	9126
1582 	2390 	2877 	2895 	3984 	5265 	6377 	6387 	9475 	9793
3391 	3537 	3736
1836
921 	1488 	2179 	6918
840 	3463 	5785 	6623 	6719
2762 	7975
651 	732 	3966 	6423 	6971 	8525
3150
2113 	9820
4399 	5170 	7082
5670
4162 	5067 	5225 	6459
4670
8337
7155 	7787
6382
1780 	2494 	2826 	4130
93 	1558 	2858 	6263 	6916 	7210 	9078
1425 	3953 	4542 	4721 	5668 	6933 	8109 	9097 	9293
1222 	3133 	5731 	6962
1351 	2336 	5733 	9121
2657 	4948 	5509 	6507
255 	1264 	3806 	8863
8328 	8780
2491 	4973
2254 	3634 	6597 	7665
2479 	4973 	5149
222 	970 	4956 	6149 	7687 	9339 	9439
407 	671 	966 	5128 	9197
224 	5034 	6245
2117 	5891
8320 	8673
920 	2464 	6763
1426
264
278 	686 	2402 	2435 	5193 	8270 	9694
6912 	7948 	8404
1916 	2350 	9090
3548 	5217
1095 	1908 	2028 	2197 	2398 	4715
2161 	2364 	2915 	3682 	4810 	4992 	6292 	6293 	7517 	8033 	8964
63 	744 	862 	899 	939 	949 	1542 	1676 	2296 	2362 	2660 	2777 	3445 	3554 	3615 	3789 	4668 	5310 	5325 	5403 	5483 	5735 	6106 	6583 	6787 	6872 	6985 	7111 	7450 	7699 	7950
2179 	2469 	2671 	6611
8543
2812
106 	7508 	8874
47 	732 	801 	871 	910 	2248 	2977 	3590 	3811 	6423 	6514 	6530 	7704 	7946 	8500 	8813 	8885 	9440 	9489
622 	2190 	2613 	8350
1111 	6333
3256
2982 	6974
806 	1666 	6971 	8917
4188 	5661 	6623
1977 	5194 	5195 	9241 	9416
2704
1690 	2002 	6160 	6273 	6591 	8249 	8815 	8875 	8951
6161
6119 	6259
804 	1032 	1114 	1267 	1269 	1306 	1321 	1607 	2322 	2394 	2625 	3418 	4153 	4481 	4640 	4813 	5339 	5433 	5448 	5770 	7029 	7594 	7905 	8187 	9357
1219 	1489 	1617 	1688 	1691 	5616 	6478 	7025 	7469 	8234 	8976 	9181 	9282
159 	5260 	7803
2702 	4452 	4582 	8341
7135 	9327
1531
654 	3105 	5707
4117 	9125
9795
2443 	4140 	4162 	7903 	8214
2962
1702 	2735
224 	2220 	2765 	3621 	4341 	5029 	5826 	6536 	7260 	7618 	7645 	7733
6543
495 	871 	2788 	2989 	3303 	3524 	3871 	4137 	4990 	5197 	5264 	5789 	5925 	6645
1311 	1652
785 	2567 	2821 	2977 	4446 	5282 	8371 	8743 	9165
407 	2400 	2430 	2509 	8308
1076 	1207 	1229 	1314 	1814 	1933 	3096 	3264 	6408 	6512 	6573 	6657 	8642 	9203
55 	1154 	1705 	2479 	2491 	5760 	7638 	7723
4678
6982 	9177
6273 	7203
1660 	2279 	5066 	6366 	8358
5337
4792
520 	1580 	3316 	7406
12 	13 	54 	220 	520 	680 	1154 	3499 	4219 	6561 	7405 	7723 	7785 	8761
2166 	5912
2856 	2925 	8189
1805 	5679 	7059 	7483 	7982 	8582
9179
4748 	5272
3970 	5925
1672 	2753
3240
3476 	8868
375 	2521 	2711 	4468 	4653 	4990 	5731 	6807 	7176 	8228 	8767 	9047
6949 	9554
1157 	6949 	8330 	9554
31 	4135
454 	2398 	4708 	5451
455 	825 	1214 	3700 	3922 	4153 	7423
490 	544 	776 	1170 	1227 	1775 	2771 	4639 	4935 	5009 	5117 	5642 	6324 	6514 	7091 	7188 	7626 	8159 	8164 	9531
455 	1214 	3700 	7421 	9840
711 	735 	1095 	1630 	2410 	4772 	6471 	7035 	7072 	7889
1377 	6767 	7563 	9492
620 	6927 	7706
734 	741 	1961 	2078 	2962 	3913 	6686 	6687 	7910 	8788 	8904 	9588
522 	735 	5739 	8012
1675
64 	1416 	4695 	4844
566 	2786 	6714 	6912
903 	1045 	1388 	1549 	2063 	2903 	2990 	4865 	6184 	6671 	7150 	8096 	8102 	8696 	8806 	8913 	9831
2415 	5248 	7265 	7873
3333 	6276
2105 	3862 	4166 	4457 	4497 	5040 	5769 	7546
997 	1122 	2196 	2328 	2443 	2913 	5277 	6072 	6289 	6414 	7954
985 	3258 	5277 	9442 	9692
4199 	7439 	7768 	9261
4199 	7438
516 	3549 	5415 	7053 	7948 	8318 	8525
2514 	2611
2878 	5034 	5134 	6234 	6245 	8839 	9711 	9736
494 	3259 	3468 	4666 	5099 	5530 	6738
203 	618 	1649 	2323 	2668 	3751 	4875 	5120 	6404 	8770 	8957 	9186 	9307 	9419 	9478
4975 	5407 	5996
1819 	4978 	7758 	9405
286 	4696 	7112 	8865
6148 	7449
6148 	7448 	8533 	9833
63 	744 	862 	899 	939 	949 	1542 	1676 	2296 	2362 	2660 	2777 	3445 	3554 	3615 	3789 	4668 	5310 	5325 	5403 	5483 	5735 	6106 	6583 	6787 	6872 	6985 	7111 	7362 	7699 	7950
3468 	4139 	4797 	5530 	5548 	8976
133 	913 	2442 	6869
258 	575 	1098 	1715 	6926 	9617
944 	4271 	5023
5244 	6550 	7222 	9861
9151
2785 	2786 	4793 	5236 	5287 	6163 	6425 	7586
3947 	4631 	7975
2017 	2564 	2950 	6816 	6867 	7847 	8682 	9348
273
2204 	3038 	4291 	7725 	8103 	8475
1927 	2992 	6049 	8435
2107 	7765
4043 	5575 	9603
854 	4425 	4662
179 	221 	1695 	2252 	2882 	3634 	4111 	4957 	5151 	5420 	6463 	6530 	7949 	7999 	8539 	8733 	8785 	8934
345 	757 	801 	806 	1490 	2512 	2547 	4807 	5106 	5266 	6720 	6742 	7866 	7872 	9148 	9700
2172 	2796 	4191 	4508 	5143 	6852 	9266 	9551
1617 	1688 	1691 	5616 	6217 	6273 	6293 	6478 	7025 	7380 	8234 	9282
1494 	8666
2786
6893
3333 	4237 	6295 	7974
4676 	5563
3743 	4195 	4219 	6314 	7665
325 	678 	2649 	3759 	4420 	5468 	9264
1462 	3848 	4215 	4747
4681
1907 	9557
694 	9693
4267 	4782
2817
5679 	7409
703 	5205
178 	4172 	7498 	7936
4879 	4953 	6448
1233 	4801 	8915 	9721
1712 	5266 	5525 	6133 	6756 	6759
2680 	6273 	7094 	8815
6096
43 	470 	651 	1157 	1179 	1234 	1368 	1544 	1722 	2072 	2622 	3130 	4278 	4924 	4995 	5048 	5116 	5316 	5685 	6458 	8281 	8778 	9103 	9488 	9724
1755 	4742 	4808 	7563
5300 	6109
816 	1893 	2181 	2442 	2463 	3706 	4642 	5112 	5447 	6086 	6404 	7775 	7914 	8081 	8274 	9388 	9447 	9478 	9500
109 	7665
3116 	6085
97 	5853 	8595
178 	7485
323
382 	751 	3693 	3866 	3938 	5792 	6521 	9076
4527
1722 	5008 	6554 	6912 	7875 	8890
4906 	8340
3150 	9360
5089
1026 	1408 	1610 	2649 	2972 	5416
887 	1967 	7983
106 	7366 	8874
75
268 	287 	785 	1768 	2067 	2352 	2400 	5282 	5606 	5823 	6942 	7224 	8371 	9760
3423 	7656
2087
6729
4851 	5299
306 	4182 	4484 	4585 	6569 	7243
7936
7207 	7361 	7936
8767 	9178 	9471
5074 	7526 	8086
660 	3557 	7211 	7522
8250
332 	660 	696 	787 	1348 	3557 	5254 	7039 	7211 	7520 	7879 	9765
336 	4568 	9580
158 	2992 	3835 	4994 	5952 	5995 	6890 	8254
3865
5074 	7519
328 	701 	4674 	4680 	4840
3536 	8602
3435 	4123 	4395 	4406 	5340 	7532 	8040 	9291 	9660
1407 	4355 	4386 	4518 	4519 	5145 	5961 	6307 	8591 	8709 	9011 	9526 	9613
3681 	9579
4395 	7529 	8040 	9660
4089 	6315 	8250
3284 	3742 	3979 	4556 	6324 	8831
609 	2135 	2535 	4296 	4554 	8060 	8549 	8942 	9034 	9811
1907 	3406 	3741 	3745 	4219 	4353 	4759 	5095 	5317 	5377 	5602 	5802 	5941 	6029 	6185 	6198 	6283 	7537 	7543 	7668 	8048 	8064 	8509 	8589 	8657 	8853 	9007 	9649
2588 	3739 	4353 	5377 	5384 	6283 	6463 	7536 	8853
3629 	5373
8588 	8620
2589 	3334 	5202
8056
3282 	3516 	3540 	3674 	4095 	4200 	5092 	5095 	5376 	6320 	7652 	8587 	8588 	8620 	8661 	9583
5317 	7536 	8509
5988
2090 	2665 	2697 	2699 	4561 	9165
477 	1128 	2105 	4166 	7435 	7599 	9026 	9789
5085 	6519 	9132
3736 	4025 	4084 	7139
3516 	5095
3729 	4578 	7659
2574 	2598 	3974 	4055 	6181 	6388 	9762
5259 	8793
7105 	8458
2524
377 	1923 	2231 	2274 	2897 	8261
377 	2231
2948 	5179 	7297
357 	2683 	6855
820 	1769 	2758 	2869 	3773 	5687 	5811 	7927
9074
4594 	8191
4482 	7154
75 	269 	1315 	2338 	4383 	4396 	4742 	4808 	5027 	5036 	5293 	5917 	6430 	6775 	7148 	7191 	7425 	7492 	8100 	8144 	8193 	9333 	9361 	9714
984 	1891 	3485 	4547 	6846 	9151
6254 	8496
1203 	1305
544 	6232
6906 	8014
829 	7570
829 	1514 	1593 	5556 	5667 	6069 	7569 	8801
908 	5168
619 	1036 	2392 	2636 	3155 	6784
4452 	4676
2959 	9403
3401
401 	490 	757 	808 	1206 	1326 	2366 	2513 	3105 	3358 	5261 	6179 	8145 	8416 	8905 	8937
12 	13 	1011 	9699
3123 	3610 	4902 	5263 	8524 	9043
5998
1543 	2567 	4944
4748 	9469
5809
2923
1781 	1842 	5474 	7977
173 	5997 	7234
2333 	2786 	6425 	7457
615 	1056 	3419 	5210 	6082 	6475 	7702
1108
28 	718 	2753 	4335 	4414 	5206 	6136 	6144
4414
6201
1063 	2167 	2689 	4043
2882 	4741 	6549
804 	1032 	1114 	1267 	1269 	1306 	1321 	2322 	2394 	2625 	3418 	4481 	4640 	4813 	5339 	5433 	5448 	5770 	7029 	7379 	7905 	8187 	9357
3308
1518
2360 	9147
5287
477 	1128 	2105 	7546 	9026 	9789
2782 	7193
1574 	3683 	4687 	4992 	5466 	5579 	5646 	5647 	7095 	7906 	9151
1137 	1747 	3421 	6827
3484 	5263
572 	5113 	8390
575 	1098
5938
307 	1279 	2058 	3226 	3560 	4254 	7717 	7728 	7848 	8127 	9371
9013
2579 	5960
8055
2024 	6123
263 	1879 	2786 	2805 	3022 	3366 	6667 	6710 	6971 	7160 	8739 	9724
34 	2379 	4148 	4215 	4400 	5897 	6100 	8609 	9201
423 	508 	1118 	1328 	3028 	3375 	5732 	6377
692 	918 	2284 	2499 	4240 	4948 	5914 	7638 	8276 	9134
1578 	4245 	7801
72
90 	4341 	5826 	6282 	6536 	7391 	8413
3713 	6921
6829
196 	1993 	5171 	5462
2225
4323
2181 	2990
1655 	2301 	8711 	8878
1195 	2191 	3354 	4935 	5129 	6413 	7090 	7091 	7422
2216 	5271
255 	627 	3341 	5216 	5512 	6082 	6210 	8714 	9098
8328 	8780
2529
2093 	8481
4633 	5915 	6651 	6888
4718 	7139 	8365
7303
1995
2913 	7903
1511 	1596 	2314 	2792 	4780 	5104 	6791 	6813 	8311 	8663 	9169 	9210
2284 	2479 	5914 	7398 	7615 	7723 	8276
2218 	9711
2775 	5183
3534
3937 	4644
1887 	5425
2626 	3537 	3797 	8702
158 	5158 	5407 	5517 	6606 	7391 	7663
1778 	1779 	2933 	3824 	5138 	7088 	7090
1007 	5070
2160 	2824 	4585 	7038
2713 	3824 	3996 	6002
7912
3074 	6918 	8625 	9086 	9223
3674 	7542 	8587
888 	1277 	2567 	3356 	3842 	4780 	6823 	6836 	7654 	8311 	8663 	9169 	9210
4780 	4905 	7653 	8311 	9210
3541 	7659
2697 	2732 	3423 	4675 	4896 	5074 	5095 	5612 	5976 	7511 	8065 	8650 	9004 	9312
9613
924 	997 	1282 	1459 	1636 	2017 	2502 	2560 	2573 	3689 	4156 	4211 	4344 	4543 	5217 	5824 	6867 	7246 	7849 	8612
3541 	3861 	5340 	7550 	7655 	8548
222 	478 	2228 	3269 	3281 	3654 	3671 	3722 	3741 	4088 	4093 	4243 	4746 	5603 	5678 	5984 	6397 	8507
3344
3440
489 	490 	1374 	1787 	7088 	7645
1722 	1935 	2072 	3552 	4924 	5008 	5009 	5302 	6912 	8890
109 	3724 	3828 	3990 	4068 	4123 	4195 	4215 	4219 	4321 	4759 	6552 	7201 	7346 	7475 	7495 	7768 	8548 	8820 	9627 	9704
310 	3680 	6308
218 	6278
18 	300 	2182 	3228 	3284 	3285 	4202 	4419 	5983 	6029 	6341 	6349 	7536 	8650 	9285 	9558 	9579
4092 	6148 	9006
3655 	3743 	4250 	5980 	6449
6287
3130 	3432 	3535 	3629 	3722 	4069 	4106 	6029 	6355 	8943
2185 	3950 	6326
1929 	2477 	4621
7198
2669 	5579 	5739 	6679 	8728 	8729 	9871
801 	1877
75
1531 	2291
8387
3212 	6766 	7156
687 	742 	872 	3883 	5601
1837 	2360 	2753 	2874 	3084 	6365 	6404 	7146 	7684 	9040 	9829 	9859
7683
9187
1023 	2168 	3027
222 	610 	2292 	2432 	3889 	4238 	4444 	5219 	6149 	7348 	7688 	7689 	7774 	9359
222 	610 	1186 	2432 	3081 	3237 	4444 	7687 	7689 	8592 	9359
7687 	7688
3742 	4071 	8240 	9023
96
3822 	5859 	6513 	9437
3802 	8371 	8824
833 	877 	5584 	5585 	5633 	6920
9757
2074 	5284 	8113 	9428
2329 	9746
246 	621 	720 	916 	1016 	1571 	1861 	2193 	3205 	4119 	4159 	4744 	5058 	6379 	6489 	8138 	8239 	8691 	9505
63 	744 	862 	899 	939 	949 	1542 	1676 	2296 	2362 	2660 	2777 	3445 	3554 	3615 	3789 	4668 	5310 	5325 	5403 	5483 	5735 	6106 	6583 	6787 	6872 	6985 	7111 	7362 	7450 	7950
371 	1298
520 	1358
3419 	6082 	7587
992 	2344 	4643 	6095 	6538
651 	732 	739 	2248 	3171 	3592 	3811 	4688 	4772 	5003 	6514 	6530 	7367 	8525
1319 	1774
620 	5104 	6535 	6764 	7426 	9866
135 	871 	4407
2709 	7084 	8252
884 	6540 	6839 	9310
4720 	7955
8090 	8290 	8411 	8881 	9173 	9451
754 	868 	1072 	2908 	3220 	5796 	7216
921 	2469 	4609
2611
665 	5879
1756 	3816
7607
2187 	4671 	7017 	7173
6059
152 	8469
602 	871 	1362 	2896 	2982 	3291 	3590 	6024 	6163 	6554 	7734 	8068 	8106
921 	2469 	4609
512 	1008 	1154 	1375 	1483 	1507 	1632 	1705 	2122 	2479 	2491 	2757 	2780 	2889 	2955 	3087 	3806 	4973 	5002 	5030 	5188 	5760 	6260 	6494 	6854 	7398 	7406 	7638 	7785 	8123 	8531 	8761 	8907 	9280
383 	1594 	2070 	2094 	3126 	3600 	9306 	9394
7461 	8103
918
762 	2696 	3384 	4504 	7867 	8775
1847 	3226 	3560 	7607 	9080 	9371
2328 	2391 	2804 	3426 	8724 	9117
1611 	3298 	6531 	6587 	6853 	8179
4299 	5307 	8060
2386 	5235
21 	1044 	3621 	5893 	7391
94 	2564 	2704 	3590 	4484 	7038 	7140 	7264 	7721 	7847 	8325 	8371 	9189 	9293 	9603
2564 	2704 	7847
9193
6269
2316
6030
3339 	4497
142 	346 	3427 	5293 	7267
755 	1621 	1932 	3140 	5250 	6260 	6381 	6475
1611
936 	1892 	2836 	3466 	3526 	4907 	7084 	8480 	8769
1127 	3534 	6848
981 	1374 	8365
1873 	1897 	3658 	5734 	7852
1763
2424 	2544 	4413 	4479 	8220 	8684
1429 	3660
736 	5428 	6163 	9332
503 	771 	1674 	2827 	3529 	4619 	7759 	9355
375
412
857 	1095 	3594 	4277 	4484 	5060 	5793 	8185 	9486
2647 	4990 	8535 	9490 	9513
3038
921 	1819 	5476 	7446 	8000
503 	7752
3926 	9862
9417
307 	341 	1549 	1695 	2238 	3420 	4011 	4802 	5051 	8085 	8189 	8526 	8733
539 	1851 	4266 	8762 	8934
704 	8547
2107 	7463
1063 	1637 	1917 	2221 	2620 	2657 	3608 	5068 	9182 	9721
188 	6385
1633 	2429 	2565 	3019 	3138 	3145 	3944 	4415 	5712 	6074 	6421 	6974 	7198 	7438 	7665 	7816 	7847 	8369 	9261 	9385 	9704
840 	3463 	7289
6347 	8704
4671 	7173
908 	3510 	4462 	6239 	7999 	8841
9409
7687
2442 	5112 	6404 	7494
498 	509 	1672 	2168 	2466 	2753 	5681 	6504 	7122
972 	1673 	2191 	3732 	5001 	5662 	5859 	5935 	6258 	6378 	7212 	7248 	9537
5669
3177 	5020 	5801
3177 	5020
838 	2315
8768
3354
1245 	3354
54 	220 	680 	1968 	2757 	7406 	7723 	7952 	8761 	8971
653 	3356 	4300
152 	1095 	1151 	2263 	2515 	2548 	2551 	2956 	3038 	5082 	5368 	6907 	7155 	7335 	8209 	8469 	8742
8768
8169 	9808
488 	4044
1834 	2556
4118 	4402
7952
99 	324 	976 	2152 	3117 	5027 	5772 	6163 	7148 	7209 	7300 	7946 	9187 	9188
4047 	4408 	4665 	5887
4447 	8846
1334 	3926 	5089 	5704 	7833 	9405
886 	4065 	8469
1820 	5008 	6912 	9327 	9548
5204
1578 	4245 	7616
3718 	4898
159 	3125 	4259 	5260 	7381 	8182 	9420 	9457
4789
94 	4227 	4949 	8301 	9390 	9603
7258
2472 	3495
3775 	7150
8869
3947 	4631
5656
7173 	8827 	9820
738 	917 	1111 	2070 	2305 	9443 	9444
474 	1930 	2825 	4397 	4669 	4765 	5217 	6555 	6810 	8204 	9711
3924
73 	814 	1935 	2080 	2123 	2429 	2793 	3086 	3145 	3336 	3549 	5447 	5712 	5848 	5881 	6074 	6738 	7198 	7768 	8262 	9163 	9409
1249 	2941 	3698 	4063 	4724 	5134 	6963 	9853 	9873
2843
4857 	4929 	5039 	6342 	9572 	9643 	9798
5536 	9415 	9431
3016
2578 	4857 	6342 	9572 	9798
1435 	4274 	4685 	6107 	8784
5208
6722 	7267
8568
2543 	4408
4460 	7151 	7170
3938 	8132 	8909
573 	9333
3472 	9234
5571 	6276
371 	649 	1187 	1334 	1489 	1888 	2084 	2401 	3926 	5089 	5704 	7797 	8888 	9349 	9405 	9496 	9862
3194 	8015 	9376
3354 	6413
4537 	5541 	6865 	8254
239 	725 	2122 	4341 	4452 	6260 	6554 	7867 	8702 	8890 	8910 	9874
651 	2472 	4111 	6923
3185
7104
1798 	9301
160 	230 	382 	981 	1585 	2028 	2538 	4381 	4394 	6072 	6672 	6832 	7241 	8934 	9691
3038 	4549 	5290 	5933 	6104 	6731 	6959 	7151
78 	735 	1428 	2028 	4772 	4999 	5117 	6555 	6714 	6880 	6914 	7889 	7912 	9492
3440
788 	832 	926 	1014 	1511 	2176 	2325 	2558 	2746 	2792 	3018 	3038 	3739 	3868 	4470 	4506 	4661 	4670 	4778 	5778 	5795 	6142 	6369 	6813 	6845 	6922 	7005 	7109 	7159 	8286 	8311 	8680 	9433 	9533 	9766
444 	815 	919 	930 	2028 	2334 	2548 	2551 	2564 	2565 	2704 	3185 	3488 	3590 	4061 	4484 	4806 	5049 	5050 	5606 	6642 	6647 	7140 	7218 	7459 	7734 	7735 	7768 	8753 	9293
307 	2238 	2304 	2609 	3560 	6269 	7607 	7902 	9693
4543 	7658
444 	1887 	2160 	2360 	2743 	2824 	2874 	2977 	3356 	3675 	4585 	5222 	6365 	7038 	7889 	8753 	9165 	9603 	9829
3173 	9368
7747
8408 	8817
2133 	8461
659 	4867 	9239
2509 	5267 	7866 	8308
6707
627 	2413 	5069 	6635 	6776 	7113
421
2184 	3663
3543 	5073
9808
3927 	4528 	6235 	8516
2644
1229 	6511
806 	1228 	1490 	2509 	2512 	4807 	5401 	6720 	7034 	7307 	7311 	7467 	7856 	8308 	9148 	9755
762 	2696 	3384 	4504 	7727 	7837 	8775
5648
2142
1012 	6802 	9425 	9824
5563
538 	757 	1600 	1671 	2513 	3008 	3604 	3634 	5326 	5748 	6260 	6859 	7128 	7467 	7933 	8133 	8251 	9298 	9870
2415 	5248 	7265 	7433
6689 	8734
6912 	7502
609 	6156 	6636 	9332
5 	964 	8097
2332
697 	968 	3557 	4138 	5268 	6053 	7522
222 	346 	406 	3168 	4027 	5626 	6869 	7881 	8308 	8786
222 	346 	5659 	6869 	7880 	8308
3792 	4472 	8768
2099 	2609 	3545
4589 	5053 	6975 	7979 	8101 	9131
1891
511 	4634 	5870 	8363
4583 	4667 	8456 	9213
982 	1655 	2301
94 	331 	522 	735 	1908 	1941 	2028 	2410 	2669 	2824 	2900 	3207 	3693 	3938 	4176 	4585 	4759 	4772 	4820 	5151 	5299 	5615 	5739 	5792 	6075 	6183 	6458 	6861 	6880 	7035 	7107 	7424 	7844 	7850 	7938 	8012 	8132 	8400 	8456 	8476 	8539 	8883 	8983 	9492
482 	1018 	1198 	4992 	8606
8777
3076 	9417
1415 	2548
5323 	6694
509 	2709 	6144 	6145 	6607 	6781 	9391
8964
5371
3629
2582 	9578
369 	9651
3284 	3979
307 	2238 	3560 	3945 	6269 	7848
2744 	2913 	5141 	5784 	7388 	7636 	8214
5109 	5334
804 	1032 	1114 	1267 	1269 	1306 	1321 	2322 	2394 	2625 	3418 	4481 	4640 	4813 	5339 	5433 	5448 	5770 	7029 	7379 	7594 	8187 	9357
7601 	9151
115 	222 	723 	750 	1416 	1461 	1563 	1818 	1972 	2156 	2206 	2709 	3008 	3197 	3793 	4341 	4630 	4676 	4760 	5141 	5279 	5622 	5624 	5784 	6412 	6422 	6517 	8081 	8251 	8531 	8571 	8809 	9000 	9390 	9448 	9531 	9731 	9804
4152 	4731 	7945
978 	2328 	2417 	2564 	2704 	3009 	3610 	8177 	8664 	8807
83 	224 	478 	741 	1215 	1344 	1887 	1961 	2078 	2080 	2505 	3013 	3775 	3913 	4754 	5007 	5518 	5669 	6687 	6786 	7427 	8904 	8905 	9095
154 	1638 	1897
737 	776 	1474 	2611 	2628 	2772 	3279 	3524 	3823 	5139 	5673 	5867 	7124 	7650 	7844 	7938 	9076 	9869
769 	4153 	4635 	4714 	5357 	5911 	7111 	7988
57 	490 	816 	3105 	4125 	5435 	5869 	6404 	6970 	7075 	7085 	7088 	7494 	7914 	7920 	7947 	8314 	8365 	9455
1690 	6830 	7100
186 	2497 	4234 	5354 	9307
3777 	9173
4229 	5116 	5863
823 	4024 	4156 	4544 	5671 	6514
1929 	2662 	4024 	4148 	4215 	5138 	5869 	7139 	7914 	8167 	8365 	8530
685 	2099 	2609
6902
3354
731 	5275 	9172
2182 	8503
224 	2010 	5990
1769 	2759 	2928 	5691 	7559
743 	4808 	5075 	6593 	6596
4234
5057
913 	5182 	8472
3114
3347 	5326 	5748 	6859 	7872 	8133 	9298 	9870
2 	102 	464 	724
21 	1540 	3027
5214 	7207 	7485 	7516 	7517
343 	2655 	2997
857 	871 	1781 	1930 	2340 	2669 	2977 	3512 	4022 	4140 	5226 	5579 	5766 	5792 	6072 	6471 	7076 	7889 	7912 	8419 	8539 	9076 	9451 	9492 	9735
1383
3720 	4331
5135
4512 	5443 	9742
735 	8077
4283 	9383
7908
99 	653 	732 	801 	875 	910 	926 	1820 	1859 	2480 	2799 	3022 	3356 	3786 	4336 	4661 	4806 	4969 	5335 	6163 	6514 	6647 	6667 	6859 	7054 	7058 	7160 	7300 	7367 	7794 	8008 	8106 	8308 	8766 	8916 	8917 	9488 	9724
57 	7914 	9073 	9382
732 	1490 	1775 	1826 	1827 	1960 	2072 	2435 	3549 	4101 	4190 	5008 	6190 	6681 	6912 	6971 	7053 	7357 	7440 	8151 	8262 	8404 	8525 	8657 	8885 	9327 	9409 	9548
481 	573 	801 	1014 	1695 	1877 	3358 	3373 	3886 	4111 	6647 	7466 	8188 	8733 	8934
63 	744 	862 	899 	939 	949 	1542 	1676 	2296 	2362 	2660 	2777 	3445 	3554 	3615 	3789 	4668 	5310 	5325 	5403 	5483 	5735 	6106 	6583 	6787 	6872 	6985 	7111 	7362 	7450 	7699
2357
2068 	2351 	3813 	4263 	4274 	5400 	7785 	7793 	8469
1421 	1695 	1941 	2209 	4076 	4179 	6183 	6924 	8058 	8909
1122 	3830 	7436
2099 	3578 	4605 	4720 	7710 	8268
26 	1502 	2763 	4172 	8582
8778
5217
5333 	8582
8995 	9270
466 	1956 	2793 	5600
489 	605 	1787
2934 	7968 	8181
285 	3911 	6733 	8263
863 	1285 	2162 	2870 	4816 	6303
1217 	8487
1802 	4191 	5907 	7071
440 	490 	1374 	2203 	2934 	3547 	4599 	5280 	5356 	7963 	8181
6480 	8361
5041 	8169 	9816
239 	331 	1500 	2238 	2291 	2340 	2588 	2824 	2855 	3871 	6861 	6915 	9076
856 	2412 	8928 	9327
5802 	6108
377 	459 	499 	570 	681 	749 	1108 	1547 	2161 	2252 	2260 	2756 	2817 	3341 	3776 	4975 	6293 	6656 	6673 	6829 	7473 	8101 	8265 	8614
2099 	2762 	2806 	3947 	4583 	4592 	4631 	5543 	7106 	7326 	7458 	8806 	8816
1408 	2649 	5095
1781 	1842 	4015 	5474 	7584
8717
1991 	2904 	4108 	4589 	5053 	7884 	8001
2901 	5324 	7026
275 	606 	1787 	2619 	5138 	6943
27 	81 	178 	4172 	7409
887 	1967 	7507
9272
3193 	5560
1101 	2880 	4309
348 	2089 	9557 	9785
3416 	4616 	7913
115 	620 	871 	2744 	3065 	4266 	4983 	4985 	5036 	5606 	5739 	6072 	6073 	9076 	9106
3573 	9632
9131
435 	2901
3043 	4777
4023
232
60 	528
8063
5632 	6964
179 	323 	327 	573 	908 	1351 	1352 	1775 	1781 	1853 	3199 	4625 	5416 	5564 	5859 	6463 	6894 	6953 	6959 	7215 	7466 	7772 	8066 	8841 	8978 	9131
7758
5053 	7979
4558 	6751
1108 	2817
2907 	8180 	9837
616
8011 	9329
4515
732 	7946 	9327
2837
9554
1636 	2671 	8006 	9329
522 	735 	2028 	2410 	2788 	2882 	3258 	3693 	3934 	3970 	4264 	4471 	4715 	5473 	5739 	6397 	6880 	6937 	7072 	7107 	7428 	7889 	8456 	8476 	8539
5454
6906 	7568
3194 	7834 	9376
1935 	5291 	5447
8178 	8268
2022 	2778 	8147
3433
1385 	1411 	2286 	3543 	6668 	9323 	9328 	9600 	9602 	9682
8065
5381
2118 	5655
117 	674
813 	1442 	1856 	2099 	2609 	2913 	3442 	3545 	3988 	4341 	4452 	4788 	4983 	7269 	8214 	8768 	8976 	9081 	9159 	9262
1424
4471
99 	3514
5947
4255 	4575
5806
2268 	6491
1452 	2161 	2717 	2756 	2817 	3680 	4435 	4810 	6293 	7361
1468 	8295
8657 	8945
4321 	4517
741 	2078
5856
4321
5650 	7529 	7532 	9022
6324 	9810
4068
3775
6466
5138
481 	1497 	3161 	3202 	3453 	3614 	3870 	4195 	4211 	4215 	4218 	4219 	4754 	5990 	6559 	6561 	8259 	9654
3614 	4752 	9627
1364 	5095 	7149 	7536 	8065 	8589
3541 	9663
3281
3672 	4376 	5901
71 	5675 	5784
3312 	5374
8945
415 	3224 	3855 	4069 	4347 	4387 	4516 	5381 	5777 	6288 	6992 	7018 	7610
1832 	3985 	5144 	7541
4448 	7003
1695 	1941 	2209 	3481 	4076 	4179 	6075 	6183 	6924 	7104 	7953 	9043
4388 	5969 	8847
913 	4299 	4407 	5307 	6192 	7535 	7731 	8549 	8605 	9034 	9286
8221 	9740
459 	500 	2817
7997
5377 	7536
1364 	2732 	2763 	2786 	3631 	3656 	5095 	5197 	5774 	5871 	6278 	7149 	7656 	8021 	8048 	8866
327 	4976 	5693 	5828 	7999
9216
1109 	1490 	1722 	2112 	2208 	2982 	3953 	4231 	7721 	8085 	8991 	9050 	9279 	9338
2494
8154 	9084
9698
651 	1472 	3091 	3966 	4896 	5685 	6975 	7062 	7201 	9509
4648 	8683
2006 	5255
1115 	3908 	4242 	4449 	6223 	6433 	8834 	9838
8785
329 	735 	2824 	7943
554 	698 	1537 	1957 	5241 	8203 	8227 	9381
1762 	4964 	6426
1846 	5084
2154 	2223 	2901 	3125 	3497 	4748 	5437 	5447 	5622 	6120 	7494 	7907 	9448
3125 	5622
1924
1770 	2098 	8899
307 	1549 	6263 	7762 	8068 	8991
2454 	7519 	9688
9134
2730 	5350 	7196
4436 	4859 	5841 	5876 	6552 	9785 	9831
7104 	7128 	7711 	9173 	9495
8214
8290
599 	6007
5097 	8115
2581 	2817 	5263 	6776
5330 	7432
5 	964 	7877
8692
7037
1315 	7563
1108 	2703 	4589 	7884 	7974
2063 	2903 	2990 	7432
2204 	3154 	4470 	7461 	7725
5653 	7251 	8852
270 	3879
1362 	1529 	1820 	2311 	3886 	4270 	4471 	4688 	6024 	6163 	6652 	6971 	7721 	7946 	8731 	8917 	9102 	9488
9151
4872 	4984 	8279
737 	826 	1362 	2703 	3022 	3284 	4310 	4741 	6024 	7300 	7339
5296 	6386
3273 	8917
1328 	3669 	3706 	5312 	7117 	9243
377 	736 	1703 	2074 	2231 	2274 	2878 	3856 	4974 	5284 	6191 	6203 	7314 	7696 	9428
5576 	8121 	9105
1944 	4351 	5097 	6396 	8094
6064
195 	960 	1250 	1637 	5285 	6890 	8223
1907 	3991 	4211
1427 	8556 	8985
5149 	8553
141 	217 	1017 	1275 	1627 	1775 	1848 	1898 	2423 	2529 	2812 	2875 	5148 	5150 	5506 	5576 	6017 	6747 	6824 	7276 	7308 	8114 	9105
33 	545 	1748 	6102
512 	1375 	1483 	2889 	2955 	6260 	6494 	7723
490 	613 	8716
984 	3485 	4748 	8157
544
194 	307 	2058 	2878 	3518 	3811 	5264 	6020 	6023 	6025 	7607 	8375 	8911
6829
3356 	3913 	5491 	5495 	6082
2874 	8319 	9829
8326
56 	94 	522 	735 	1940 	1941 	3258 	3938 	3970 	4546 	4715 	5739 	6880 	7829 	7889 	8298 	8539 	9492
5326 	7872 	7933 	9870
2277
627 	9168
2357 	2811
904 	984 	3485 	5228 	9151
246 	621 	720 	916 	1016 	1861 	2193 	3205 	3415 	4119 	4159 	4744 	5058 	6379 	6489 	7698 	8239 	8691 	9505
5681 	5807
1150 	2883 	9458
1017 	2376 	2421 	2882 	3979 	4990 	5346 	5702 	7091 	8593 	8752 	8885 	9476
2400 	4840 	5917 	6695 	8892
5152 	5275
1236 	1839 	2543 	4808 	5917 	7563
490 	808 	3105 	5261 	7576 	8416 	9565
1224 	5508 	9755
290 	2022 	2113 	2778 	2892 	4131 	8018
200
687 	872 	2080 	3883 	5478
4495
99 	1775 	3497 	4219 	4345 	4747 	4753 	4759 	5990 	6312 	6551 	7213 	7948 	9703
833 	9129
467 	2473 	4215 	4342 	8881
8070 	9084
213 	416 	620 	3996 	5350 	9468
6267 	8541
984 	1466 	1607 	3485 	4362 	4748 	5221 	5605 	8125 	8358
2554 	6538
2858 	3138 	4024 	4989 	5009 	5116 	5117 	6580 	6878 	7422 	8860
4597 	6310 	9356
1868 	5116 	5117 	5118 	9209
1736 	1791
581 	3901 	4193 	5847 	9141 	9493
7422
957 	2023 	2107 	4059 	4069 	9071 	9659
2125 	2297 	2863 	3128 	3345 	4179 	6005 	7069 	7150
4024 	5138 	7920
9076
1384 	3059 	3103 	5041 	7789 	7970 	9808 	9816
1733 	6098
4404 	4824 	6035 	6628 	8645 	9088
2533 	2967 	9391
410 	4278 	5121 	5916 	6090 	6738 	9724
12 	5490 	6643
352 	467 	2473
2967 	4306
2328 	7909 	8807
3033 	3169 	5191 	5238 	6873 	8017 	8268 	8719 	8722 	9227
1033 	1936 	5089 	5823 	5840 	6587 	7730
435 	1123 	2907 	5629 	7081 	8004 	9837
440 	2769 	2934 	3232 	4153 	4628 	5154 	6006 	7963 	7968 	8907
3125 	3301 	4259 	7803 	9457
2170 	4880 	6717
918 	1849 	8810 	9734
411 	1209 	2434 	4484 	5177 	6437 	6690 	7755
399 	3821 	9270
804 	1032 	1114 	1267 	1269 	1306 	1321 	2322 	2394 	2625 	3418 	4481 	4640 	4813 	5339 	5433 	5448 	5770 	7029 	7379 	7594 	7905 	9357
562 	785 	871 	910 	2518 	3241 	3356 	3358 	3600 	6163 	6397 	6597 	6646 	6738 	7949 	8274 	8885 	9298
1695 	1907 	2025 	2209 	2518 	3020 	3693 	4772 	5205 	6220 	7104 	7408 	7762 	8224 	8733
5032
4543 	4594 	6167 	7057 	7561 	8616
139 	1133 	7137
4022 	4742 	4808 	5917 	7563 	8353 	9333
2137
8778
2326
741 	1362 	1961 	2078
6833
2016 	4179 	5391 	9388
487 	1855 	2553 	8247
1070 	3749 	3770 	4251 	4354 	4407 	5129 	8735
3356
554 	698 	1537 	1957 	5241 	8078 	8227 	9381
474 	4397 	7814
1731 	1732
2195
8892
281 	402 	8332 	9066
152 	5368 	6895 	7787
181 	2462 	3292 	4805
51 	9111 	9193
7054
1964 	3147 	3196
115 	865 	3035 	3935 	4140 	4266 	4452 	5398 	5450 	7388 	7903 	8025 	8091 	9173 	9196
6539 	6632 	6719
1493 	2237
8280
436 	743 	4742 	5482
2730
468 	691 	709 	1807 	2424 	2544 	4413 	4479 	7080 	7749 	8668 	8684 	9180
373 	1202 	4192 	5527 	5804 	7023 	8061 	8976 	9740
4806 	9333
2 	488 	863 	8117 	9228
341 	1050 	2313 	3176 	3602 	4033 	5048 	5141 	5868 	6222 	6352 	6363 	8189 	9380 	9731
3243 	8855
1924
554 	698 	1537 	1957 	5241 	8078 	8203 	9381
157 	351 	375 	542 	956 	4080 	4904 	5113 	5258 	5595 	7416 	8304
1102 	7179
2397 	9617
912 	4526 	9261
4567
3291
1617 	1688 	1691 	5616 	6478 	7380 	7469 	9282
6318
5705 	9837
431 	2892 	6698
3447
246 	621 	720 	916 	1016 	1861 	2193 	3205 	4119 	4159 	4744 	5058 	6379 	6489 	7698 	8138 	8691 	9505
429 	3637 	3742 	3986 	4071 	7690 	8501 	8617 	9023
3204 	4965
5290 	6829
934 	2164 	2353 	4421 	5034 	5328 	6903 	9052
5490
2301 	8878
548 	618 	745 	3185
36 	674 	2002 	2553 	3713 	4235 	6087 	6773 	8200 	8951
91 	228 	3073 	6402
6160 	6273 	7376 	8815
4089 	4320 	4456 	7521 	7533 	9070
750 	984 	1607 	1911 	3008 	3669 	5392 	6517 	6608 	6866 	7872 	7907 	8809 	8914 	8924 	9151
2709 	7084 	7708
446 	5538
3835 	4537 	5541 	5995 	6865 	7524 	7836
5263
4206
48 	3299
1462 	4215 	6558 	6560 	7252
478 	1170 	3848 	3870 	3918 	4207 	4215 	6552 	6555 	8046 	9627
1034 	4394
7555 	8374
263 	361 	732 	1837 	2037 	2123 	2352 	2648 	3549 	3757 	4589 	6738 	6796 	7816 	7948 	8752 	9409 	9864
285 	4057 	6416 	6492 	6733 	7964 	9028
1751
7974
264 	1318 	2774 	5162 	5426 	5752 	6453 	6524 	7001 	8309 	9723
1722 	1723 	1803 	3002 	3029
2099 	7955 	8017 	8178
167 	1314 	2968 	4738 	4790 	4791 	5297 	6502 	6590 	6972 	8275 	8707
278 	2402 	5193 	5195 	5261 	5262 	7356 	9694
3127 	7104 	9451
1753 	3886 	6148
1037 	1150
583 	816 	2554 	2601 	3241 	3738 	4103 	5197 	6548 	7494 	8188
167 	2968 	4791 	8269
2284 	5914 	7615 	7638
69
1242 	1656
4872 	4984 	8108
2268 	2372 	8217
773 	2703 	3022 	3592 	4310 	4341 	4839 	7098 	7300 	7491 	8655 	8778 	8959
5601 	6094
5492
171 	1837 	2135 	2329 	2736 	2738 	2755 	2792 	2927 	3758 	4248 	5004 	6776 	8569 	8758 	8760 	9018 	9544 	9746
1220 	5046 	9494
832 	2176 	4506 	5778 	7109 	7846 	8680 	9766
22 	5605
2608 	4174
1298
6883 	7711 	8092 	8355 	8374 	8411 	8881 	9173 	9804
5151 	6397
355 	2143 	2813 	3065 	6033 	6986 	8695
1094 	4867 	9239
4212 	6555 	8571
1468 	8034
3323 	5715 	8298
1741 	1942 	2339 	4845 	4848 	5040 	6776 	9325 	9526
3614 	4848 	5715 	8132 	8296 	9627
400 	1787
94 	8753 	9603
94 	345 	359 	1014 	2545 	2563 	2669 	2902 	3207 	3750 	4014 	4227 	4709 	4876 	4949 	4989 	5151 	6463 	6724 	7805 	8753 	8908 	9390 	9603 	9604 	9739
94 	2669 	9603
7108 	8489 	9869
1379 	4887 	8228
4269 	4560 	9479
1204 	2748
900 	1328 	1506 	2413 	2776 	5345 	6245 	6688 	8671
222 	346 	407 	533 	1837 	2509 	4027 	5614 	5626 	6869 	7058 	7396 	7856 	7866 	7880 	7881 	7946 	8863 	9736
264 	598 	4675 	4811 	6178 	6601 	6661 	8266 	8947
1211 	1586 	2202 	2426 	2427 	3244 	3302 	3413 	4204 	4463 	4646 	5465 	5716 	8819 	8977 	9157 	9337 	9348 	9752 	9830
545 	841 	888 	926 	1014 	1277 	2176 	2314 	2479 	2567 	3356 	3842 	3868 	4661 	4670 	4780 	4905 	5019 	5104 	5282 	5778 	6102 	6369 	6462 	6791 	6813 	6929 	7015 	7182 	7637 	7653 	7654 	7846 	8663 	8680 	9169 	9210 	9218 	9760
279 	806 	1336 	1795 	2352 	2513 	2808 	4807 	6971 	7161
99 	674 	908 	1837 	1880 	2646 	3757 	3941 	4136 	4494 	4741 	4842 	8863
490 	920 	1043 	1793 	2031 	2687 	3360 	4990 	5264 	5435 	6404 	6676 	7236 	7914 	8365 	8496 	8535 	9513
157 	372 	1012 	1266 	1364 	2112 	2181 	5858 	6574 	7008
8317 	9405
8316 	9405
516 	732 	737 	1326 	1403 	1746 	2002 	4740 	5034 	5415 	6262 	6591 	6599 	6877 	6947 	7276 	7440 	8860 	8863 	8885 	8951 	9258 	9606
12 	13 	1156 	2874 	3072 	8130 	8372 	9829
1009 	5205 	6822 	7139 	7352 	8426 	8997 	9083
257 	7193
4283 	6904
298 	5773 	8518 	8724 	9660
899 	6872
3590 	7734
1644 	6641 	8131
4991 	7313 	9142
544 	1003 	7344 	7629 	8780
3695
1157 	6949 	7418 	9554
2208 	2313 	3130 	3920 	4700 	6178 	8430 	8693
281 	402 	499 	1301 	3066 	5245 	8208 	9110
1205 	2343 	4233 	5025 	5736 	5895 	9414
4384
490 	808 	2203 	4653 	4933 	5181 	5261 	5570 	7075 	8716 	9211 	9229 	9241
3091
2131 	3448 	7334
3964 	5082 	6507
990 	4550
3274 	7503 	8452 	8541
1459 	7382
43 	396 	2376 	3592 	3871 	4334 	5460 	5791 	6380 	6530 	8370 	9040
3105 	6037 	6839 	9127
3909 	4741 	6918
1626 	8375
2052 	6193 	9497
4105
9603
8352 	9767
622 	1075 	2190 	2260 	2613 	5017 	5336 	6546 	6916 	7368
2508 	6754
8349 	9767
264 	3700 	4993 	8193
5801 	6957
113 	1753 	2295 	2462 	3429 	3777 	4664 	4784 	6446 	8290 	8411 	8881 	9173
2900 	3324 	5161 	5560 	8476 	9263
5282 	9660
2279 	4362 	6366 	7402 	8157
3792 	6155 	6404 	6631 	7064
5353 	7142
6480 	7969 	8364
511 	1394 	3109 	6519 	8528
511 	4634 	5870 	7886
5872 	6480 	8361
490 	981 	1374 	1929 	4718 	5435 	6404 	7139 	7633 	7746 	7914 	7920 	8314
1063 	3806
844 	9243 	9435
4770
2462 	3391 	6698 	7768
43 	2376 	7098 	8342 	8934
268 	785 	2352 	3151 	4446 	6174 	6942 	7166 	7395 	7510 	7693 	7734 	8824
12 	13 	99 	589 	2400 	7120 	7134 	7252 	8319 	8682
1437
6627 	6883 	6927 	8261 	8290
1626 	3970 	4923 	5226 	6020 	8127 	8345 	8441 	8911 	9074
2983 	4193 	4338 	4811 	4896 	6879 	8947 	9649
5417
562 	2596 	4224 	4620 	9269
4217 	5396 	6733 	6850 	9127
5306
3958
361 	2028 	4105 	4427 	4476 	4849 	6136 	6859 	9538
2616 	2890 	9071
5486
2826
2059
1608 	7680
6066 	8493 	9173 	9571 	9703
130 	1027 	1449 	2154 	4708 	5622
2239 	5113 	6134 	6574 	7278 	7604 	9074
2021 	2214 	4329
4143 	6808 	7313
361 	1783 	2611 	6520 	7033
3449 	3890 	3925
5764
1887 	2786 	3521 	3524 	5425 	6654
5127
1464 	1490 	1920 	2401 	3038 	3428 	3454 	5076 	5089 	6630 	6889 	9405
3033
344 	461 	522 	735 	1097 	1999 	3585 	4176 	5858 	6442 	6458 	6708 	7889 	8983 	9297
2967 	3600
484
6783
245 	732 	1031 	1661 	1672 	1722 	2072 	2648 	2786 	4712 	4924 	5008 	5032 	5686 	6179 	6458 	6530 	6681 	6912 	7357 	7948 	8885 	8890 	9297 	9327 	9409 	9548
353
0 	760 	1070 	2930 	6771
1881 	3666 	3961 	4257 	9128 	9130
7853 	8817
3967 	4104 	6976
5086
4342 	6024 	6163 	7151 	7711 	8290 	8355 	8881 	9173 	9804
1175 	1915 	2782 	4975 	5043 	7193 	7194
1024 	1934 	2141 	2147 	2523 	3390 	3501 	6282 	7618 	9208 	9352 	9430
3561
189 	1662 	1843 	2506 	2778 	3840 	4664 	6110
93 	162 	453 	490 	808 	3105 	3238 	5035 	5261 	5919 	6831 	7576 	8145 	8894 	9241 	9565
4398 	9711
3225 	3339 	9403 	9753
1055 	5161 	6471 	7938 	8476 	9636 	9735
9241
3034 	4424 	7096
1953 	2421 	2557 	8623
976 	1237 	5350 	5910
85 	266 	1322 	1589 	1641 	2403
1552 	1610 	4099 	4870 	5066 	9312 	9593
859 	5205 	5473 	8320 	9482
248 	905 	2622 	2990 	3303 	3480
5577
5034 	9711
1014 	2208 	2445 	2765 	3920 	4700 	4806 	5414 	6178 	8331 	9333
2048 	2555 	4538
1763 	2366 	3963 	4505
3479 	4470
3063 	9710
1927 	2992 	4002 	6049 	7462 	9324
1184
2420 	3885 	8991 	9338
5640 	8449 	9707
2924 	3843 	6503
5488 	5589 	8561
8375 	8911 	9074
4170 	8839
8768
2692 	6556
2352 	5326 	6927
2442 	6869
2225
3926
5640 	8438
2328
2463
1758 	2271 	2963 	8340
2608
1508 	1517 	5701 	5719 	9061
4552
94 	331 	495 	735 	1061 	1463 	3207 	3693 	3934 	4022 	4266 	4471 	4667 	4772 	6001 	6075 	6880 	6937 	7887 	7889 	8012 	9050 	9700
617 	1512 	4205
7105 	7106 	7553
8840
1060 	3393 	9260
951 	1060 	2133 	2820 	3393 	4711 	5800 	6404 	7854 	9260
2145 	3534
3040 	9264
243 	4861 	4886 	6890
474
2512 	2646 	4807
1936 	5840
3425
152 	886 	2068 	2212 	2726 	4065 	4283 	4293 	4549 	4558 	7720 	7787 	7798 	7952
1111 	2011 	4946 	4950 	5756 	7290
1141 	1981 	4685 	5674
657 	2535 	4053 	5182 	5574 	6155 	6978 	7146 	7931 	9702
1738 	5329 	6036 	7163 	9259
3089
3038 	7461 	9178 	9502
78 	168 	331 	522 	582 	639 	640 	817 	974 	1027 	1055 	1186 	2028 	2352 	2399 	2554 	2691 	2788 	2900 	2982 	3130 	3258 	3303 	3524 	3966 	4011 	4999 	5151 	5161 	5250 	5560 	5606 	5615 	5739 	5792 	5925 	6380 	6561 	6645 	6834 	6880 	6952 	7889 	8012 	8356 	8419 	8785 	8909 	9076 	9263 	9492 	9617 	9735
784 	1186
1600 	6819 	7128 	8744
1350 	4319 	5286
2836 	3526 	4907 	7084 	7744
2093 	7631
1859 	2548 	4132 	7054 	8770 	8917
2309
287 	1097 	2448 	5103
2234
6147 	9787
1217 	7966 	9638
12 	9314
8303
5230 	9674
6436
8995
8388 	9703
3930 	6467
982 	1149 	3157 	9123
375 	1617 	6254 	7565 	8314
579 	5067
4274 	6211
4092 	6465 	8950 	9035
7367 	9440
429 	8240
3653 	5666
2161 	2182 	3940 	4073 	4075 	4095 	4314 	4525 	4575 	5173 	6217 	6293 	6309 	7925 	9579
3626 	3740 	8828
2135 	3410 	3535 	3726 	5381 	5981 	6251 	6355 	8511
3225 	5386 	8654 	9559
368 	728 	2800 	3434 	3612 	3674 	5100 	7660 	8726
370 	3188 	4579 	6187 	6286 	6343 	8944 	9106 	9651
5317 	7536 	7543
3743 	4219 	9586
3726 	3730 	5381 	5950 	8505 	9574
2494 	5684
546 	1394 	1607 	2095 	2663 	2664 	4153 	5159 	6488 	6519 	7121
4211 	4221
3806 	4782 	9720
4528 	7863
824 	5938
298 	4331 	5773 	8323 	8724 	8854
1308
1111 	2046 	2439 	5887 	7157
2720 	4854 	4929 	9674 	9809
1417 	2265 	9318
3861
1763 	2366 	3081 	3123 	3158 	3715 	4505 	4902 	5215 	7578 	8754 	9043
651 	732 	739 	1206 	1326 	1826 	1827 	2186 	2952 	3122 	3549 	4101 	4690 	6150 	6179 	7327 	7440 	7704 	7948 	8657 	9411
341 	1940 	3970 	4836 	5051 	7104 	7762
2934 	4082 	9080
511 	6519 	8362
9323 	9790
3823 	4024 	5138 	5869 	7920 	9135
3197 	3363 	3793 	7043 	7723 	7907 	9448
7057
6148 	7449
1451 	2850
920 	2030 	2031 	2647 	2687 	5264 	7756 	8314 	9080 	9490 	9513
1778 	5864 	8859
4187
2679
522 	746 	797 	1061 	2106 	2410 	2526 	3004 	3187 	3346 	3524 	3577 	3966 	3970 	4266 	4359 	4896 	4897 	4899 	4999 	5151 	5395 	5425 	5438 	5812 	6645 	6880 	7072 	7466 	7889 	7938 	8012 	8132 	8785 	8883 	9019 	9455 	9492
7217
390 	616 	997 	1609 	2786 	3548 	3696 	5217 	6530 	8156 	8340
921 	3506
7364
499 	2252 	2395 	2554 	6139 	9754
3757
8943
704 	769 	4153 	4714 	6820 	7764 	8844
2576 	2583 	2703 	2882 	3022 	3078 	3156 	3310 	3430 	3636 	3727 	4311 	4384 	5096 	5340 	5942 	6279 	6322 	6323 	6324 	6355 	6667 	7659 	7665 	9526 	9614
609 	3910 	3932 	4296 	4299 	4554 	5975 	6326 	6337 	7535 	8060 	9034 	9570 	9686
5776 	6353
277 	997 	1429 	2574 	2583 	3063 	3491 	3636 	3660 	4072 	4249 	5971 	5984 	6884 	9650
5149 	6930 	8553
233 	1177 	1273 	2437 	2464 	2479 	4979 	5149 	6017 	6103 	6211 	6527 	6930 	7100 	7220 	7312 	8120 	8552
4902
1862 	1863
1427 	2060 	2318 	4145 	8119
8803 	8817
750 	1076 	4452
1310 	3806
7005
5488 	8440
239 	2855 	5427 	6615 	7197
44
1538 	6910
4040 	9360
6027
55 	753 	2150 	3706
7826
171 	1837 	2135 	2329 	2736 	2738 	2755 	2792 	2927 	3758 	4248 	5004 	6776 	8284 	8758 	8760 	9018 	9060 	9544 	9746
1726
222 	224 	723 	1608 	1972 	2156 	2206 	2362 	4341 	4653 	4676 	4933 	4973 	5141 	5279 	5407 	5707 	6187 	6381 	6517 	7907 	8294 	9421 	9717 	9731
127 	3160 	3990 	9032
2527
940 	6605 	6890
882 	6177
740 	2912
1346 	5930
3152 	4480 	6715 	9153
1734 	4477
880 	1738 	4238 	4483 	4911 	5033
783 	803 	1129 	4511 	6735 	8786
12 	81 	1805 	3300 	4172 	5333 	7123 	7409 	7956 	7959
19
2099 	7106
2583 	3637 	4419 	4517 	4575 	5095
830
3516 	3674 	7542 	7652
3282 	3740 	5098 	7539 	7542 	8620
5095 	5144 	7536 	8048 	8866
297 	2712 	3524 	3722 	3736 	4088 	4255 	5656 	8943 	9012
4355 	4386 	7530
1186 	1591 	3022 	3081 	5925 	6703 	7688
2421 	8141
5244 	6476 	6550
97 	5853 	7497
1963
4376
476 	2370 	3531 	4083 	6504 	7134 	8880 	9289 	9348
4348 	5319
298 	8724 	8854
3283 	4234 	4340 	4554 	5635 	6337 	8942 	9008 	9570
3536 	7528
2582 	3431 	3951 	6306
3647
75 	2134 	6192 	8060
482 	1018 	1086 	1198 	4992 	7890
9613
368 	4098 	4535 	8659
4055 	4148 	7613
129 	984 	5249 	5502 	5771 	6112 	6372
3629 	5373 	6393
924 	3075 	3652 	3952 	4156 	5981 	7658 	8616 	8948
3747 	4350 	4524
489 	4255 	5857 	7974
573 	3410 	3949 	5381 	5958 	6251 	8726 	9017
4069 	4577 	5981 	6230 	8191 	8612
3986 	8240
2349 	3095
4373 	9018
3282 	4384 	6320 	7539 	7542 	8588
1379 	5609 	6340
5986
146 	1392 	1953 	2421 	8422 	9841
2583 	3636 	4576
3074 	6918 	7651 	9086 	9223
4287 	6169
144 	1692 	6039 	6043
107 	655 	3222 	5456 	6785
407 	436 	805 	2062 	3356 	4486 	9197
6 	9442
68 	2767
3227 	5095 	5652 	8866 	9560
5841 	8696 	9831
4209 	5555 	5874 	5876 	6552 	9776
4278 	6667
6395 	6951
598 	3946 	5074
300
4200
6187 	8943
287 	2099 	3999 	4111 	5407 	7282 	9472
1076 	1207 	1869 	3796 	4828 	4851 	5358 	5438 	6408 	7397 	9203
3537 	8702
3125 	3270 	9586
4404 	4824 	8171 	9088
2114 	3650 	4376
237 	2588 	3725 	6400
19 	398 	1531 	3736 	4225 	9291
3541 	3687 	3877
300 	2697 	2732 	3285 	3423 	3720 	4530 	4555 	4896 	5728 	5983 	6997 	7656 	7668 	9579
2392
8814
5656 	5921
298 	3225 	3517 	6344 	8506 	8724 	9012 	9559 	9569 	9586
773 	1315 	4341 	8281 	8959
515 	3281 	8661
316 	1826 	3281 	3744 	4101 	4353 	5377 	6188 	7536 	7948 	8035 	8525 	8945 	9007 	9574 	9584
369 	9664
8608
3719 	4055
454 	515 	3507 	3515 	3766 	4316 	4708 	5376 	5451 	5654 	7542 	8656 	8957
871 	1529 	4757 	6397 	6555 	7062 	7294 	9863
620 	670 	841 	1098 	1311 	1652 	2567 	4780 	5104 	5282 	5748 	7255 	7637 	7653 	8311 	8893 	9169 	9210 	9218 	9760
978 	1390 	1636 	2181 	2190 	2328 	3311 	3546 	4358 	6734 	7909 	9464
6629
1494 	7470
195 	808 	1205 	1250 	1689 	2347 	2641 	3684 	6890 	9029
1057 	1807 	2424 	4066 	6433 	8220
3625 	5986 	6056 	6495 	9117
5442
791 	900 	1328 	1506 	2413 	2776 	5345 	5844 	6245 	6688 	8307
3377 	4697 	6589
2228 	4697 	5218 	6589 	7352
6391 	8702
2145 	3534
2003
3027 	7024 	9737
8679
99 	562 	1781 	2122 	3356 	3454 	3614 	3844 	4327 	5578 	6312 	6555 	7093 	8678 	8680
832 	2122 	5778 	7846 	8286 	8311 	8679 	9098 	9766
375
1228 	1283 	2017 	2082 	2832 	6816 	6867 	6984 	7021 	7134 	7459 	8372 	8783 	9091 	9231 	9348
4648 	8073
1807 	2424 	2544 	4413 	4479 	7749 	8220
1522 	2166 	2332 	2873 	3585 	4871 	5862 	6612 	7153 	8700
4956 	5825
714
881 	4194 	5091
3303 	3595
249 	3443
246 	621 	720 	916 	1016 	1861 	2193 	3205 	3252 	4119 	4159 	4744 	5058 	6379 	6489 	7698 	8138 	8239 	9505
1017 	1775 	2080 	2529 	4659 	8098
287 	444 	811 	2258 	2352 	2481 	2626 	2713 	3953 	4173 	4235 	6002 	6577 	6832 	7201 	8331 	9076
452 	876 	1266 	1297 	1621 	1673 	2169 	3035 	3934 	4266 	4759 	5591 	5673 	5739 	6425 	7035
2338 	4754 	8292
16 	358 	1045 	1145 	1353 	3253 	4269 	4560 	4859 	5219 	5841 	6275 	6346 	6609 	6810 	7282 	7432 	8633 	8840 	9810 	9831
1197 	1322 	2449
9422
512 	1244 	1887 	2872 	3356 	5304 	9181 	9721
748 	2873 	7153 	8685
5037 	6820 	8844 	9096
1887 	2080 	2362 	2367 	3537 	4341 	4452 	6391 	7644 	7837 	8643 	8674 	9387
1876
6347 	7770
1045 	3253 	4560
1969 	3380
2968 	4790 	4791 	8269 	8976 	9475
155
1173 	1407 	3103 	7530 	9011 	9526
4671 	7173
7625 	8878
2002 	8951
2181 	2371 	4860 	6714 	8804
3341 	7628
2806
490 	613 	808 	1709 	2203 	3676 	4653 	4933 	8124 	8335
2479 	3249 	5021 	6765 	7978 	9494
1313 	3596 	5680
5238 	6087 	8178
6087
3169 	8722
3169 	5238 	6087 	8178 	8721 	8951
3281 	5779
298 	1243 	3517 	4321 	4384 	4517 	4522 	5773 	5976 	6209 	7729 	8323 	8518 	8600 	8654 	8854 	9117 	9567 	9850
2576
368 	3191 	3267 	3535 	3741 	4098 	4253 	6208 	6343 	8507 	8615 	9017 	9599
337 	9566
7676 	8729 	9871
7676 	8728
5954 	7155
1529 	1613 	1746 	2253 	2311 	2511 	2513 	3057 	3886 	4270 	8106 	8905 	8917 	9102 	9488
901 	908 	8841
307 	1695 	2209 	2946 	3481 	3970 	4363 	4485 	5051 	6397 	6463 	7104 	7127 	7466 	7762 	7949 	8189 	9448
6689 	7874
4251 	5129 	8201
420 	2684 	5211
2716 	3939
5879
7160 	7612 	9724
3365
6530
2722 	6907 	7787
2821 	5125 	7395 	9165
58 	230 	417 	724 	935 	1119 	1940 	2432 	2523 	2818 	4016 	4235 	4918 	6809 	7271 	8478 	8840 	9416
118 	1583 	1885 	5720 	6453
1887 	3356
2005 	2040 	3529 	3717 	4750 	4925 	5430 	9776
3296
2031
5898
5767
1017 	2037 	3067 	3757 	4589 	6163 	8141 	8262
94 	345 	361 	726 	1014 	1715 	2244 	2445 	2468 	2472 	2553 	2772 	2792 	2902 	3536 	3675 	3750 	4014 	4214 	4277 	4589 	4806 	4989 	5029 	5342 	5414 	5606 	6178 	6458 	6520 	6630 	7201 	7847 	7850 	8300 	8301 	8934 	9297 	9603 	9604 	9617 	9627
3715 	4902 	8524
264 	1214 	1823 	1885 	2487 	2602 	3700 	6453
171 	3935 	4282 	5458
2049 	6780
171 	1837 	2792 	2927 	5004 	8284 	8569 	8760
4282 	5196 	5458
171 	1837 	2792 	2927 	5004 	8284 	8569 	8758
2757 	7406 	7723 	7785
7763
3930
227 	1003
2444 	2730 	4496 	4691 	4743 	6337 	7196 	9397
1820 	4494 	5008 	6912 	7946 	8917 	9102 	9327 	9548
375 	4065 	4837 	5264 	5731 	5825 	7416 	7518 	9160 	9471
1103 	1137 	2153 	3965 	4788 	5713 	6066 	6404 	7782 	7788 	7882 	8025 	8443 	9621
936 	7744
203 	2548 	4132 	7444 	8482 	9419
3664 	6013
5308 	5516
1263 	1292 	1825 	3153 	3297 	4818 	6730
597 	2080 	8956 	9521
3384 	7727 	7867
4872
7891 	9617
43 	276 	470 	651 	1544 	1941 	2167 	2788 	2946 	3382 	3693 	4264 	4322 	4636 	4989 	4995 	5438 	6875 	7104 	7491 	7957 	8195 	8281 	9103
7137
7344 	7629 	8328
9475 	9711
846 	967 	1836 	2713 	3144 	3604 	3839 	3965 	5748 	6002
2017 	8682
4274 	7823
331 	582 	1186 	2554 	2788 	4266 	4759 	4999 	5547 	6645 	6880 	7093 	7466 	8076 	8476 	8539 	9019
222 	230 	783 	803 	981 	1129 	1312 	2088 	2276 	2292 	2988 	3210 	3796 	3869 	3889 	4342 	4343 	4444 	4511 	5107 	6735 	7184 	7880 	8581 	9418
2291
548 	728 	734 	1230 	2984 	3185 	5535 	7427 	8934
2864 	6714 	6834
507
296 	6202
618
3660 	5259 	5877 	7552
2673 	4929
2420
4549
4970 	4972 	8898
2161
349 	4526 	5791
1997
829 	7570
1125
8557
4629 	8713
9071
1340 	2063 	3146 	4583 	4592 	5817 	6671 	7432 	7975 	8816 	8913 	9860
2328 	2417 	2564 	3009 	3610 	7909 	8177
267 	1901
2263 	3008 	6021 	6155 	7907 	8251 	9731
8184
1835 	5818
1130
474 	732 	871 	2047 	2845 	3239 	7367
8652
1690 	6160 	6217 	6262 	6273 	6293 	6591 	7376 	7489 	8249 	8875 	8951
1498 	2334 	2679 	2818 	2983 	4165 	4338 	4362 	4583 	4592 	4896 	7260 	7975 	8806
4593 	6850 	7853 	8408 	8557 	9252
459 	2817 	4826
1211 	1586 	2202 	2426 	2427 	3244 	3302 	3413 	4204 	4463 	4646 	5465 	5716 	8310 	8977 	9157 	9337 	9348 	9752 	9830
3990 	7665
4995
1108 	6716
4858 	9617
152 	480 	1224 	2062 	2184 	2600 	2719 	2742 	3151 	3713 	3935 	6174 	6301 	7007 	7166 	7693 	8371 	8889
983 	2416 	9620
178
1084 	2463 	3339 	5644 	6631 	7173 	7812 	9478 	9820
2113 	3740 	4286 	4369 	4370 	8504 	9820
3632 	3701 	3855 	5649 	5979
18 	3284 	3979
313 	3747 	4556 	7534
6407 	6549 	6906
627 	6017 	7220
4449 	6433 	8075
49
8897
8983
6136 	6720 	9488
4170 	5034 	5798 	6245 	7442 	8442
287 	444 	1045 	3667 	4235 	7063 	8459 	8696 	8744 	8930 	9511
901 	908 	2253 	2513 	3057 	5606 	6098 	7169 	7772 	7999 	8732 	9700 	9716
1311 	2334
1568
839 	888 	3539 	5220 	6820 	8547 	8701
1774 	2476
4445 	4447 	7796
4388 	5969 	8059
6823 	6836
5814 	9568
6324
68 	319 	2516
5653 	7251 	8104
6283 	7536 	7537
298 	5773 	8518 	8600 	8724
2418 	2899 	4240 	5446 	5806 	8225
1759
3844 	7310
1798 	9256 	9301
78 	2016 	2511 	2712 	3091 	3481 	3512 	4033 	4179 	4642 	4754 	5073 	5391 	5864 	6530 	6931 	8536 	8885 	9102 	9599 	9637
516 	901 	1210 	1746 	4740 	5230 	5363 	6262 	6284 	6599 	6877 	6878 	8159 	8318 	9258
3879 	6951
164 	8947 	9064
255 	1264 	1555 	1592 	1594 	1596 	1775 	1837 	1898 	2213 	2509 	3757 	3806 	4494 	6591 	6939 	7058 	7343 	8308 	8313 	8318 	9785
8979
286 	563 	4930 	7447
3227 	3631 	5095 	5144 	5652 	6012 	6278 	8065 	8589 	8632 	8947 	9558 	9560
1284 	2413 	2707 	6754 	7117 	9718
2008 	3476 	3966 	4064 	6423 	7415
417 	3866 	6148 	7809
5014 	6019 	6155
247 	2337 	9113
5289 	7193
1335 	2615 	4144 	5893
106 	7366 	7508
7376 	8815
283 	1992 	2215 	2747 	4271 	4557 	8986
599 	6007
1655 	2301 	3635 	5504 	6067 	7056 	7625 	8245 	8711
5611
476 	6504 	8598
1753 	4342 	6427 	7711 	8153 	8290 	8355 	8411 	9173 	9804
4625
746 	1061 	2526 	3577 	3981 	5395 	5438 	6880 	7889 	8539
501
423 	732 	910 	1118 	1170 	1326 	1529 	1661 	1879 	2072 	2181 	2248 	2712 	2786 	2882 	2977 	3129 	3524 	3549 	3592 	3772 	3966 	4064 	4334 	4546 	4642 	4962 	5008 	5346 	5550 	5925 	6084 	6119 	6324 	6530 	6681 	6912 	6931 	6971 	7091 	7367 	7948 	8141 	8188 	8318 	8404 	8859 	8891 	8959 	9713
4517 	4799 	5712 	9850
596 	633 	1418 	2207 	3240 	6509 	9436
649 	1888 	2084 	7833 	9405
2719 	8824
1672 	1722 	2072 	3552 	4712 	4924 	5008 	5009 	5302 	5578 	6260 	6554 	6912 	7502 	7664 	7837 	8404 	9548
495 	1046 	1459 	2030 	2110 	2174 	2363 	2483 	2712 	2786 	2872 	2990 	3524 	4064 	4962 	5264 	8885 	9466
589 	2428 	2637 	2959 	4292 	6695 	6866 	8142 	8207
670 	1098 	1490 	2567 	3481 	4179 	5363 	8663
453 	490 	981 	1158 	1575 	2988 	8416
818 	2887 	5361 	5844
626
8836
2229 	3030 	3333 	4970 	4972 	5571 	6276 	8797 	9248
2098 	2623 	6054 	8084 	9608
1242 	2567 	5282
3476 	9850
904
2003
741 	1961 	2078 	3913 	6687 	7427 	7910
263 	322 	757 	1206 	1298 	1324 	1336 	1613 	1746 	1795 	2078 	2253 	2352 	2366 	2511 	2513 	2778 	2808 	3057 	3913 	5606 	5748 	6483 	6720 	7576 	7910 	8731
1611 	2479 	2684 	5721
3232 	4153 	7723 	8181
294 	345 	2385 	2545 	3211 	3421 	5038 	6616 	6827 	8301
495 	1729 	1778 	2399 	3938 	4471 	4688 	4715 	5058 	6924 	6952 	7088 	7829 	7953 	8476 	9080
239 	627 	725 	1054 	2122 	5187 	5998 	6260 	7168 	7837 	9874
132 	139 	920 	1012 	1266 	1610 	1802 	1804 	2542 	3346 	3970 	4474 	4999 	5028 	5066 	5226 	5264 	5676 	5858 	6020 	7069 	7071 	7260 	8127 	8375 	8441 	9074
2256 	3756 	3764 	5843 	9695
6671 	7432 	8806 	9262
3008 	5392 	8251
354 	1375 	1603 	1678 	3356 	5304 	6358 	7487 	9721
875 	1859 	3022 	3108 	3207 	3935 	4547 	4969 	5335 	6960 	7946 	8917
806 	875 	1017 	1666 	1820 	1859 	2513 	3273 	3786 	3886 	4969 	6163 	6549 	6720 	6971 	7054 	7372 	7946 	8106 	8111 	8482 	8731 	8766 	8916 	9102 	9724
1214 	3922
409 	630 	5314 	5483 	7301 	9199
9503
4426 	5195 	6162
2335 	5108 	7275
7102
1224 	1911 	2080 	4274 	7024 	8251 	9755
3704 	4552
425 	1515
2160 	2330 	2824 	4585
7972
526 	4696 	7112
3667 	8840 	9511
3333 	7000
6475
1504 	3607 	4004 	4888 	6118
152 	361 	602 	639 	640 	1108 	1109 	1186 	1425 	1722 	2053 	2553 	2824 	3035 	3065 	3387 	3524 	3750 	3966 	4105 	4266 	4283 	4338 	4589 	4896 	4923 	5535 	6530 	6747 	6880 	7038 	7072 	7300 	7466 	7763 	7842 	7949 	8370 	8753 	8788 	9076 	9260 	9603 	9731 	9739
2142 	2194 	4543 	4594 	7130
1434 	6598
1326 	1466 	2366 	5606 	5739 	6179 	6924 	7576
2155
1625 	2924 	3819 	3965 	4908 	5421 	9785
3645 	9832 	9836
923 	1371 	6761 	9842
3283 	4554 	5975 	6337 	7535 	8601
104 	297 	314 	2588 	3188 	3542 	3722 	3736 	3747 	4088 	4106 	4255 	5975 	6187 	6431 	7672 	8546 	8590 	8640
3629 	4102 	8508 	9580
8035 	8054 	8657
3630 	4088 	9684
598 	5095 	5657 	6661 	6887 	8309 	8376 	8862 	8866 	9226 	9560 	9649
293 	1137 	4219 	5038 	5981 	6616 	6827 	8612 	9586
3681
4092 	8499 	9035
1108 	1131 	1351 	2002 	2852 	3713 	4313 	6087 	6591 	7276 	7376 	8247 	8318 	8712 	8722 	8815
2300 	3496 	6761
5904 	9578
2573 	8957
1831
2080 	8774
1424 	2323 	2573 	2595 	3515 	4223 	4316 	4822 	5451 	5654 	6404 	7444 	8661 	8954 	9478
3403 	4224 	6198
773 	1315 	1557 	1604 	2230 	4341 	4839 	5550 	5835 	6084 	6678 	8281 	8655 	8885
7258
1378 	1418 	4756
9098
3261 	4440 	5977
1876 	2041 	5204 	6293 	6389 	7361 	7896
2236
9795
3760
7166
240 	6093
9188
7785
4234
1736
2725 	3812 	4201
708 	3639 	6722
927 	1049 	1219 	1489 	2428 	5616 	6934 	7380 	7451 	8025 	8221 	8707 	9475 	9537
1211 	1586 	2202 	2426 	2427 	3244 	3302 	3413 	4204 	4463 	4646 	5465 	5716 	8310 	8819 	9157 	9337 	9348 	9752 	9830
1351 	1853 	6953 	6959 	7999
3105 	3352 	3690 	4381 	7075 	8864
7056
5791 	9377
2078
560 	593 	594 	1023 	1110 	1361 	1999 	2858 	2970 	3303 	3385 	4176 	4236 	4839 	6365 	6458 	7889 	8400 	8837 	9040 	9483
2680 	6856 	6987
8119
1992 	3863 	8876
2918 	3049
5528
6881 	9465
479 	7179
331 	1109 	1500 	1926 	2420 	3025 	3417 	3885 	3953 	5059 	8068 	8085 	8437 	9279 	9338
1674 	4661 	4974 	6159 	6846 	7150 	9554
2100 	2310
9043
608 	1189 	2594 	2817 	2883 	2885 	3011 	3012 	5053 	7960 	8492 	9131 	9270 	9749
1936
362 	2432 	3221 	4799 	6895 	8320
3318 	5609 	7012
2161 	4810
4341 	7907
98 	9639
1244
171 	172 	6780
7656
5385 	5939
4092 	7669
4090 	5377 	7536 	8657 	9599
4554 	5635 	6337 	8601
1426 	2574 	6300
3725
1407 	4355 	4386 	7530 	8709 	9526
4256 	8590 	8654 	9569 	9586
1719 	2920 	4317 	4321 	7608 	9697
6194
3433 	3997 	9576
18 	2271 	3681 	3996 	4752 	5965 	9544
5958 	8615 	8726
171 	2230 	3758 	3770 	4407 	8284 	8569 	8619
4999 	6880 	8539 	8785
2655 	5742
603 	6189 	9286
5650 	8040
3742 	4071 	7690 	8240
516 	3757 	4023
622 	1887 	3356
477 	1128 	2105 	7546 	7599 	9789
3527
4057 	6416 	6733 	8263
195 	808 	1250 	2347 	2641 	3684 	8667
2959 	9403
9733
127 	3160 	3990 	8572
1308 	5381
7535 	8060 	8549 	9286
4092 	5981 	8499 	8950 	9647
20 	5372 	5959
2170
3784 	7230
9167
6365 	7683 	8342 	8983
335 	5888
1126 	1316 	1543 	2699 	2708 	5103 	5479 	6819 	9149 	9165
136 	1050 	1362 	2805 	2896 	3022 	3123 	3150 	4902 	4999 	6554 	6703 	7104 	7201 	7300 	7578 	8058 	8524 	8994 	9452 	9724
4139 	5664
2798 	7268
9295
7416
1950 	6897 	7275
996 	2924 	4908
145 	447 	1722 	2339 	2457 	2501 	2680 	3207 	3323 	3621 	4033 	4943 	6555 	7024 	7036 	8068 	8456 	9233 	9320
4287 	6169
2353 	8243
3135 	4871 	5364 	6261
943 	6615
5042
4753
47 	939 	1802 	4870 	6797
3914 	9220
165 	711 	1287 	2655 	2685 	4894 	5464 	5725 	5746 	5750 	9181
8569
1508 	1978 	4163 	4461 	4722 	5412 	8454 	9294
142 	657 	6289
1807
164 	8862
1726
402 	8208
9797
5664 	9386
616 	1270 	1824 	3229 	4781 	5017 	5290 	5515 	6731 	7257 	9712
8250
957 	1447 	2023 	2616 	2890 	6439 	6911 	8165 	8383 	8805 	9204
132 	574 	1278 	2262 	2388 	4911 	5269 	9170
7947 	9382
47 	568 	766 	920 	1110 	1606 	2099 	2474 	2697 	3175 	3362 	3425 	3485 	3503 	4130 	4923 	5200 	6871 	7560 	8375 	8390 	8441 	8911 	9266
1540 	3916 	5085
43 	78 	390 	737 	751 	1027 	1160 	1325 	1729 	2028 	2338 	2352 	2398 	2494 	2772 	2900 	2982 	3091 	3258 	3512 	3693 	3708 	3866 	3938 	3953 	4078 	4277 	4544 	4611 	4715 	4742 	4806 	4817 	4999 	5151 	5250 	5414 	5604 	5792 	5864 	5925 	6071 	6072 	6083 	6397 	6521 	6645 	7500 	7912 	7938 	7971 	7989 	8168 	8476 	8693 	8934 	9333 	9492 	9869
1486 	1910 	2739 	4409
93 	231 	1558 	2158 	2858 	6263 	6916 	7210 	7338
141 	768 	2301 	7037 	7312
453 	490 	808 	1778 	1797 	1847 	2934 	3105 	3869 	3919 	5174 	7728 	8527 	8535 	8909 	9287 	9622
1824 	2099 	2609 	2913 	4180 	4341 	4983 	7269 	8025 	9262 	9685 	9710
751 	2376 	4224 	9818
484 	503 	506 	1009 	2022 	6822 	6981 	8320
8070 	8154
906 	1296 	2294 	3757
3074 	6918 	7651 	8625 	9223
4948
4404 	4824 	6035 	8171 	8645
2136
1916 	2350 	3697 	7358
42 	5917 	7134 	8682
737 	3091
6621
2793 	3835 	4645 	9402
669 	1224 	1505 	3013 	5045 	7910 	9185
5037 	5220 	6820 	8701
684 	4721 	6024 	6163 	6165 	7339 	9238
13 	255 	832 	1520 	2617 	2939 	7628 	8680 	8962
9213 	9470
51 	4301 	9193
1936 	5875 	6971 	9488
274 	301 	665 	2016 	3481 	3786 	3886 	4179 	4270 	5391 	6163 	6971 	7300 	8106 	8731 	8766 	8859 	8917 	9488
7491 	8778
4594
5576 	8114 	8121
444 	2258 	2977 	3130 	4235 	4427 	4599 	5606 	6271 	6647 	7989 	8508 	9411
4486
7023
5366
402 	8332
51 	8211 	9193
813 	1150 	1179 	1309 	1547 	2161 	2383 	4240 	5764 	9764
8871 	9726
995 	1334 	2243 	5906 	6592 	9320 	9862
1795 	2352 	4937
1648
2328 	2334 	3119 	7191 	7729 	8669 	8724
997
476 	6207 	9289
3783 	6099
1351 	5733 	7341
1239 	1533 	2232 	2377 	2451 	2941 	4933 	5287 	7277
8495
5834 	6733
2431 	3714 	4117 	4773 	5927 	6895 	7386
3755 	6736 	7320
2374 	3105 	3234 	4217 	5313 	5396 	6037 	6733 	6839 	6850 	8343 	8379
4257 	8407
833 	8152 	9282
1881 	4257 	8407
525 	573 	732 	892 	1049 	1976 	3221 	4392 	5535 	6947 	6975 	7884 	7991 	7999 	8995 	9706
7547
4265
161 	918 	1019 	2161 	2284 	2409 	2795 	2858 	3045 	4240 	4549 	4873 	5055 	5223 	6163 	6555 	7615 	8087 	9754
3823 	8530
1724 	1894 	4503 	5130 	6776
263 	1795 	2352
1004 	3335 	3618 	5287 	5373
3999
318 	6196 	6474
581 	8163 	9493
4792 	4991 	5619 	6570 	7313 	8327
3592
209 	322 	539 	2332 	2882 	4561 	4723 	5178 	6187 	6436
1722 	5008 	6912
1610 	9151
7597
757 	806 	1213 	1320 	2188 	2366 	2512 	3677 	4807 	4869 	5000 	5106 	5266 	5802 	6720 	7467 	7866
9042
523 	2564 	2658
429 	984 	1216 	1574 	1607 	1610 	1620 	1792 	1891 	2136 	2781 	2785 	2891 	3340 	3485 	4547 	4687 	4748 	4911 	5292 	5466 	5550 	5579 	5646 	5647 	6084 	6137 	6846 	7095 	7456 	7564 	7601 	7906 	8107 	8137 	8251 	9146 	9325
1432 	4367
3152 	4480 	8578
2486 	6453
3192 	4928
1084 	3339 	9478
1211 	1586 	2202 	2426 	2427 	3244 	3302 	3413 	4204 	4463 	4646 	5465 	5716 	8310 	8819 	8977 	9337 	9348 	9752 	9830
1637 	2657 	7274
813 	1531 	2291 	3472 	5996 	8025
5825 	8767
321
929 	4584
5848 	7816
844 	3077 	6425
992 	1097 	1126 	1756 	2072 	2090 	2160 	2254 	2448 	2699 	2767 	2806 	2821 	2824 	5088 	5103 	5117 	5479 	5483 	5858 	6354 	6755 	6790 	6887 	7038 	7395 	7545 	7850 	8743 	9042 	9190 	9215
3782
2351 	9039
627 	8135
841 	2479 	2567 	3356 	3842 	4780 	5104 	6462 	7637 	7653 	8311 	8663 	9210 	9218
132 	758 	890 	891 	1260 	1278 	2262 	2388 	3050 	5269 	5531 	6255 	9072
3801 	3836 	9480
5275 	7924
113 	1748 	1753 	2681 	3170 	3777 	4272 	4342 	6185 	6427 	7711 	7917 	8090 	8214 	8290 	8355 	8388 	8411 	8881 	9703 	9804
1481 	1556 	4687 	5093 	6151
3960
4465
32 	6982 	7400
1092 	1111 	2371 	2514 	3079 	4967 	7290 	7518 	8475 	9502
210 	1190 	1204 	1345 	1871 	2183 	5294 	7410
3967 	8220
1489 	2655 	2685 	3081 	3356 	4894 	5731 	5746 	7025 	7380 	8699 	9059
1602 	2657 	6507 	7766
2657
2713 	3199 	5748 	6002
1224 	9095
4875 	7444
871 	1930 	3470 	4195 	5151 	5739 	7300 	7685 	7794 	9188 	9867
495 	735 	871 	1369 	1501 	1930 	2788 	3148 	3268 	3938 	4176 	4195 	5739 	6613 	6638 	7794 	8970 	9187
7264 	7734
2090 	5483 	9165
23 	113 	222 	1508 	3929 	4956 	5701 	6187
1802 	1804 	6706 	7214
51 	2940 	4301 	6727 	7736 	8211 	9100 	9111
4301
188 	6385
488 	936 	1113 	1429 	2334 	3063 	4371 	6884 	8214 	9856
512 	671 	966 	2062 	2285 	3356 	3401 	3619 	5128 	7349 	8629
599 	904 	3013 	6007 	6138
409 	630 	2226 	5181 	5314 	5483 	5570 	6844 	7301 	8919
599 	6007
4148 	4400 	6100 	7613
1072
1076 	1176 	1207 	1229 	1250 	1283 	1314 	1330 	1814 	3264 	6408 	6512 	6657 	7397 	8642
1447 	9071
3221 	3295 	3714 	4773 	7137
3131 	4469
3869 	4653 	9301
1934 	3390 	8413 	9352
1868 	8161
545 	841 	888 	1277 	2567 	3341 	3356 	3842 	4780 	4905 	5104 	5282 	6929 	7637 	7653 	7654 	8311 	8663 	9169 	9760
2937 	4653 	5261 	8335 	9229
1224 	2518 	3872 	4697 	5218 	5892
715 	836 	1460 	1614 	1756 	2099 	2697 	3450 	4583 	4932 	5858 	6017 	6356 	6386 	6644 	6952 	7887 	9099 	9470
2195 	3878 	5884
583 	2254 	3121 	5627 	6755 	6756 	9165 	9821
2992 	5102 	5349 	6826 	8067
2930 	5022 	6160 	6273
4780 	8311 	8663 	9169
1795 	2352
3914 	9058
3135 	5364
2554 	3353
3074 	6918 	7651 	8625 	9086
1540
964 	2435 	4682 	5624 	5784
598 	6887 	8947
3169 	6873 	8178
863 	8223
6995 	8335 	9211
908 	1596 	6098
1283 	2017 	2403 	2832 	3264 	5107 	6825 	6984 	8682
3669 	5755
145 	2457 	3621 	9050
3472 	7831
1367 	1453 	2166 	3845 	3901 	6003 	6547
6155 	6510
4394
1653 	5552 	9097
386 	543 	598 	659 	1247 	3456 	4867 	5697 	5698 	6691 	6693 	7855 	8293
325 	1816 	3759 	4760 	5362 	5833 	5836 	6576 	7120 	9263 	9264 	9601
808 	2941 	3117 	4933 	5195 	5261 	5570 	5919 	7075 	7374 	8335 	8416 	8420 	9416 	9694
7283
167 	844 	1221 	1328 	2973 	3357 	3669 	3706 	3863 	4643 	5192 	5312 	6590 	6726 	7117 	8112 	8367 	9435
2291
339 	340 	595 	1062 	3809
6348
1483 	1721 	6103 	6738
2229 	3333 	6276 	8898
2007 	2295 	2343 	2640 	2721 	3056 	3372 	4233 	5736 	5895
3713
1493
4593 	8817
599 	3336 	4559
348 	643 	1775 	5923 	9697
585
1088 	1798 	2459 	4835 	8858 	9301
2263 	4053
516 	1326 	6262 	6599 	8318 	8860
280 	1738 	2167 	5329 	5407 	5996 	6036 	7163 	8473
951 	1060 	1368 	2002 	2113 	2649 	3065 	3393 	4711 	5133 	5800 	8460 	8461 	8934 	9478
912 	4526 	7438 	7768 	8231
2913 	7269 	8025 	8913 	9081
325 	1055 	5560 	8356 	8476 	9240 	9264
38 	325 	938 	2356 	2495 	3040 	3688 	3759 	4458 	5013 	5468 	5836 	6331 	6576 	6639 	7476 	8463 	9240 	9263 	9265
9264
766 	1606 	2172 	2796 	3175 	3503 	3782 	4191 	4401 	4508 	5143 	5200 	6578 	6852 	7468 	9074 	9551 	9564
116 	4486
116
2752 	4224 	8378 	9858
399 	7960 	8186 	8995
4181
7984
918
2047
2897 	3089
2427 	4246 	4342 	6005 	6108
3805
7047
3953 	8068 	8991
1705 	7723
9370
833 	1617 	1691 	5616 	6478 	7380 	7469 	8234 	9129
9496
341 	2986
300 	3228 	4202 	6349 	7668
123 	603 	743 	2575 	2854 	3408 	3441 	6189 	8060 	9021 	9034
209 	1778 	1797 	1906 	3279 	3823 	4632 	5174 	7201 	9080 	9646
1677
476 	6207 	6504 	8598 	9119
1836
3736 	4225 	7529 	8648
3935
2548 	2564 	3590 	4061 	4806 	5050 	5414 	6642 	7339 	7734 	7847
1152 	1973 	4461 	5412 	9061
1266 	1618 	2420 	2724 	3467 	3478 	3768 	4100 	5264 	7052 	9046 	9851
921 	1052 	2179
1729 	1999 	2468 	2712 	3258 	3424 	3585 	4176 	4214 	5032 	5281 	6458 	6463 	6493 	6521 	7093 	7295 	8400 	8404 	8753
871 	1887 	3347 	3488 	3600 	3899 	4107 	5748 	6136 	6163 	6584 	6647 	6832 	6859 	6947 	7872 	7933 	8188
822 	4877 	9368
2829 	3234 	6715 	9462 	9783
492 	1798 	3869 	4653 	7841 	8858 	9207 	9256
6167
1531 	2291 	5996
1130
5075
383 	7724
647 	2668 	3710 	3800 	4234 	4524 	5354 	7122 	7444 	7916 	9810
3956
5895
884 	3807 	6243 	6540 	6839 	7709 	9703
721 	2062
598 	1041 	1610 	2112 	2679 	3325 	4628 	4675 	4870 	4871 	4896 	5066 	5074 	5095 	5153 	7656 	8425
231 	1482
12 	1237 	1698 	2341 	4886 	5197 	5425 	5503 	5513 	5910 	8488 	9781 	9815
1454 	9762
1557 	3044 	4924 	6812
3337 	3544
1417 	2265 	8522
1945 	2562 	3902 	4848 	9624
871 	1421 	1531 	1722 	2220 	2241 	2243 	3185 	3415 	4667 	5058 	5416 	5906 	5925 	6864 	6875 	9050 	9114
4342
3981 	3988 	4230 	5028
1946 	8020 	8529 	9682 	9790
2992 	4002 	6049 	8435
129 	984 	1168 	3103 	3563 	3857 	3905 	4748 	4856 	4921 	5040 	8297 	9151 	9526 	9544 	9673 	9801
2112 	2527 	2528 	3107 	3162 	3858 	3935 	4854 	6748 	7010 	7050 	9589 	9810
2412 	4190 	4436 	4859 	5008 	5876 	6912 	6990 	7135 	7383 	7799 	7948 	7972 	8008 	8404 	8766 	9548 	9591 	9785 	9791
1385 	3543 	6088 	8020 	9600 	9602 	9682
2341 	3103 	4891 	7011 	8006 	8011 	9771
3685
6156 	6636
628 	736 	2444 	3016 	5428 	6156 	6337 	6636 	7751 	7876
751 	1630 	2135 	2338 	2518 	3065 	3095 	4158 	4277 	4742 	4806 	5075 	5299 	5414 	5604 	6083 	6815 	7563 	7830 	8193 	8222 	8430 	9076 	9599 	9701
9686
981 	1312 	5440
3956 	6531 	6853
1211 	1586 	2202 	2426 	2427 	3244 	3302 	3413 	4204 	4463 	4646 	5465 	5716 	8310 	8819 	8977 	9157 	9348 	9752 	9830
2420 	3417 	3885 	8068 	8437 	8991
222 	230 	970 	3627 	3833 	3929 	4088 	4092 	4491 	5678 	6149 	7348 	9667
1255 	3726
3290
4096 	4321
3674 	9593
4263
198
181
1747 	3871 	5791
978 	1211 	1586 	2017 	2202 	2426 	2427 	2611 	2658 	2659 	2950 	3244 	3302 	3413 	4083 	4129 	4204 	4463 	4646 	5084 	5354 	5465 	5716 	6739 	6816 	6867 	7155 	7459 	8310 	8598 	8682 	8819 	8977 	9157 	9337 	9413 	9752 	9830
1489 	7833 	9862
1756 	3356 	7183
572 	1503 	2109 	2419 	5909 	6967 	9501
418 	1934 	1992 	2168 	3390 	3438 	4877 	8413 	9208
2831
767 	2516 	5389
73 	771 	1674 	2827 	3529 	4619 	7752
4597 	6310 	8160
804 	1032 	1114 	1267 	1269 	1306 	1321 	2322 	2394 	2625 	3418 	4481 	4640 	4813 	5339 	5433 	5448 	5770 	7029 	7379 	7594 	7905 	8187
2 	6038
3061 	4112 	6540 	6616 	6806 	7687 	7688
3150 	4040 	7504 	8565
7563
135 	1739
2703 	3022
9422
4853
2036
3076 	5839 	9454
3173 	7851 	9299
4532
9281
2297 	2951 	3226 	3790 	7017 	7607 	7728
3808
4818
1864 	1954 	4470
2463 	3897 	5848 	5881
3194 	7834 	8015
1417 	3103 	4583 	4754 	5028 	5957 	7181 	7237 	8981 	9636
1907 	2882
119 	2302 	2331 	4581 	7244
341 	1349 	1940 	2484 	3176 	4011 	6075 	6222 	8224
554 	698 	1537 	1957 	5241 	8078 	8203 	8227
7947 	9073
2179 	7944
5493
3944 	6974 	7768
5664 	9068
2367 	8702
2016 	4179 	5391 	7494 	8199
222 	3246 	7122
1716 	1972 	4196 	4227 	4341 	5784 	6517 	7805 	7907 	8301
509 	2533 	2967 	6144 	6145 	6607 	6781 	7895 	8172
3439 	3524
4291
7724
2371 	2786 	3405
2818 	5295 	7128
2444 	4743 	4754 	6337 	6992 	8765
4924
1366 	2517 	3286 	4137 	5835 	9531 	9746
2075 	5954
5686
2793 	3835 	4645 	9094
922 	2959 	3339 	7574 	8418 	9030 	9753
1360 	3452 	3537
649 	1187 	1334 	1888 	1920 	2084 	2373 	2401 	3428 	3926 	4978 	5089 	5704 	6889 	7446 	7797 	7833 	8316 	8317 	8398 	8888 	9496
9482
1465 	6111
3549
451 	620 	737 	1490 	2123 	2519 	2712 	2722 	2786 	3523 	3549 	4642 	5008 	6136 	6179 	6796 	6912 	7773 	7816 	7948 	8262 	8404
566
757 	1326 	2186 	2366 	3122 	3237 	5584 	6179 	6271 	6647 	8525 	9106 	9537
4266
964 	3498 	3855 	3994 	4110 	4387 	5649 	9348
1205 	2343 	4233 	5025 	5736 	5895 	8333
5536 	7820 	9431
2 	58 	465 	724 	765 	789 	903 	935 	1119 	2168 	2523 	2750 	2793 	2868 	2969 	3920 	4228 	4704 	6537 	7198 	7374 	8744 	9241
717 	828 	1753 	3076 	4958 	5259 	6185 	6999 	7761 	7892 	9454
222 	8786
1838 	2336 	7444 	8770
7803
404 	1634 	3246 	3889 	4089 	4341 	5407 	8571
8698 	9364
1668
1616 	6580 	9535
5051 	5226 	6802 	7870
1228 	2819 	4702
3871 	5791
75 	2074 	5284 	7696 	8113
4464
3501 	4990 	8413
5536 	7820 	9415
712 	4130
3018 	3038 	6922 	7005 	7846 	9533
881 	3959 	4194
844 	8367 	9243
3240 	8887
5859 	6513 	7692
5331
1682 	2334 	7348 	9556
7367 	8500
45 	3337 	4660 	4818
6 	77 	764 	985 	2306 	4105 	4427 	4486 	4909 	5277 	5608 	7437 	8630 	9692
7813
3079 	4967 	6177 	7813
1796 	2029 	4036
795 	1076 	1204 	1376 	3477 	4499 	6884 	9856
2463 	3706 	6404 	7494
307 	2223 	3197 	3497 	3793 	5622 	7127 	7907 	8081 	8531 	8733
9818
1017 	3356
168 	1186 	1558 	1621 	2340 	3489 	4471 	4688 	5226 	6048 	6548 	6952 	7069 	7711 	7938 	8271
1362 	2896 	4902 	7300 	9043
9534
3076 	4784 	9367 	9417
816 	4125 	5425 	7914 	8539
1389
3125 	3301 	4259 	7289 	7803 	8182
1037 	1150 	2883 	8140
4770
3192 	3703 	6409
3790
1053 	2829 	3234 	6444 	6445 	6715 	9300 	9783
3928 	4804
8664
2786 	4393 	4990 	5577 	6881 	8989
495 	4064 	8891
3883 	6566
213 	329 	444 	1654 	2024 	2190 	3245 	3546 	5244 	5299 	6793 	8155
4748 	7581
2665 	6871 	9099 	9213
7518 	8767
2167 	3999 	5407 	5996 	7282 	8641
4901 	6318
2469
3048 	3240 	6377 	6414 	7235 	7321 	8707 	8781 	8976 	9711
4990 	8141
4736 	5925
89 	377 	421 	431 	1084 	1893 	1955 	2069 	2089 	2284 	2323 	2463 	3339 	3893 	4193 	5644 	5858 	6293 	6404 	6631 	6843 	7444 	7494 	8827 	8957 	9156 	9260 	9754
4269 	4560 	8305
3047 	3221 	3801 	3836 	9171 	9703
800 	5481
2856 	2882 	4011 	5010 	5473 	8426 	9406
4236 	8983
375 	644 	2046 	2270 	2767 	4487 	4837
3240
857 	5060 	7755
873 	4065
28 	651 	1234 	1529 	2311 	3022 	3368 	3786 	3966 	4014 	4018 	4270 	4989 	5029 	5048 	5277 	5685 	6136 	6163 	6647 	6859 	6971 	7038 	7201 	7300 	7491 	7946 	8106 	8731 	8838 	9101 	9102
732 	1701 	1879 	2248 	3171 	6514 	6971 	7367
2647 	7756 	8535 	9513
4281
43 	94 	331 	390 	632 	735 	737 	1908 	1986 	1999 	2072 	2517 	2539 	2703 	2824 	2949 	2966 	3065 	3091 	3207 	3509 	3938 	4266 	4772 	4849 	5151 	5606 	5739 	5766 	6000 	6454 	6861 	6880 	7107 	7425 	7844 	7889 	7938 	8132 	8476 	8539 	9076 	9617 	9869
581 	2224 	2700 	4048 	8163 	9141
1220 	5046 	6765 	8285 	8717
8090
1187 	3926 	7833 	9283 	9405
2052 	6193 	8346
387 	3788 	5949
9869
1837 	3706 	5104 	5112 	6404 	6813 	7494
572 	1503 	2109 	2419 	5909 	6967 	9351
8475 	9178
8920
2032
246 	621 	720 	916 	1016 	1861 	2193 	3205 	4119 	4159 	4744 	5058 	6379 	6489 	7698 	8138 	8239 	8691
75
741 	2524
4021
651 	1472 	3966 	7062 	7072 	7201 	8072
99
699 	2536 	3667 	4280 	6148 	8840 	8930
152 	5476
1162 	2647 	6676 	7756 	8314 	8535 	9490
6868
783 	3807
9756
33 	227 	229 	520 	544 	627 	1003 	1775 	3661 	6017 	6112 	7220
2466 	3293 	7083
4660
459 	529 	2817 	5220
2080 	8774
2168
2464 	4563
5012
350 	1418 	3317
376 	1168 	1407 	1410 	1418 	1942 	2583 	3103 	3563 	3849 	3905 	4848 	4856 	4921 	5040 	7530 	8297 	8548 	8709 	9011 	9325 	9544 	9783 	9801
856 	1479 	1680 	1808 	4863 	4922 	5408 	9802
9552 	9773
1172 	4986 	6946
1350 	4185 	5286
73 	456 	743 	811 	1170 	1409 	1416 	1490 	2411 	2626 	2672 	3102 	3286 	3454 	4347 	4514 	4851 	4887 	5009 	6076 	6324 	7422 	7907 	9399 	9531 	9596 	9672 	9677 	9813
2144 	5889
788 	2746 	3018 	3038 	4462 	4470 	5301 	6922 	7005 	7846 	9433
9453
1616 	9424
1925 	2061 	5359
726 	1049 	3358 	5935 	7777 	8976 	9411
1023 	4105 	4427 	8382
142
1143 	2303 	2728 	6567 	9758
9689 	9741 	9803
3854
4321
908 	1596 	2135 	2736 	2738 	2755 	3512 	3681 	3741 	3861 	3905 	3996 	4927 	5282 	8284 	8569 	9016 	9325 	9526 	9599
6670
2626
4861 	6890
4190 	5008 	5686 	5863 	6912 	6913 	7799 	7948 	8404 	8766 	8890 	9327
4850
2057 	3853
2172 	2796 	4191 	4508 	5143 	6297 	6852 	7468 	9266
9528 	9773
5354
1157 	1674 	2653 	3118 	6949 	7150 	7417 	7418 	8010 	8330 	8992
2358
3001 	5082 	6507 	9439
348 	5739 	6569 	7479 	7987 	9785
2588 	3281 	3284 	3285 	5095 	6012 	6283 	7668 	8866
3225 	3628 	3948 	5352 	5386 	6410 	8506 	8654
5095 	8632 	8866 	8947
3404 	4097 	4523
1778 	7090
480 	3525
9266
5035 	8145 	8416
337 	3652 	5658 	5963 	8727
8724
5814 	8849
8654 	9012 	9586
415 	2135 	2584 	3283 	3996 	4090 	4234 	4554 	5656 	5986 	6337 	8549 	8601 	9599
1616 	6580 	8388 	9703
2578 	6342 	7819 	7822 	9798
1381 	2579 	3442 	4096 	4548 	5032 	5976 	6027 	6152 	6178 	6335 	6361 	9663
3281 	3730 	8511 	8657
4051
3433 	3997 	9015
3271 	3307 	3514 	5656
2582 	2585 	3680 	3727 	3728 	3767 	5655 	5904 	7899 	8953 	9582 	9661
300 	3681 	6217 	6293 	6309 	7531 	7668 	8503 	8650
336 	415 	4073 	4091 	4568 	5381 	7523 	8944 	9599
1395
3728 	3767 	5378 	5655 	6216 	6332 	9578 	9661
7542
8657
4354
3125 	3226 	3270 	3743 	4219 	5622 	8510 	8644 	8654 	8948 	9012 	9569
3433
741 	1627 	7427
3935 	9326
2444 	3701 	3855 	4110 	5649
2341 	3857 	9327
2056
444 	2258 	3205 	3674 	4099 	5906 	8425 	9343 	9781
99 	2306 	3559 	4206 	4747 	7252
2057 	3853
99 	1369 	1408 	3524 	4208 	4209 	4210 	4212 	4214 	4746 	4747 	4752 	4754 	4856 	4887 	6324 	6551 	9531 	9677
6125
1012 	3572 	9784
2135 	2577 	2584 	3512 	3741 	3996 	4090 	4091 	4253 	5073 	5690 	6208 	6327 	6392 	8726 	8859 	9007 	9333 	9544 	9570 	9580
1385 	1411 	2286 	3543 	8020 	9328 	9785
1418 	4760 	5362 	6268 	7120 	9240
1417 	1860 	2286 	2366 	2673 	3543 	4855 	5609 	6880 	7075 	8020 	9328 	9682 	9806 	9812
94 	573 	1014 	2497 	2669 	2902 	3675 	3750 	4014 	4227 	4277 	4806 	4949 	4989 	5151 	5237 	6463 	6630 	6724 	7464 	7734 	7805 	7850 	8300 	8301 	8302 	8348 	8753 	8934
1014 	3750 	8301 	8753
4655
1403 	8318
2341 	9722 	9788
2623 	8899
1108 	4589 	6747
6083 	7146
1019 	7306
3492
3272 	3996 	4519 	5651 	6307 	6401 	6450 	7530 	7657 	8607 	9769
6322 	6355 	8548
295 	765
5350
258 	1440 	1715 	2397 	2548 	2947 	3275 	3506 	3536 	3565 	4277 	4817 	4858 	4921 	4925 	6305 	7286 	7453 	8230 	8476 	8753 	8777 	8823 	9492 	9735
179
327
983 	2416 	8825
4788 	8768
162 	453 	490 	2934 	3105 	3678 	9080
4332
9319
6160
307 	1970 	6908
478 	3614 	4195 	4205 	4206 	4209 	4214 	4215 	4751 	4752 	4753 	4760 	5012 	5738 	5953 	6557 	7201 	7665 	8047 	8259 	8298 	8753
514 	4218 	6311
1186 	4266 	5151
1422 	3454
3454
3573 	7990
3277 	3532 	3533
2214
1665 	4079
478 	728 	2712 	2786 	2982 	3358 	3512 	4206 	4214 	4721 	4747 	4754 	5561 	6555 	8419 	9377
4754 	8859
1217 	8487
98 	9001
3943 	4747 	4759 	6551 	6552 	9652
94 	639 	640 	871 	1436 	1781 	3512 	3938 	5792 	6397 	6463
812 	3319 	3846
5039 	7819 	9798
3054 	4856
917 	1111
1906 	3823 	5174 	9287
3403 	4524 	5981 	9035
3671 	5380 	5981 	6323 	9662
2167 	3423 	3970 	4896 	5095 	6366 	7536 	8376 	8947
8551
370 	415 	3223 	3844 	4106 	4579 	4851 	5609 	6343 	7900 	8508
3837 	3943 	4209 	4211 	4747 	4759 	5603 	6551 	6552 	9640 	9653
4209 	4759 	5603 	6552 	9652
3499 	4218 	6311 	6313 	6561 	8046
1054 	1722 	4218 	4219 	6557 	6561
4209 	4211 	6293 	6551 	6561 	9656
29 	245 	1079 	1471
3134
8165
349 	1441 	2498 	2607 	3653 	4376 	4395 	5282 	5666 	7529 	7532 	8323 	8357
3728 	3767 	5655 	9578 	9582
4524 	5203 	5981 	6323 	9648
2579 	3541 	3877 	4548 	5376 	8049 	9573
369 	8658
3434 	4090
5439 	6000
222 	230 	3627 	3833 	4092 	9339
99
5918 	9778
1722 	6463
1037
9531
129 	984 	2464 	4748 	9325
5230 	8490 	8521
2287 	3857 	6734 	7122 	9772
4921
6202 	9531 	9596
714 	1351 	4313
2781 	4975 	5996
5987
3060
2324 	3543 	6668 	8020 	9323 	9328 	9602
988 	9807
1787 	3215 	3630 	4088 	6286 	8946
2913 	5277 	9081
347 	609 	624 	3338 	4056 	5649 	6418 	6734 	8549 	9334
4109
8086
9541 	9741 	9803
4842 	7163
160 	1395 	4394 	7842
77 	289 	764 	985 	2530 	2913 	3262 	4152 	4427 	4486 	4909 	5277 	5608 	5624 	5784 	7437 	9442
136 	694 	2313 	3158 	3602 	4902 	7480 	7848 	9795
278 	2402 	5193 	5195 	5261 	5262 	7356 	8270 	9241
2256 	3756 	5843 	8912
484 	506 	1009 	6981
1719 	2271 	6895 	9013 	9254
8071
12 	13 	209 	1090 	1121 	1748 	3747 	5178 	5686 	7577
279 	309 	798 	806 	855 	1650 	2253 	2352 	2513 	2557 	2808 	2824 	3057 	3207 	4111 	4937 	5525 	6577 	6742 	6819 	6927 	7128 	7169 	7467 	8456 	8841 	9716
1060 	1630 	1746 	2167 	3095 	3382 	5609 	5685 	9333
2535 	8472
1431 	1616 	2170 	3221 	3497 	3807 	3929 	6148 	6243 	6540 	6580 	7213 	8151 	8388 	8493 	9173 	9310 	9480 	9571 	9866
7665 	7768
2726
4392 	9131
8438
4162
3907 	6171 	6777 	9844
1429 	1990 	2144 	3063 	6011 	6884 	8434 	9081
1145 	1490 	1659 	2108 	2218 	2545 	3048 	3696 	4398 	4531 	5034 	6810 	7442 	7639 	7814 	8417 	8429 	8781 	9475 	9729
385 	1824 	2099 	3229 	4651 	7132 	9069
2248 	2712 	4334 	5346 	6647 	8885
628 	1392 	2306 	2338 	2456 	2490 	2773 	5036 	7563 	9714
209 	1490 	1952 	2679 	2882 	3979 	5250 	6906 	7036
908 	2253 	2513 	3057 	7169 	8841 	9700
4933 	8571
6475 	7117 	8867
599 	3013
3806 	4782 	8515
354 	512 	1375 	1603 	1637 	1678 	2657 	3356 	3582 	5304 	6358 	6866 	7276 	7487 	7766 	8699 	8915
2341 	9607 	9788
8266
806 	1042 	1157 	1368 	1846 	1859 	2513 	2805 	3022 	3058 	4278 	5316 	6667 	6710 	6720 	6738 	6971 	7160 	7300 	7491 	7612 	7946 	8173 	8739 	8917 	9043
6467 	6470
375 	1617 	9113
7114
441 	2543 	4047
9711
897 	1010 	5418 	5689 	6890
80 	222 	1283 	1405 	1425 	1909 	2206 	2313 	3264 	3793 	5141 	6363 	6984 	7907 	8224 	8571 	8809 	8934
5581
1994 	9031
8184
1440 	2936 	4277 	4817 	6885 	7938 	8419 	8476 	9617
209 	726 	2878 	3871 	3938 	5398 	5614 	6685 	7058 	7442 	8308
3027 	7024 	8677
5160
1109 	2144 	3387 	3699 	4266 	8301 	8934
8061 	8221
9541 	9689 	9803
4512 	5443 	7942
1133 	3022 	3975 	4310 	6486 	7024
1133 	4613
7161
532 	1038 	2329 	3286 	3409 	3524 	4036 	4315 	4347 	4998 	5546 	6411 	6550 	7697 	8284 	8569 	9399
2820 	4193
3592
8995
2455
2419
1211 	1586 	2202 	2426 	2427 	3244 	3302 	3413 	4204 	4463 	4646 	5465 	5716 	8310 	8819 	8977 	9157 	9337 	9348 	9830
3339 	8418 	9403
499 	1778 	2252 	2554 	2601 	3121 	4798 	5858 	6139 	8544 	9134 	9478
1224 	1228 	2080 	2127 	2491 	2512 	3583 	4807 	5508 	7866 	8146 	8924
2157 	3094 	3605 	5854 	9516
7695
1143 	2303 	2728 	6567 	9540
580 	4701
37 	668 	754 	1311 	1652 	2567 	2908 	5282 	7255 	7510 	8311 	8663 	9210
6840
299 	1454 	4055 	5940 	7551 	9315
2680 	3814 	5894 	6692
67 	813 	1104 	1105 	1150 	1179 	1547 	2092 	2161 	2383 	2756 	2883 	4240 	4810 	5601 	5764 	6217 	6291 	6293 	9112
7039 	7522
832 	2176 	2325 	4778 	5778 	6845 	7109 	7846 	8286 	8680
1468 	3962 	5740 	8349 	8352
6058
5651 	6401 	9613
9793
9329
9675
9528 	9552
4856
2057 	2561 	3189 	3433
2005 	2040 	2784 	3529 	3717 	4750 	4925 	5167 	5430 	5876 	6433 	6552 	8634 	8747 	9785 	9819
1423
5918 	9669
4004 	6663
4923 	6669
456 	1133 	1237 	3205 	5058 	5137 	5298 	5344 	5425 	6083 	6220 	6800 	7024 	7076 	9314 	9593
1857 	3563
2673 	2829 	3103 	3234 	3235 	6715 	9300 	9462 	9526
1012 	3572 	4851 	4890 	6789 	9598 	9785
348 	996 	1170 	1846 	1946 	2064 	2924 	3399 	3561 	3587 	3681 	3712 	4387 	4436 	4852 	4859 	4908 	5219 	5841 	5876 	5931 	6288 	6552 	6789 	6990 	7987 	8089 	8863 	8939 	9327 	9557 	9600 	9776 	9784 	9791 	9810 	9816 	9831
4859 	5555 	5841 	9810
6147 	8486
2341 	9607 	9722
477 	1128 	2105 	7546 	7599 	9026
1946 	3321 	3543 	4878 	5614 	7013 	8529 	9323
2924 	5008 	6912 	9327 	9785
3103
1978 	2271 	2390 	2877 	2895 	6030 	7321 	9770
2961 	4152 	5624
516 	1734 	3662 	4902 	6892 	7387 	8966 	9693
1090 	3114
9067
2578 	4857 	4929 	5039 	6342 	7819 	7822 	9572 	9643
1413 	2290 	3104 	4924 	5040
4848
3563 	9325 	9526
856 	1479 	1680 	1808 	4863 	4922 	5408 	9527
9541 	9689 	9741
1012 	1442 	2461 	2571 	3183 	3793 	4341 	4342 	6517 	7907 	8290 	8411 	8881 	9173
463
4855 	9602 	9812
988 	9683
7789 	7862 	8169 	9813
8521
1145 	2606 	4253 	4289 	4484 	4524 	4859 	5555 	5838 	5841 	5876 	6324 	6990 	7122 	8041 	8696 	9307 	9326 	9785 	9786 	9831
609 	2535 	3016 	4554 	4947 	6636 	7535 	9855
4855 	9602 	9806
3634 	9531 	9808
2341
12 	9314
1182 	1351 	1416 	4752 	4761 	4852 	5041 	7970 	8169 	9785
965 	2893 	3068 	4489 	4541
737 	751 	3293 	9082 	9449 	9869
5167 	9776
2113 	4184 	4286 	5169 	6725 	7173 	7329 	7812 	8827 	8828
583 	3121 	5627 	9215
1924
7295
1012 	7870
4975 	5996 	6732
321 	4265 	6776
121 	516 	2319 	4549
1697
318 	1156 	1596 	2360 	2874 	3072 	5461 	6196 	6474 	7146 	7232 	7683 	7850 	8130 	8319
1211 	1586 	2202 	2426 	2427 	3244 	3302 	3413 	4204 	4463 	4646 	5465 	5716 	8310 	8819 	8977 	9157 	9337 	9348 	9752
1045 	4269 	4759 	4859 	5838 	5841 	6552 	6990 	7432 	8089 	8633 	8696 	9785 	9810
8940
7449
2245 	2247 	2497 	2803 	3078 	3835 	5802 	6185
260 	4105 	9855
4292 	8940
929 	2256 	2907 	5324 	5705 	8004 	8180 	8236
1115 	3172 	6223 	8075
2817
455 	1214 	4821 	7023 	7423
8623
8941
414 	1525
3907 	6171 	6777 	9709
4394
2102 	2649 	9849
5936 	6948
1430 	4826 	6382
2002 	2102 	2649 	9846
4009 	4033 	4111 	4321 	4517 	5019 	5048 	5089 	5209 	5469 	5712 	5823 	8724 	8886 	8901
236 	9295
1532
7817
325 	5468
650 	2497 	3751 	4808 	4947 	6636 	6739 	9811 	9835
115 	1429 	6884 	9196 	9446
602
4224 	4858 	9269
7146 	7683
8806
5244 	6550 	7222 	7455
371 	995 	1334 	1489 	1490 	2626 	3454 	5753 	6301 	6592 	7760 	7833 	9114 	9349
1529 	3095 	3966 	7062 	7294 	8662
263 	2352 	3757 	4139 	4494 	4741 	6143 	8262
273 	4622 	4626 	6633
620 	1700 	2967 	7706 	9703
3470 	9187
209 	539
675 	728 	737 	751 	1213 	1903 	2028 	2611 	2628 	3281 	3293 	3708 	3775 	4535 	4923 	5604 	5673 	5739 	7060 	7108 	7124 	7912 	8303 	9076 	9492 	9499 	9818
456 	1044 	2220 	2352 	2368 	4439 	6624 	6680 	7031 	7239 	7872 	7933 	8133
7676 	8728
694 	1002
7817
239 	725 	2122 	6260 	7837 	8910
2450 	2730
3988 	6714
