7764
2 	404 	881 	1208 	1278 	2116 	2291 	4466 	7529
1 	404 	606 	607 	1278 	2116 	2291 	4466 	7440
4 	5 	146 	798 	1990 	5219 	6744
3
3
7
6 	817 	1657 	1997 	2643
9 	796 	797 	1017 	3160 	4275
8 	2351 	2557 	2620 	2982

12 	13
11 	13
11 	12
15 	16 	1747 	6083
14 	16
14 	15
22 	23 	1464
19 	655 	1451 	2220 	2623 	6503
18
21 	2110 	2111
20 	3048 	7184 	7185
17 	23 	84 	85 	90 	113 	357 	358 	584 	963 	1180 	1464 	1500 	1501 	1793 	1794 	2258 	3290 	3437 	4640 	4992
17 	22 	80 	85 	531 	584 	611 	888 	963 	978 	979 	1180 	1189 	1274 	1464 	1488 	1490 	1494 	1500 	1501 	1609 	1735 	1793 	1794 	1817 	2048 	2137 	2258 	3399 	3437 	3761 	4504 	4583 	4954 	5622 	5822 	6846 	6974 	7600
275 	304 	817 	973 	1267 	1565 	1566 	1614 	1615 	2623 	3883 	3884 	3983 	4083 	8334
26 	27 	6999 	7000
25 	27 	1181 	1199 	5384 	6999 	7000
25 	26 	727 	859 	868 	5991
29 	30 	163 	1580 	2429 	2430 	2431
28 	30 	1575
28 	29 	1575
32 	506 	1259 	1811
31
34 	245 	246 	247 	375 	756 	1203 	2591 	2785 	3131 	3147 	3668 	3980 	5046 	5455
33 	115 	126 	191 	478 	479 	692 	693 	694 	861 	916 	989 	1200 	2067 	2069 	2785 	3131 	3147 	3668 	3980 	5455 	5810 	7008
662 	1658 	2463 	2996
37 	38 	42 	167 	192 	479 	912 	1514 	1679 	1737 	1831 	1855 	1869 	2024 	2774 	3236 	3676 	6116
36 	38 	92 	93 	94 	192 	483 	484 	655 	861 	872 	883 	912 	920 	1679 	1831 	2094 	2454 	2455 	3401 	3426 	3676 	5382 	6116 	6196 	6949 	7222
36 	37 	167 	187 	472 	479 	543 	544 	661 	674 	861 	883 	995 	1331 	1514 	1768 	1831 	1893 	1931 	2108 	2266 	2566 	2567 	3068 	3401 	4126 	4927 	5162 	5826 	7284 	7371 	7838
40 	41 	174 	175 	493 	494 	1493 	1592 	1710 	2956 	3057 	3410 	4151 	5017 	5054 	5459 	5734 	6035 	7373
39 	41 	74 	275 	450 	492 	643 	683 	882 	973 	986 	996 	1083 	1267 	1452 	1453 	1583 	1801 	1956 	2615 	3193 	4653 	5396
39 	40 	494 	1763 	3385 	5017 	5313
36 	43 	68 	93 	370 	445 	955 	1251 	1255 	1257 	1285 	1786 	2358 	2774 	3970 	5900
42 	445 	955 	973 	974 	1255 	1257 	1285 	1295 	1573 	1602 	5827 	7756
45
44
47 	1369 	1370 	4347
46
49 	50
48 	50 	594 	595
48 	49

479 	529 	545 	546 	547 	883 	1304 	1776 	1777 	1830 	1831 	2286 	2378 	4835 	5247 	5861 	5862 	6465 	7210 	7211
2953 	2954

218 	704 	996 	2768 	3192 	7955
57 	338 	339
56 	6402
59 	60
58 	60
58 	59
62 	161 	1814 	1852 	2538 	5023 	8125
61 	606 	929 	1514 	2538 	6577
64 	403 	867 	2853
63 	1294 	1349 	6650 	6651
66 	67 	4254 	4346 	4412 	4867 	5274 	5385 	5821
65 	67 	825 	1978 	4878 	5205 	8345
65 	66 	419 	420 	1694 	2363 	4584 	6082
42 	131 	137 	333 	1251 	1844 	2221
70 	2897 	3446
69 	95 	2685 	2686 	2896 	3934
1556 	1557 	1558 	4103 	4104
73
72 	211 	1054 	1122 	1409 	1410 	2045 	2046 	2964 	3239 	3469 	4686 	6429
40 	737 	765 	882 	1083 	1331 	1583 	1737 	1828 	2094 	4750 	5815
76
75 	1504 	2019 	2262
78 	419 	482 	490 	764 	1339 	2056 	5077 	5256
77 	765 	1187 	1583 	2107 	3376 	3910 	4827 	4857 	5307 	5336
967
23 	81 	82 	83 	414 	481 	505 	506 	529 	608 	1488 	1735 	1753 	2604 	4953 	7592 	7697
80 	82 	83 	240 	414 	481 	608 	1189 	1224 	1602 	1620 	1753 	2402 	2403 	3315 	4001 	4953 	5260
80 	81 	83 	529
80 	81 	82
22 	85 	90 	113 	160 	214 	215 	357 	372 	373 	1194 	1195 	1369 	1370 	1500 	2493 	4166 	4221 	8313 	8314
22 	23 	84 	357 	358 	888 	1494 	1609 	1793 	1843 	4992 	6677
87 	100 	324 	325 	411 	671 	678 	722 	781 	959 	966 	999 	1000 	1397 	1779 	1888 	2146 	2346 	2543 	2703 	2707 	2853 	2854 	3060 	3275 	3656 	3772 	3803 	3939 	3975 	3990 	3991 	4557 	4558 	4612 	4613 	4819 	4874 	4882 	5085 	5086 	5252 	5919 	5920 	5968 	6424 	6752 	6892 	7342 	7712
86 	722 	781 	1779 	1888 	3772 	3939 	3975 	4557 	4558 	5919 	5920
183 	444 	480 	621 	622 	1175 	1569 	1570 	1628 	3192 	3272 	3423 	3472
90
22 	84 	89 	113 	1194 	1195 	2888 	2889 	3159 	3290 	8096
1613 	3871 	7810
37 	93 	94 	105 	184 	277 	370 	655 	763 	809 	872 	912 	955 	1251 	1285 	2597 	4122 	7174
37 	42 	92 	94 	192 	370 	484 	655 	811 	818 	872 	879 	880 	883 	912 	955 	1710 	1768 	1787 	3236 	4040
37 	92 	93 	872 	1753 	1869 	4310 	7267 	7470 	7471 	7472 	8060
70
97 	118 	119 	120 	121 	350 	582 	1376 	1378 	1380 	2126 	2128
96
99 	100 	101
98 	100 	101 	553 	556 	575 	786 	891 	1311 	2816 	3113 	4279 	5342 	7986
86 	98 	99 	101 	786 	1103 	2707 	2816 	2854 	3902 	3939 	4292 	5357 	6672 	6752 	6892
98 	99 	100 	556 	786 	891 	1796 	2169 	2170 	2171 	2816 	3113 	4279 	5755 	6892
404 	430 	1239 	1526 	2013 	2115 	2222 	2545 	2784 	2858 	4073 	5009 	5250
104 	105 	106 	620 	771 	929 	996 	1257 	1814 	2827 	2961 	3417 	6299 	6486 	7099
103 	105 	106
92 	103 	104 	106 	184 	414 	661 	732 	733 	809 	883 	1179 	1280 	1515 	1841 	1893 	2025 	2098 	2326 	2807 	2808 	2809 	3139 	3609 	4027 	4602 	5382 	5760 	7678
103 	104 	105
152 	1533 	4233
109 	676 	3957 	4088 	5065 	5066 	5067
108
766
112 	209 	210 	1492 	2757 	4120 	4709 	5120 	5121 	6140 	6344 	6345 	6346 	7801
111 	1491 	1492 	5121 	8193
22 	84 	90 	372 	373 	1497 	1500 	1609 	1610 	1611 	1686 	2493 	2662 	4221 	5125 	5126 	5927 	6544
115 	116 	117 	220 	290 	674 	1536 	2546 	2839 	4535 	4654 	5302 	5303 	5325 	6572 	6635 	6636 	7347 	7889
34 	114 	116 	117 	1200 	2585 	7955
114 	115 	117 	220 	290 	383 	402 	674 	1536 	2113 	2209 	3610 	4654 	5325 	6572 	6635 	6636 	7648
114 	115 	116 	1200 	1409 	1701 	2147 	7010
96 	119 	120 	121 	1198 	1752 	1753 	4308 	5179 	5508 	7170
96 	118 	120 	121 	582 	8000
96 	118 	119 	121 	911 	1093 	1668 	4314 	4371
96 	118 	119 	120 	350 	582 	910 	1347 	1372 	1376 	1378 	1380 	1752 	2126 	2128 	5142 	7374 	7375
123 	196 	278 	472 	480 	545 	546 	547 	674 	744 	767 	768 	929 	1199 	1258 	1273 	1285 	1291 	1392 	1466 	1716 	1717 	1737 	2216 	3003 	4162 	5053 	5326 	6040 	6086 	6209
122 	161 	278 	414 	472 	547 	768 	1258 	1285 	1392 	1466 	1737 	2123 	2216 	3578 	4263 	4373 	4623 	5348 	5470 	6040
125 	359 	3278 	3530 	3531
124 	615 	762 	925 	1780 	1781 	1782 	1783 	8074
34 	127 	916 	2069 	2209 	2264 	2463 	2570 	3892 	6973 	7259
126 	2570 	2777
1747 	4881
130 	2659
129 	1803 	2047 	2048 	4388 	6469 	6661 	7442
68 	132 	1201 	1202 	2645 	3705
131 	790 	1201 	1202 	2645 	3705 	3715 	4038 	5916 	7918
152 	368 	369 	662 	727 	830 	831 	870 	1892 	2262 	2382 	2482 	3372 	3374 	4642 	4967 	5356 	7439
135 	243 	3598
134 	243 	561 	3576 	3598 	5930
137
68 	136 	333 	334 	1461 	1844 	2221 	5137 	5775
234 	2286 	2351 	4925 	5768
140
139 	2254 	5746 	6537
142 	974 	1212 	1213 	1535 	1606 	2542 	5146 	5921
141 	163 	442 	443 	1212 	1240 	1535 	2542 	4177

145
144
3 	147 	798 	7431
146 	173 	311 	743 	2206 	7269 	7270
149 	150 	1588 	1589 	3039 	4650 	4651
148 	150 	618 	1989 	5110
148 	149 	1989 	5110
4855
107 	133 	436 	629 	1351 	1533 	1594 	2019 	4119 	7168
154 	1895 	2975 	3276 	3371 	4810 	4811 	4812 	6826
153 	1812 	1895 	2031 	2032 	2224
156
155 	869 	1151 	2436 	2934 	4249 	5539 	6628
884 	1603 	2098 	2101 	2922 	3722
414 	562 	865 	1630 	1631 	7444
441 	1630 	2347 	4277 	6263
84 	3268 	6307 	8200
61 	123 	472 	744 	767 	768 	777 	1258 	1559 	1814 	1852 	3032 	5122 	7758 	8214
163 	1009 	7461
28 	142 	162 	227 	350 	396 	450 	513 	1212 	1535 	1554 	1555 	1580 	1607 	4251 	4429 	7836
165 	166 	167 	192 	852 	954 	995 	1331 	1615 	3014 	3370 	3596 	4603 	5814 	5815 	7138
164 	166 	167 	230 	231 	1222 	1331 	1408 	1595 	2912 	3122 	4502 	4517 	4603 	5814 	5815 	7412
164 	165 	167 	192 	954 	995 	4603
36 	38 	164 	165 	166 	187 	192 	226 	479 	655 	674 	737 	791 	852 	883 	916 	920 	954 	995 	1203 	1315 	1331 	1514 	1600 	1601 	1615 	1639 	1644 	1785 	1800 	1892 	1893 	1993 	2264 	2452 	2460 	3014 	3068 	4027 	4603 	5739 	6965 	8039
169 	170 	171 	225 	2580 	2966 	3766 	3829 	5160 	6488
168 	170 	171 	819 	825 	2580 	2939 	4878 	8131
168 	169 	171 	180 	181 	1458 	3176 	3416 	5845 	6886 	8075
168 	169 	170
173 	311 	743
147 	172 	311 	743 	2206 	2207 	2577 	3274 	4245 	4848
39 	175 	881 	1590 	1592 	1803 	1854 	2407 	2545 	2644 	5381
39 	174 	676 	881 	1590 	1592 	2407 	2545 	3065 	4339 	4494
177 	230 	432 	794 	1180 	1383 	1866 	2621 	2666 	4873 	5080 	5176 	6110 	7152
176 	432 	434 	1180 	4300 	6998 	7532 	7628
179 	5117 	5175 	5176 	7923
178
170 	181 	1458 	1482 	1542 	1569 	2543 	2702 	3229 	4074
170 	180 	1458 	1542 	2702 	2703
183 	220 	480 	727 	1189 	2586 	2773 	3732
88 	182 	220 	480 	601 	730 	1569 	1570 	1628 	2586 	2773 	2945 	3122 	3272 	3732 	4745 	5210 	6568 	7349
92 	105 	472 	473 	474 	661 	809 	872 	883 	955 	1169 	1514 	1768 	1841 	1842 	2264 	2597 	3213 	3253 	3609 	3720 	5349 	5619 	5752 	7558
186 	2350 	2364 	5193 	6020 	6388 	7173
185 	1508 	2364
38 	167 	188 	674 	1514 	1893 	4514
187
190 	1260 	5140
189 	1260 	5140
34 	192 	861 	1331 	1515 	1616 	1617 	1618 	1619 	1620 	2067 	2357 	2396 	3749 	3750 	3767 	3768 	4489
36 	37 	93 	164 	166 	167 	191 	370 	448 	751 	912 	954 	955 	995 	1315 	1600 	1601 	1616 	1800 	2452 	2466 	3866 	5053 	7558 	8078
1851 	3341 	5135 	6103 	6466 	8046 	8222
195 	196 	197 	198 	599 	852 	1289 	1592 	1757 	2888 	4243 	4244 	4833 	5995 	5996 	6723 	6724
194 	196 	197 	198 	511 	599 	1757 	2207 	5817
122 	194 	195 	197 	198 	599 	840 	852 	881 	1258 	1289 	1757 	1803 	2369 	2997 	3612 	4243 	4244 	4833 	5317
194 	195 	196 	198 	509 	511 	599 	1757 	1900 	5317 	8225
194 	195 	196 	197 	599
200 	201 	1964
199 	201
199 	200 	1964
203 	204
202 	204
202 	203 	1448 	7484 	7485
206 	2057
205 	2057

209 	210
111 	208 	210 	5120 	5121
111 	208 	209 	5120 	5121
73 	1054 	1122 	1700 	2045 	2046 	2531 	3469 	3755
959 	1170 	2014 	2825 	3295 	4038 	4039
357 	389 	391 	553 	2116 	5246 	5881 	6296 	6591 	6681 	6785 	6786 	7786
84 	215 	4166
84 	214 	4128 	4129 	4130 	4131 	4132 	4166
328 	4676
235 	1697
55 	219 	4522 	4749
218
114 	116 	182 	183 	240 	631 	730 	745 	1170 	1189 	1222 	1505 	1595 	2773 	2945 	3732 	4138 	4375 	4654 	5210 	5271 	6572 	6635 	6636
222 	719 	794 	3037 	4342
221 	794 	1273 	1368 	2691 	2694 	5408
224 	225 	1608
223 	225 	1608
168 	223 	224 	2966 	2967 	3766 	5831
167 	227 	791 	1602 	3530
163 	226 	350 	513 	768 	1258 	2026 	2220 	3016 	3530 	4622 	4623 	8255 	8256
229 	2179
228 	1246 	1698 	2502 	4385 	7728
165 	176 	231 	375 	1228 	1408 	2912
165 	230
4937 	4938 	5440
585 	586 	587 	806 	920 	1748 	5046 	7517
138 	819 	2351
217 	1697 	6602
237 	238 	3731 	4112 	4523 	7167 	7404 	8344
236 	238
236 	237

81 	220 	241 	608 	730 	745 	1038 	1190 	3865 	4654
240 	362 	481 	2640 	4139 	4140 	5838 	8153 	8154
2084
134 	135 	561 	3598 	3961 	7973
757 	2629 	4704
33 	246 	247 	922 	945 	3147 	4725 	5837 	7275 	7276
33 	245 	247
33 	245 	246
249 	250 	251 	1310
248 	250 	251 	1310 	3764 	4853
248 	249 	251 	1310 	3453
248 	249 	250 	967 	1621 	4836 	4845 	4846 	4847 	4876 	4877 	6373 	7348
253 	1130 	3071 	6153 	6691
252
255 	1485 	1586 	2112
254 	2112
257
256 	1660 	2885
259 	4173
258 	3905 	4173
649 	650 	1049 	1660 	1908 	1909 	1910 	2901 	2902 	6320 	7473 	7474 	7475
262 	263 	801 	2134
261 	263 	996 	2479 	2819
261 	262 	2479
265 	266
264 	266
264 	265

269 	1473 	3559 	4768 	5798 	8035
268
271
270 	1326 	1810 	2392 	3393 	3857 	3858 	5432
669

275 	956 	6265
24 	40 	274 	450 	541 	973 	974 	1120 	1267 	1583 	3472 	3883 	3884 	4119 	4653 	5035 	7384
277 	1185 	1391 	1935 	1968 	2911 	4832 	5518 	6478 	6521 	8207
92 	276 	620 	655 	661 	674 	1100 	1185 	1251 	1385 	1392 	1514 	1639 	1737 	1768 	2228 	2774 	3013 	3113 	3966 	6604 	7350
122 	123 	1149 	1466 	1588 	1716 	1717 	2216 	3039 	3243 	5050 	7283

281 	524 	2144 	2500 	3635 	4075 	4601 	5415 	6383
280
283 	5491
282 	1771 	1772 	5491 	6146 	7905
285 	1399 	1711 	3366 	3367 	3368 	3392 	5575 	6065 	7238
284 	1399 	1711 	3366 	3367 	3368
1549 	1550 	3613
288 	289 	1410 	1806 	2651 	3364 	4901 	5089 	5141 	6775 	6776 	8217
287 	289 	788 	947 	1409 	1454 	1495 	2718 	3211 	4689 	5141
287 	288 	702 	1329 	1410 	1411 	1526 	3716 	4073 	4792 	4793 	5089 	5141 	6717
114 	116 	5325 	7733
292 	345 	421 	422 	892 	1634 	3418 	4095 	5159 	6109 	7640
291 	338 	339 	345 	421 	422 	892 	957 	958 	1634 	3418 	4106 	6109 	8032
1774 	1784 	7178
295 	4856
294
297
296

300 	701 	925 	1702 	2899 	4899
299 	701 	925 	1702 	2899 	4296 	4899
302 	303 	889 	2085 	2086 	3651 	4565 	4692 	4805 	5835
301 	303 	420 	486 	691 	889 	3673 	4565 	7394 	7395
301 	302 	486 	691 	889 	2165 	2285 	2853 	2989 	3673 	5277 	6148
24 	305 	310 	3067
304 	2971 	3067 	3707
307 	308 	309 	558 	563 	751 	752 	760 	1484 	1514 	1768 	7790 	8126
306 	308 	309
306 	307 	309 	1484
306 	307 	308 	1125 	1698 	3722 	4991 	5686 	5687 	5688 	5689 	5690 	5691 	5692 	5693 	5694 	5695 	5696 	5697 	5698 	5699 	5700 	5701 	5702 	5703 	7392 	7393
304
147 	172 	173 	2206 	4848
313 	5880
312
315 	316
314 	316 	385 	739 	740 	741 	920 	2338 	7462
314 	315
318 	861 	1849 	2667 	6506 	7271
317 	1244 	1442
320 	321 	740 	2616 	3198 	3373 	3885
319 	321 	739 	740 	1468 	2616 	3198 	3448 	3885 	4027
319 	320 	386 	739 	740 	1468 	1796 	2616 	3198 	3404 	3405 	3406 	3448
323 	1024 	2108 	2869 	2870
322 	635 	637
86 	325 	4882
86 	324 	1148 	2421 	4005 	4882 	5252 	7712


216 	376 	1722 	2678
883 	7051 	8121
331 	332 	500 	618 	1090
330 	332 	500 	618 	1090 	3196 	3286 	4716 	5032 	5867 	6261 	8175
330 	331
68 	137 	334 	1844 	5137 	5775
137 	333 	1844 	2867 	5230
336 	378 	567 	1016 	1035 	1423 	2327 	3728 	4334 	4335 	4489 	4611 	4987 	5188 	5263 	5878 	7317 	7491
335 	569 	772 	1596 	5263 	5331 	7590 	7591 	8218 	8269
1073 	1383 	1386 	1387 	2691 	3879 	4547 	6171 	7073
56 	292 	339 	892 	957 	958
56 	292 	338 	892 	957 	958
341 	2344 	2345
340 	2344 	2345 	7744
343
342

291 	292 	346 	347 	348 	349 	892 	2933 	3562 	4106 	4405 	5733
345 	347 	348 	349 	7862
345 	346 	348 	349 	2933 	3562 	5733 	7862
345 	346 	347 	349
345 	346 	347 	348 	1634 	1834 	2933 	3562 	4405 	5733 	7862
96 	121 	163 	227 	513 	545 	546 	1347 	1762 	1900 	2026 	2688 	3016 	6051 	6850
352 	353 	354 	990 	3380
351 	353 	354
351 	352 	354 	533 	1516 	1582 	7856
351 	352 	353 	990 	3544
356
355 	3542 	3543
22 	84 	85 	213 	358 	1494 	2245 	5227 	6567 	6568
22 	85 	357 	1494 	1843 	4992 	6677
124
361 	1099 	2081 	2082 	2083 	6772
360 	1097 	1098 	1099 	1385 	2048 	2081 	2214 	2796 	2797 	3415 	4065
241 	363 	472 	479 	558 	1777 	3003 	4963 	6359 	7351 	7771
362 	586 	948 	1170 	1264 	1547 	2069 	3343 	3593 	4119 	4135 	4156 	5133 	5157 	5554 	5946 	7613
365 	366 	367
364 	366 	367 	4755 	5478 	5656 	8109
364 	365 	367 	655 	920 	2765 	3400 	3980 	4236 	5071 	6157
364 	365 	366 	1283
133 	369 	727 	1787 	2262
133 	368 	662 	727 	728 	831 	1915 	2262 	2382 	2482 	3076 	3900 	8253
42 	92 	93 	192 	448 	880 	883 	912 	954 	955 	1294 	1295 	1302 	1515 	1602 	1639 	1986 	3139 	3253 	3401 	3550 	3866 	4525

84 	113 	373
84 	113 	372

33 	230 	376 	377 	378 	413 	447 	463 	464 	479 	1222 	1228 	2256 	2354 	3530 	3531
328 	375 	377 	378 	707 	858 	1722 	1963 	2678 	4017 	4916 	5487 	6551 	7217 	8077
375 	376 	378 	858 	1551 	2936 	5052
335 	375 	376 	377 	567 	1016 	2069 	2585 	4489 	4699
380
379
2749 	3292 	3656 	4459
383 	384 	1851 	3019 	3020 	5616 	5651 	6409 	6410
116 	382 	384 	402 	403 	815
382 	383 	622 	1025 	1175 	3423 	6409 	6410
315 	1723 	2338 	2736 	2737
321 	387 	388 	430 	550 	551 	552 	740 	1057 	1370 	1980 	1981 	1982 	2115 	2182 	3199 	4955 	4956 	5009 	5128 	6398
386 	388
386 	387 	2584 	5100 	5101 	5828 	6943
213 	390 	391 	392
389 	391 	392 	629
213 	389 	390 	392
389 	390 	391 	996
394 	395 	2613 	5298 	8323
393 	395 	2613
393 	394 	1188 	2613 	5298 	8323
163 	2542 	3603 	4256
398
397
400 	949 	1181 	1864 	2102 	2188 	2267 	3769 	5049
399

116 	383 	403 	815
63 	383 	402 	432 	689 	867 	1246 	1750 	2163 	2763 	2853 	3295 	6624 	7147 	7148
1 	2 	102 	430 	605 	1239 	1278 	1898 	2013 	2116 	2545 	4466
406 	407
405 	407 	563 	1035 	1898 	2423 	2424 	3310 	4485 	4648 	6395 	7614 	7707 	7708 	7709
405 	406
409 	410
408 	410
408 	409 	4462 	4463 	4464 	7582
86 	3862 	4874

375 	414 	464 	498 	661 	2601 	3293 	5410
80 	81 	105 	123 	158 	413 	472 	529 	730 	732 	865 	1295 	2228 	2543 	2782 	3139 	3190 	3581 	3609 	4752 	5348 	6866
416 	417 	418 	456 	3519 	3520
415 	417 	418 	437 	1863 	2681 	2882 	4970 	5282
415 	416 	418
415 	416 	417
67 	77 	420 	490 	787 	869 	889 	1163 	1336 	1338 	1339 	1798 	1940 	2055 	2056 	2615 	2956 	2986 	3442 	4750 	6859 	7081
67 	302 	419 	5093
291 	292 	422
291 	292 	421
424 	425 	426 	841 	842 	1817 	3127 	3701 	3746
423 	425 	426 	3701 	3746 	5413 	6359
423 	424 	426 	3127 	3701 	4983
423 	424 	425 	2447 	3345 	3346 	3701 	5413

429 	430
428 	430 	5151 	7888
102 	386 	404 	428 	429 	607 	853 	854 	970 	974 	1981 	2114 	2115 	2182 	2222 	2395 	2784 	4512 	5009 	5250 	5465 	5931 	6211 	6399 	7766

176 	177 	403 	433 	434 	750 	1129 	1246 	1463 	2052 	2163 	2164 	2165 	2318 	3117 	3575 	4189 	4300 	4560 	4818 	5981 	6818 	6998 	7628 	7912
432 	434
177 	432 	433
436
152 	435 	2019 	2515 	3416 	6870 	6871
416 	469 	851 	1812 	2021 	2882 	4197
439 	440
438 	440
438 	439 	6527
159 	1290 	2231 	2274 	2652 	3427 	6508 	6509 	7593
142 	443 	2542 	4177
142 	442 	1240
88 	445 	446 	447 	479 	1222 	1570 	3472 	5003
42 	43 	444 	446 	447 	730 	954 	955 	1255 	1256 	1257 	2219 	2358 	3149 	5900 	6898 	8149
444 	445 	447 	479 	614 	1118 	1222 	1830 	4018 	5003 	5710 	6434
375 	444 	445 	446 	479 	880 	1222 	1379 	1515 	1570 	2354 	3969 	5003 	5089 	5851 	6027 	6189 	6467 	6468 	6480 	7050
192 	370 	530 	543 	544 	604 	737 	771 	922 	995 	1515 	1600 	1639 	2025 	2147 	2937 	3139 	3364 	3401 	3716 	3866 	4605 	5348 	7690
450 	451 	452 	1856 	1857 	2548 	7530
40 	163 	275 	449 	451 	452 	630 	789 	812 	973 	1267 	1555 	1614 	2821 	2848 	4653 	5614 	5624 	6834 	6835
449 	450 	452 	2548 	7530
449 	450 	451
454 	455 	456 	457 	754 	755 	1718 	3276 	3859 	4032 	7165
453 	455 	456 	457 	1718
453 	454 	456 	457 	754 	755 	949 	1718 	1853 	3276 	7165
415 	453 	454 	455 	457 	1718 	3276 	3519 	3520 	3859 	4032 	6191 	6192
453 	454 	455 	456 	6191 	6192
459 	460 	2084 	3256 	3257 	5851
458 	460
458 	459


375 	464 	604 	1228 	1452 	1453 	1814 	2067 	2068 	3010
375 	413 	463 	604 	1273 	1474 	2014 	2094 	3364 	3716 	5348
466 	467 	468 	1451 	2745 	2746 	5029
465 	467 	468 	644 	651 	652 	653 	868 	1451 	1774 	2095 	3475
465 	466 	468
465 	466 	467 	499 	652 	653 	868 	869 	1451 	1774 	1849 	2095 	2234 	3258 	3271 	3430 	3452 	4129 	5129 	5947 	6275 	6276 	6500 	7041 	7463
437 	2639 	6639 	6640
471 	4574
470
38 	122 	123 	161 	184 	362 	414 	473 	474 	479 	480 	1170 	1258 	1392 	1559 	1777 	1811 	2068 	2069 	2070 	2101 	2606 	3003 	3253 	3609 	3843 	3988 	3989 	5043 	5044 	5053 	6209 	7351
184 	472 	474 	480 	632 	947 	1091 	1092 	1387 	1903 	1935 	2606 	3947 	3948 	3988 	4310 	4624 	5097 	5190 	6245 	6246 	6543 	7064
184 	472 	473 	1903
2468 	2469 	7435
1423 	3728
478 	479 	480 	1367 	1569 	1570 	1571 	1846 	2373 	3378 	3379 	3472 	3675 	5317 	6188 	6189 	6486
34 	477 	479 	480 	1367 	1569 	1570 	1571 	1831 	1846 	2373 	3378 	3379 	3472 	3675 	5317 	6027 	6188 	6189 	6486 	7182
34 	36 	38 	52 	167 	362 	375 	444 	446 	447 	472 	477 	478 	480 	661 	991 	992 	1200 	1201 	1202 	1203 	1309 	1367 	1392 	1569 	1570 	1571 	1776 	1777 	1831 	1846 	1980 	2354 	2373 	3378 	3379 	3472 	3675 	3843 	5317 	5749 	5851 	5898 	6027
88 	122 	182 	183 	472 	473 	477 	478 	479 	744 	929 	1170 	1258 	1304 	1367 	1392 	1569 	1570 	1571 	1626 	1628 	2586 	2606 	3003 	3122 	3272 	3378 	3732 	3850 	3851 	4745 	5053 	6086 	6209 	7262 	7935
80 	81 	241 	1753 	2640 	4953
77 	483 	484 	764 	882 	1187 	4200
37 	482 	484 	922 	3426 	5249 	5447
37 	93 	482 	483 	922 	1330 	1889 	3009 	3426 	3688 	5362 	8047 	8146
486 	570 	3854 	3855 	5144
302 	303 	485 	570 	1554 	2285 	3673 	3854 	3855 	3963 	4396 	5144
926 	4816
489 	604 	1170 	1171 	1294 	1295 	1602 	2228
488 	994 	1170 	1171 	1294 	1295 	1602 	3530 	3835 	3888 	4230 	5243 	5318 	5379 	6385 	6925 	7589
77 	419 	491 	557 	764 	882 	1338 	1339 	1798 	2055 	2056 	2986 	5031 	5077 	5256 	5507 	6859 	7113 	7114
490 	557 	764 	1265 	1532 	1548 	1583 	1634 	3442 	3918 	4053 	4200 	4203 	5313 	6301
40
39 	494 	787 	882 	1199 	3410 	3918 	4750 	6037 	6932 	7990
39 	41 	493 	787 	882 	1199 	1583 	2056 	3275 	3410 	3918 	4053 	4750 	5034 	5077 	6037 	6932 	7990
496 	1666 	3055 	3275 	5034 	7029
495 	627 	4425
498 	499
413 	497 	499 	1180 	1451 	2573 	3672 	5410 	8023
468 	497 	498 	501 	610 	653 	1451 	1570 	1849 	2234 	2645 	3258 	3295 	3379 	3430 	5903 	5904 	6275 	6276 	6504 	7684
330 	331 	501 	502 	618 	837 	1086 	1088 	1090 	1110 	1111 	1112 	1460 	1462 	1916 	2104 	3286 	4884 	5032 	5870 	5871 	5907
499 	500 	502 	1179 	1570 	2273 	2645 	3295 	3379 	4060 	6355 	6361 	6504 	7035
500 	501 	1657 	4673
504 	2783 	3630 	5960 	8350
503 	1380 	3666 	4555 	5048 	5934 	6029
80 	506
31 	80 	505 	1735 	2604 	7592
508 	7788
507
197 	510 	511 	1590 	1826 	7050 	7974 	8326
509 	511 	1057 	1757 	3723 	3724
195 	197 	509 	510 	1454 	1981 	2207 	2851 	3765 	5817
513 	514 	1599
163 	227 	350 	512 	514 	1599 	5247
512 	513 	1599 	2206 	2922 	6300
516 	517 	773 	936 	937
515 	517 	757 	758 	773 	1179 	3028 	4659 	4738 	4840 	5589 	6181 	7939
515 	516 	757 	773 	3028 	4659 	4738 	4840 	5589 	7650 	7651
519 	615 	761 	762 	925 	996 	1411 	1955 	2785 	7489 	7560
518 	761 	762 	1118 	2785
521 	522
520 	522 	2051 	3575
520 	521 	749 	750
524
280 	523 	1443 	3635 	3756 	3757 	4601 	5014 	6382 	6383 	8237 	8354

527 	528 	1677 	2026 	6271 	6787 	7482 	7855
526 	528 	1677 	2685
526 	527 	1677
52 	80 	82 	414 	530 	545 	546 	547 	600 	601 	744 	1786 	1811 	1830 	2381 	2537 	2917 	3040 	3139 	4263 	4835 	4989 	4990 	4991 	5191 	5247 	5861 	6535 	7210 	7211 	7282 	7363 	7846
448 	529 	823
23 	532 	533 	1392 	2408
531 	533 	786
353 	531 	532 	786 	1516 	7212
535 	536 	1699 	3033 	3034
534 	536
534 	535 	1778 	4699 	6946
538 	539 	540 	4499
537 	539 	540 	6381
537 	538 	540 	3532 	3841 	4499 	5096
537 	538 	539 	3532 	4499 	6381
275 	615 	762 	925 	996 	1267 	1289 	1583 	1951 	2573 	2768 	2854 	2956 	4036 	4037 	4231 	5215 	6247 	6936
723 	1285 	2943 	4433 	4519 	5046
38 	448 	544 	995 	1639 	1768 	3866 	5230
38 	448 	543 	995 	1639 	1768 	3866 	5230
52 	122 	350 	529 	546 	547 	548 	982 	1303 	1304 	1305 	1753 	1777 	1830 	2378 	3016 	3139 	3579 	3695 	4119 	4162 	4503 	4835 	5247 	5450 	5649 	5861 	5862 	6465 	7169 	7210 	7211 	7282 	7363
52 	122 	350 	529 	545 	547 	548 	982 	1303 	1304 	1305 	1753 	1777 	1830 	2378 	3016 	3139 	3695 	4119 	4162 	4503 	4835 	5247 	5450 	5649 	5861 	5862 	6465 	7169 	7210 	7211 	7363 	7364
52 	122 	123 	529 	545 	546 	548 	982 	1304 	1392 	1753 	1869 	3278 	4162 	4503 	4835 	5649 	6465
545 	546 	547 	1303 	1304 	1305 	3016 	4248 	5450
1200 	2465 	2508 	2509 	2510 	4196 	6152
386 	551 	552 	632 	1057 	1981 	2182 	5009 	5128 	5663 	7831 	8305
386 	550 	552 	1057 	1981 	2182 	5009 	5128 	7831 	8305
386 	550 	551
99 	213 	1489
555 	556 	3263 	4787 	4788 	5674
554 	556 	966 	1553 	3263 	3840 	4051 	4052 	7483
99 	101 	554 	555 	786 	891 	2816 	3113 	3263 	3386
490 	491
306 	362 	752 	760 	989 	1266 	1616 	2024 	3009 	3132 	5369 	6359 	8233
560 	6863
559 	6863
135 	243 	1086 	1814 	1815 	3661 	4760 	4890
158
306 	406 	564 	565 	734 	2462 	2701 	3310 	4226 	4390 	4391 	7790
563 	565
563 	564 	1977
4605
335 	378 	568 	569 	570 	1016
567 	569 	570
336 	567 	568 	570 	1517 	1518 	2531 	6107 	6385 	7259 	8218
485 	486 	567 	568 	569 	1309 	1466 	1517 	1518 	1547 	2208 	2238 	2531 	2822 	4744 	5876 	6884
572 	3166 	5010
571 	3166 	5010
574 	575 	576 	967 	1527 	3310 	3738 	4107 	6756
573 	575 	576 	931 	4455 	5924
99 	573 	574 	576 	929 	931 	1793 	1794 	2594 	2595 	5342 	5924 	6846
573 	574 	575
578 	579 	3508
577 	579
577 	578
581
580
96 	119 	121 	940 	947 	1376 	1380 	3144 	5352
584
22 	23 	583 	1180 	1500 	6663 	7606
233 	586 	587 	920 	5165
233 	363 	585 	587 	4135 	5157
233 	585 	586 	1551
3556
590 	591 	592 	1332
589 	591 	592 	1332 	7666
589 	590 	592 	1332 	2417 	2418 	3381 	5224 	5237 	7666 	7667
589 	590 	591 	3381 	6284 	8079

49 	595
49 	594 	2780 	2781
1244 	1474 	1626 	1628
598
597
194 	195 	196 	197 	198 	1757
529 	601 	1869 	3278 	5106 	5269
183 	529 	600 	842 	871 	1004 	1170 	1811 	1844 	1845 	2029 	2068 	2069 	2070 	2359 	2537 	3299 	4745 	6568
6447
2642
448 	463 	464 	488 	605 	606 	607 	1294 	1295 	1316 	1602 	2183 	2228 	2937 	5504
404 	604 	606 	607 	970 	971 	972 	1898 	4297 	4298
2 	62 	604 	605 	607 	929 	1514 	1889 	1890 	4298 	7690 	7691
2 	430 	604 	605 	606 	970 	971 	972 	4264 	4297 	4298 	4482 	4512 	7292 	7440 	7690 	7691 	8158 	8257 	8258 	8329 	8330
80 	81 	240 	2402

499
23 	612 	1497 	2821 	2989 	4422 	4504 	4566 	5777 	6728 	6974 	7504 	7821
611
1003 	3096 	3820 	4386 	4387 	6356 	6656 	8312
446 	615 	616 	1117 	1830 	2623 	2779
125 	518 	541 	614 	616 	761 	762 	925 	1454 	1522 	1616 	1781 	1782 	4194 	4536 	5810 	6026 	6123 	7542 	7813 	7896 	7940 	8148
614 	615
618 	619 	717 	718 	719 	3286 	6075
149 	330 	331 	500 	617 	619 	1090 	1989 	3759 	5870 	5871
617 	618
103 	277 	674 	751 	1391 	1392 	1679 	2285 	3766 	4578 	4796 	5419 	7839
88 	622 	623 	624 	1175 	1569 	1614 	3192 	3423 	6971
88 	384 	621 	623 	624 	1025 	1175 	1569 	3192 	3423 	4339 	6971 	7191
621 	622 	624 	3192 	7959
621 	622 	623 	2959 	3192 	6182 	6183 	6971
6583 	6584 	6585
2863
496 	1299 	1769 	3170 	4425 	4845
859 	1007 	2255 	4026
152 	390 	1351 	5735 	6514
450 	1336 	1595 	1614 	1778 	2098 	2279 	2968 	3463 	3613 	3614 	3667 	3717 	4907 	5349 	6190 	7454
220 	676 	852 	1114 	1189 	4654
473 	550 	633 	843 	945 	1731 	2606 	6246
632

323 	636 	637 	724 	2867 	3370 	5276
635 	637 	1625 	4869 	4870
323 	635 	636
639
638
641
640 	1050 	3578
643 	4185
40 	642 	689 	1763 	1801 	2615
466
646 	647 	648 	837 	1396 	1397 	1925 	3476 	3477 	4537
645 	647 	648 	1887 	1888
645 	646 	648 	4537
645 	646 	647 	1061 	1887 	1888 	4537 	4885 	5920
260 	650 	1249 	1250 	1251 	1252 	2901 	2902 	6320 	7473 	7474 	7475
260 	649
466 	652 	653
466 	468 	651 	653 	683 	996 	1451 	2854
466 	468 	499 	651 	652 	2970 	2971 	3141 	3142 	3258
655 	656 	5165
18 	37 	92 	93 	167 	277 	366 	654 	656 	735 	756 	760 	818 	872 	874 	879 	929 	955 	995 	1251 	1285 	1331 	1495 	1514 	1639 	1800 	1806 	2452 	3400 	3888 	4157 	4322 	5436 	5775 	7346
654 	655
658 	659 	2407
657 	659 	2680
657 	658

38 	105 	184 	277 	413 	479 	662 	732 	733 	1294 	1295 	1514 	1893 	2025 	2228 	2566 	3139
35 	133 	369 	661 	831 	1247 	1248 	2262 	3331 	4642 	7144
1694 	2596 	5193
665 	666 	3790 	3791 	5984 	5985
664 	666 	7012
664 	665
668
667
272
1770 	2116 	7807
86 	722 	1888 	3939 	3975 	5920 	7342
673 	674 	3148 	4239 	7605
672 	674 	2610 	2611 	5077
38 	114 	116 	122 	167 	187 	277 	620 	672 	673 	723 	751 	788 	789 	947 	1073 	1074 	1391 	1514 	1737 	1776 	1893 	2138 	2304 	4514 	4667 	5635 	7347
676
108 	175 	631 	675 	1031 	2277 	4170 	4682 	5844 	5857 	5898
678 	4067
86 	677 	1403 	2365 	3094 	5492 	5968
2601 	2837 	3344 	3490 	3976 	6785
987 	988 	1257 	1771 	1819 	1820 	1821 	1822 	2228 	3149 	5035 	5534

5228 	5229 	6532
40 	652 	684 	996 	2854
683
686 	1326
685 	996 	2852 	2853 	2916
688 	689 	690 	691 	2853 	2916
687 	689 	690 	691
403 	643 	687 	688 	690 	691 	867 	1750 	1763 	2543
687 	688 	689 	691 	2853 	2916
302 	303 	687 	688 	689 	690 	889 	2853 	2916 	3363 	3364 	6148 	6430
34 	693 	694
34 	692 	694
34 	692 	693 	1196 	1197 	7322
1629 	2287 	2709 	3429 	4041 	4758 	4969 	5209 	7277 	7332
697 	1398
696 	1398
699 	700
698 	700 	825 	1392 	3680 	4878 	6451 	7330 	7692 	8069
698 	699 	1807 	1808 	2855 	3822 	7324
299 	300
289 	703 	1329 	2318 	2712 	3358 	3359 	3948 	6690
702 	2592 	3499 	6219
55 	705 	760 	1655 	1720 	2357 	3192 	7281
704 	1329 	1720 	1721 	5717 	6737
707 	2811 	3744
376 	706 	1722 	1891 	1963 	2678 	2811 	3744 	6551 	6615 	8077
709 	710 	2572 	3833 	5383
708 	710
708 	709 	1976 	2735

713 	869 	1240 	1537 	2093 	2117 	2932 	4391 	6128 	6129 	6555 	6726 	7107
712 	869 	1208 	8171
715 	716 	778 	779 	827 	828 	836 	2334 	3197 	3241 	3242 	5214 	6470 	6494 	7261 	7924 	7925 	8055
714 	716
714 	715 	778 	779 	1289 	2087 	6753
617 	718 	719
617 	717 	719
221 	617 	717 	718 	1086 	1087 	1088 	1369 	1370 	3286 	4342 	5045 	6336
721
720 	2117 	2118 	8155
86 	87 	671 	1015 	1544 	1546 	1888 	3497 	3803 	3939
542 	674 	2000 	2945 	3441 	4027 	5635 	5839 	6038 	6039
635
726 	836 	3397
725 	836 	1277 	1640 	1641 	3382
27 	133 	182 	368 	369 	728 	831 	859 	868 	1985 	2278 	2556 	2748 	3171 	3436 	5356 	5393
369 	727 	1985 	2262 	3978
730 	1384 	2553 	2554 	2782 	2945 	3323 	5104 	5127 	5652 	6283 	6362 	7290 	7615
183 	220 	240 	414 	445 	729 	745 	1114 	1170 	2553 	2945 	2965 	3323 	4654 	5210 	5652 	6750 	6751

105 	414 	661 	733 	1000 	1841 	1893 	3139 	4062 	4063 	5635 	6184
105 	661 	732
563 	2462 	4226
655 	872 	874 	880 	1710 	2000 	4475
737 	738 	927 	1487 	2102 	3167 	3769
74 	167 	448 	736 	738 	922 	927 	1515 	1639 	1828 	2102 	3769 	3866
736 	737 	928 	2309 	3074 	4492
315 	320 	321 	740 	741 	920 	1326 	1468 	2120 	2824 	3706 	4027 	7462
315 	319 	320 	321 	386 	739 	741 	1468 	2616 	3198 	3448
315 	739 	740
1563 	2341 	4469 	4470 	4471 	4599 	6707 	7089 	7968
147 	172 	173 	2154 	7269 	7270
122 	161 	480 	529 	745 	777 	1258 	1285 	1392 	1737 	1776 	4119 	4622 	4623 	4656 	6990
220 	240 	730 	744 	996 	3882 	4654 	5794 	8001 	8002
747
746 	1094 	1385 	3481 	3482 	5290 	5551 	8029
3527 	3528
522 	750
432 	522 	749 	1818 	2163 	2164 	4189 	4762
192 	306 	620 	674 	947 	960 	1391 	1616 	1644 	1768 	1776 	1893 	2466 	3132 	7765 	8179
306 	558 	753 	754 	755 	760 	1266 	2175 	2308 	3657 	4609 	7130
752 	754 	755 	1296 	2308 	2772 	2846 	3167 	3402 	5103
453 	455 	752 	753 	755 	949 	1853 	2175 	3276 	3657 	7165
453 	455 	752 	753 	754 	2175 	2683 	3276 	3657 	7165
33 	655 	945 	1200 	1203 	1285 	2334 	2354 	2591 	2592 	2936 	3147 	3980 	4927 	5046 	5972
244 	516 	517 	758 	2629 	4659 	6181
516 	757
6397
306 	558 	655 	704 	752 	1251 	1265 	1266 	1655 	1720 	5648 	6404
518 	519 	615 	762 	925 	2785
125 	518 	519 	541 	615 	761 	925 	996 	1086 	1347 	1781 	1782 	1925 	1952 	1958 	2573 	2785 	2854 	3862 	4036 	4037 	4050 	4194 	4536 	6026 	7542 	7896
92 	871 	912 	955 	1125 	2156 	2157 	2158 	3609 	3721 	6266 	6267 	7174 	7661
77 	482 	490 	491 	765 	787 	882 	4200 	4826 	4827
74 	78 	764 	818 	1710 	1737 	1753 	1855 	2210 	3048 	3376 	3426 	4431 	4432 	4603 	4750 	5249 	5307 	5913 	6580
110 	926 	951 	952 	953 	3534 	3535 	4056 	8310
122 	161 	768 	1258 	1272 	1273
122 	123 	161 	227 	767 	1258 	1285 	1678 	1852 	4622 	4623 	5915 	8255 	8256
770
769
103 	448 	772 	922 	1273 	5003
336 	771
515 	516 	517
775 	1563 	2286 	2984 	6290
774 	1148 	2420 	2421 	2466 	2773 	3243 	3993 	5721 	5722
1353 	2111 	2516
161 	744 	987 	1258 	1852 	3417 	4622 	4623 	6990
714 	716 	779 	2087 	6753
714 	716 	778

86 	87 	3772
1306 	1307 	1326 	2096 	5270
784 	5147 	8347 	8348
783 	5147
7767
99 	100 	101 	532 	533 	556 	891 	1311 	2816 	3113 	4279
419 	493 	494 	764 	1199 	1339 	1583 	1763 	3126 	4826 	4827 	6002 	6076 	7196 	7372
288 	674 	789 	1454 	1495 	2717 	2718 	2936 	3948 	3969
450 	674 	788 	1336 	2821 	3135 	3151 	3152
132 	793 	921 	1418 	3181 	3715 	4506 	4507 	5547
167 	226 	818 	852 	1615 	1931 	2255 	2264 	7428
960 	961 	2151 	2179 	4948 	5094 	6335
790 	1415 	1419 	2302 	2722 	3400 	3678 	3820 	5090 	5091 	5092 	5712 	5713
176 	221 	222 	2694 	3037 	6110
796 	797
8 	795 	797 	1017 	3281 	5267
8 	795 	796 	984 	1007 	1017 	1758 	3160 	4275 	5040
3 	146
800 	3734
799 	5474
261 	2134
803 	804 	1423 	1716 	2729 	4337 	4733
802 	804
802 	803

233 	1057 	1140 	2108 	2870 	4591 	5157 	6287 	7291 	7517 	7698


92 	105 	184 	810 	811 	872 	874 	929 	955 	2597 	3401 	3609 	3720 	3749 	3750 	7129 	8132 	8133
809 	811 	874 	929 	2264 	2265 	3749 	3750 	7129 	8132 	8133
93 	809 	810 	879 	955 	3609 	3749 	3750 	3888
450 	813 	1660 	7606 	7610 	7611
812
815 	6524
383 	402 	814 	1026 	1027 	1028 	1029 	1151 	1221 	1253 	2300 	3118 	3119 	3647 	6169 	6646 	7514 	7515 	7559
1636
7 	24 	1280 	1657 	1997 	2256 	2643 	3218 	3289 	4194 	5401 	8322
93 	655 	765 	791 	879 	883 	955 	1514 	1768 	3067 	4431 	4432 	4934
169 	234 	820 	1853 	1920 	1962 	2339
819
822
821
530 	2917 	4991 	6535
825 	950 	2583
66 	169 	699 	824 	1978 	2456 	3448 	4878 	5216 	8050 	8051
1474 	1832 	1873 	2014 	2580 	3144 	6581
714 	828 	829 	836 	2555 	6024 	6374 	6494
714 	827 	829 	836 	6024 	6494 	7261
827 	828 	6024
133 	831 	1435 	6755
133 	369 	662 	727 	830 	2262
833 	834
832 	834
832 	833 	2847 	4017 	4177
836
714 	725 	726 	827 	828 	835 	1640 	1641 	2334 	2555 	3197 	3382 	3397 	4515 	6374 	6588
500 	645 	838 	839 	1090 	1396 	1397 	1459 	1460 	1925 	4010 	4884 	5907
837 	839
837 	838 	2723 	2724
196 	841 	1803 	2369 	3612 	4683 	6469 	6525 	6526
423 	840 	1343 	1344 	1940 	4180 	4659 	4683 	4830 	6770
423 	601 	843 	844 	1135 	1414 	1811 	3400
632 	842 	844 	865 	945 	1147 	1731 	1749 	4059 	7617
842 	843 	866 	1057 	1147
5942
847 	8040
846 	2285 	3061 	5619 	5899 	5901 	6981 	8040
849
848
851
437 	850 	1812 	2021 	2031 	2032 	2073 	2074 	2638 	2838
164 	167 	194 	196 	631 	791 	883 	1615 	3596 	4110 	4822 	4849 	5775 	7136 	7138 	7948
430 	854 	855 	2115 	2222 	2745 	3907 	3908 	4118 	4143 	5465 	5931 	6153 	6211 	6316 	6317 	7545
430 	853 	855 	1451 	2237 	3395 	3907 	3908 	7381 	7382
853 	854
857 	4745 	4746 	4747 	6412 	6413
856 	1552 	3818 	4071 	4745 	4746 	4747
376 	377 	2212 	2513 	2514 	4732 	4933
27 	628 	727 	868 	1007 	3466
861 	1961 	2174 	4848
34 	37 	38 	191 	317 	860 	1831 	1849 	2067 	2357 	4848 	6949 	7271
863 	864 	3454
862 	864 	3454
862 	863 	3454
158 	414 	843 	866 	1057 	1147 	1447 	1448 	1749 	4059
844 	865 	1057 	1147 	8228
63 	403 	689 	1750 	2763 	2853 	3295 	6624 	7147 	7148
27 	466 	468 	727 	859 	869 	1774 	3430 	5991
156 	419 	468 	712 	713 	868 	1240 	1241 	1339 	2436 	2934 	4249 	6179 	6628
133 	1915
601 	763 	925 	938 	954 	1125 	1844 	1845 	2029 	2359 	3299 	5139 	6044 	6333
37 	92 	93 	94 	184 	655 	735 	809 	874 	880 	1639
874
655 	735 	809 	810 	872 	873 	880 	929 	954 	1768 	7129 	8132 	8133
2398
877 	1467 	2140 	2218 	3252 	4344 	4345 	5332 	6449
876 	3856

93 	655 	811 	818 	880 	883 	954 	955 	1125 	1495 	1768 	1786 	3009 	3749 	5089
93 	370 	447 	735 	872 	874 	879 	954 	955 	1495 	1515 	1768 	1787 	2210 	3236 	4040 	4519
1 	174 	175 	196 	1278 	1592 	2837 	3390 	7529
40 	74 	482 	490 	493 	494 	764 	1187 	1452 	1583 	2056 	3056 	3057 	3062 	3063 	3410 	4053 	4200 	4750 	5507 	7990 	8211
37 	38 	52 	93 	105 	167 	184 	329 	370 	818 	852 	879 	912 	955 	997 	1145 	1495 	1515 	1539 	1768 	1831 	2024 	2264 	2593 	2870 	3401 	3997 	4027 	4753 	4754 	5388 	6370 	7027
157 	942 	943 	1333 	1460 	4378 	7792
886 	975 	977 	2369 	2763 	3041 	4392
885 	975 	2369 	2641 	2763 	4392 	4822 	5573 	5630 	6289 	7714 	7715 	8270
1390 	2096
23 	85
301 	302 	303 	419 	691 	1015 	1950 	2612 	3442

99 	101 	556 	786 	2816 	3113
291 	292 	338 	339 	345 	957 	958 	2285 	2447 	3649
4077 	5299
895
894 	2238 	2269 	2270 	2358 	2938 	3121 	5509 	5510 	5657 	5658 	6557

898 	4155 	4498 	6545 	6581 	7565 	7566
897 	3667 	4155 	4821
900 	901 	2515 	3569
899 	901 	1059 	1594 	2515 	3569 	3570 	6104 	6587
899 	900
903 	3962
902 	3962

906
905 	1756 	3674 	3700 	4715
908 	2316 	2411 	6218 	6590 	6742
907 	909 	2411 	3204 	3205 	6590 	8119
908
121 	911 	974 	1376 	3349 	3400 	4310 	4552 	7267
120 	910 	1956 	4242 	4314 	4371 	4406 	6405 	6565 	6778 	7389 	7469 	8082 	8083 	8277
36 	37 	92 	93 	192 	370 	763 	883 	955 	2452 	5053 	7982 	8078

915
914
34 	126 	167 	917 	1762 	2026 	2069 	2209 	2787 	3202 	5929
916 	1478 	1762 	2787
1949 	3233 	4284 	4413 	6736

37 	167 	233 	315 	366 	585 	739 	1181 	2264 	2452 	2454 	2455 	2765 	4759 	5382 	5384 	6894 	7462
790 	965 	1879 	2120 	5395 	5737 	6006
245 	448 	483 	484 	737 	771 	923 	924 	1007 	1272 	1273 	1274 	1639 	2632 	3866 	5382 	6391 	6392 	7275 	7276
922 	924
922 	923
125 	299 	300 	518 	541 	615 	761 	762 	871 	938 	947 	1133 	1134 	1347 	1411 	1454 	1616 	1702 	1781 	1782 	2785 	2899 	4194 	4536 	5193 	5304 	5810 	6026 	6123 	6333 	6334 	6543 	7542 	7896 	8148
487 	766 	951 	952 	953
736 	737 	928 	1336 	2102 	3055 	3275 	3769 	4292 	7768
738 	927 	2102 	2200 	4047 	4492 	6659
62 	103 	122 	480 	575 	606 	655 	809 	810 	874 	930 	931 	1258 	1626 	1737 	2356 	2357 	2587 	2827 	3850 	4122 	4157 	5223 	5326 	6086 	6370 	6486 	7201 	7509 	7761 	8132 	8133 	8252
929 	931
574 	575 	929 	930 	1664 	1861 	2356 	2357 	5326 	5924 	7216 	7426
1480
934 	935 	3244 	3449 	3525 	3526 	7659
933 	935
933 	934
515 	937
515 	936 	4553 	4554 	4555
871 	925 	939 	940 	1753 	3278 	3486 	3530 	6333 	6334 	7203 	8335
938 	940 	2333 	3278
582 	938 	939 	1316 	1602 	2327 	2333 	3530 	5352 	5650 	7203
1015 	2511 	2512 	2554 	6427 	6428
884 	943 	4378 	7792
884 	942 	1460 	1855 	2922 	4378 	7792
945 	1564 	2440 	2831 	2868 	4501
245 	632 	756 	843 	944 	1057 	1601 	1602 	1731 	1831 	1839 	3824 	4608 	4725 	4927 	7336 	7617 	7618
947
288 	473 	582 	674 	751 	925 	946 	996 	1118 	1409 	1411 	1752 	1776 	1935 	3211 	4667 	4689 	4901 	5141 	5142 	6144 	6543
363 	949 	950 	1547 	3593 	4395 	5133
399 	455 	754 	948 	950 	1853 	2188 	3769 	6281 	6282 	6627 	7600 	8202 	8316
824 	948 	949 	1199 	2583 	7685
766 	926 	952 	953 	3534 	3535
766 	926 	951 	953
766 	926 	951 	952 	1853 	3534 	8310
164 	166 	167 	192 	370 	445 	871 	874 	879 	880 	955 	995 	1255 	1256 	1257 	1495 	1515 	3717 	3778 	3969 	4040
42 	43 	92 	93 	184 	192 	370 	445 	655 	763 	809 	811 	818 	879 	880 	883 	912 	954 	995 	1495 	1515 	1539 	1768 	2264 	3291 	4122 	4157 	4200 	5826 	5839 	6370
274
292 	338 	339 	892 	958
292 	338 	339 	892 	957 	2770 	7326
86 	212 	1443 	1584 	1585 	2581 	2703 	3135 	4660 	4766 	5242 	5243 	6672
751 	792 	961 	1644 	2151 	2179 	2651 	4964
792 	960 	2151 	2179 	4964 	5104 	5710 	5776
963 	1390
22 	23 	962
965
921 	964 	1516 	1713 	3302
86 	555 	967 	4819
79 	251 	573 	966 	1510 	1511 	1751 	3738 	5576 	5577 	5578 	5675 	6373
969
968 	2117 	2140 	3837 	3838
430 	605 	607 	971 	972 	4298 	4482 	4512
605 	607 	970 	972 	4297 	4298
605 	607 	970 	971 	4298 	4482 	7292 	7691
24 	40 	43 	275 	450 	974 	1169 	1267 	1392 	2632 	2641 	4548 	4653 	5035 	5293 	5823 	7384 	8201
43 	141 	275 	430 	910 	973 	1273 	1535 	1625 	1626 	1879 	1880 	2115 	2222 	2288 	2395 	2641 	2773 	3390 	3445 	3896 	3903 	3904 	4119 	4548 	4916 	4984 	5035 	5250 	5737 	6232 	6302 	6364 	7756
885 	886 	976 	977 	1106 	1107 	1455 	1560 	1697 	3558 	4392 	6226
975 	977
885 	975 	976
23 	979 	981 	1609 	1735 	2448 	2449 	5745
23 	978 	981

978 	979 	1609
545 	546 	547 	983 	984 	1480 	4119 	4503 	4835
982 	984
797 	982 	983 	1017 	1313 	1758 	3160 	5040
1478 	1988 	2669 	3473 	6050
40
680 	777 	988 	3149
680 	987 	3149
34 	558 	1259 	1295 	5369
351 	354 	1233 	4156 	4193 	4839 	5962
479 	992 	993 	1980 	3892 	3893 	4038
479 	991 	993 	1200 	1831 	1980 	2936 	3892 	3893 	5749 	6966 	7531
991 	992 	1980 	1982 	3199 	3892 	6455
489 	995 	1539 	1800 	2856 	4879
38 	164 	166 	167 	192 	448 	543 	544 	655 	954 	955 	994 	1331 	1539 	1639 	1800 	3291 	3866
40 	55 	103 	262 	392 	518 	541 	652 	683 	686 	745 	762 	947 	1257 	1326 	1411 	1925 	1951 	2096 	2120 	2818 	2819 	2853 	2854 	3394 	3862 	3882 	4052 	4949 	5533 	5794 	7099 	7489 	8001 	8002 	8026 	8027 	8028 	8331
883 	998 	5761 	6354
997
86 	1000 	1001 	1227 	1228 	2324 	3991 	4050 	4536
86 	732 	999 	1001 	1227 	1228 	4050 	5635 	6041 	6184
999 	1000 	1507 	3501 	3640 	4864

613 	6356 	6656
601 	1005 	1006 	1811 	2026 	2069 	2070 	2537
1004 	1006
1004 	1005 	6022
628 	797 	859 	922 	1008 	1299 	2545 	3160 	4339 	8030 	8195
1007
162 	1010 	7461
1009
1012
1011
1014 	1015 	3496
1013 	1015
722 	889 	941 	1013 	1014 	1950 	2554 	3462 	3496 	3497 	3501 	3597 	4336 	5105 	5313
335 	378 	567 	2327 	4489 	4699 	7317
8 	796 	797 	984 	1758 	2261 	3160 	5040 	5287
1019 	6076 	6291 	7124
1018 	5636 	6076 	7124
1021 	2291 	2649 	2780 	2979 	5422 	6091 	6761 	7333 	7716 	7877
1020 	2291 	2649 	2979 	6091 	7333 	7983
2052 	5055 	5118 	5119 	7445
1024 	2429 	2984
322 	1023 	2108 	3310 	4648 	5367 	5719 	5941
384 	622 	1175 	1458 	1542 	3423 	4024 	5199 	5200 	6045 	6046 	6047
815 	1027 	1028 	1029
815 	1026 	1028 	1029 	2300
815 	1026 	1027 	1029
815 	1026 	1027 	1028 	4972 	4973 	5793

676
1033 	1210 	1813 	4064
1032 	1813

335 	406 	1036 	1037 	1423 	3669 	6395
1035 	1037
1035 	1036 	2989
240 	1189 	1194 	1965 	1966 	2145 	3412 	4347 	6960 	8115
2673
1041 	1042 	1043 	5279
1040 	1042 	1043 	2996 	3464
1040 	1041 	1043 	2996 	3464 	5279
1040 	1041 	1042 	2996 	3464

1046 	1047 	1048
1045 	1047 	1048 	3704
1045 	1046 	1048 	3704 	6025
1045 	1046 	1047
260 	1660 	4057
641
2716
1053 	3086 	3332 	5399 	5400 	7224
1052 	1352 	3086 	3332 	4439 	5399 	5400 	7224
73 	211 	1055 	1056 	1122 	2045 	2046 	3200
1054 	1056 	1784 	2794 	3200 	3222
1054 	1055 	1746 	3200 	3222 	4486 	4487
386 	510 	550 	551 	806 	844 	865 	866 	945 	1058 	1059 	1147 	1663 	2313 	2314 	2870 	4059 	6287 	7291 	7617 	7618
1057 	1059 	1628 	1663 	3272 	3273
900 	1057 	1058 	1663 	6587
1061 	2135 	6600
648 	1060 	1887 	4885 	6891
1063 	1064 	1065 	2974 	5953
1062 	1064 	1065 	2974 	3620
1062 	1063 	1065 	1913 	2974 	3523 	5255
1062 	1063 	1064
1067 	1068
1066 	1068 	1657 	1997 	1998 	1999
1066 	1067
1070 	1071
1069 	1071
1069 	1070
5078 	5079 	6901 	7368
337 	674 	1074
674 	1073 	2138
1076
1075 	1448 	1449 	2621 	3728 	3841 	3879 	4066 	4999 	5550 	5567 	5568 	6851 	7367 	7456
1078 	3627 	6351 	7327
1077 	1372 	3627 	6351 	6784 	7327
1080 	1081
1079 	1081
1079 	1080
4895 	6655 	7250
40 	74 	1084 	1956 	2910 	5108
1083
2699 	4889
500 	561 	719 	762 	1087 	1088 	1090 	1462 	1916 	2104 	2854 	3661 	4760
719 	1086 	1088 	2618 	5045 	6336
500 	719 	1086 	1087 	1090 	1462 	1916 	2104
1347 	2042
330 	331 	500 	618 	837 	1086 	1088 	1460 	1462 	1582 	1916 	1924 	1925 	2104 	3516 	4010 	4716 	4884 	5867 	5907 	6883 	6939 	7356
473 	1092
473 	1091 	1940 	2318 	2409 	2688 	5082 	6144 	6784 	8024 	8170
120
747
1096 	1152 	3357 	5521 	5532
1095 	1152 	1180
361 	1098 	1099
361 	1097 	1099
360 	361 	1097 	1098 	1180 	1385 	1934 	2048 	2214 	3415 	6141 	6142
277

3940 	4402 	7229 	7230 	7231 	7232 	7233
100 	1104 	1105 	3321 	4711 	4785 	5574 	5608 	5805 	7119
1103 	1105 	3321 	4711
1103 	1104
975 	1107 	1108 	1109 	1110 	1111 	1112 	1455 	1697 	6226 	6227
975 	1106 	1108 	1109 	1110 	1111 	1112 	1455 	1697 	2195 	4897 	6226
1106 	1107 	1109 	1110 	1111 	1112
1106 	1107 	1108 	1110 	1111 	1112 	3940
500 	1106 	1107 	1108 	1109 	1111 	1112
500 	1106 	1107 	1108 	1109 	1110 	1112 	1697 	3940 	5806
500 	1106 	1107 	1108 	1109 	1110 	1111
1114 	1119 	1120 	1121 	2755 	2914 	4912 	6031 	7100 	7252 	7928
631 	730 	1113 	1119 	1120 	1121 	1515 	2945 	3006 	3134 	5652 	5759
4312 	4600 	4601
2053 	2054
614 	1125 	1308 	1655 	1698 	1892 	4793 	6658
446 	519 	947 	1131 	1200 	1326 	1409 	1701 	1956 	2148 	3014 	3581 	3817 	4536 	5089 	5141 	5189 	5448 	5449 	5710
1113 	1114 	1120 	1121 	4912 	6031 	7252
275 	1113 	1114 	1119 	1121 	2969 	3472 	4119 	4912 	6031 	7252
1113 	1114 	1119 	1120
73 	211 	1054 	2045 	2046 	3469
1124 	1186 	1454 	3495 	4329
1123 	1186 	4329
309 	763 	871 	879 	1117 	1698 	1889 	2040 	2158 	2945 	3105 	3106 	3364 	3716 	3717 	3970 	4087 	4453 	4502 	4901 	5089 	5747 	5922 	7137
1127
1126 	1642 	2866 	5088
1196 	1536 	2325 	3237 	3238 	3944 	3945 	5583 	7009 	7323
432 	1712 	2163 	4093 	4094
252 	1131 	2164 	6691 	6965
1118 	1130 	1678 	2484 	3211 	3581 	4382 	4538 	4539 	4540 	4541 	4542 	4689 	6605 	7737

925 	1134 	5193 	5304
925 	1133 	5193 	5304
842 	3843

1715 	1824 	4423 	7006 	7729
1139 	4946
1138
806 	1141 	1142 	1143 	2277 	3853 	7698
1140 	1142 	1143
1140 	1141 	1143 	3189 	3853
1140 	1141 	1142

883

843 	844 	865 	866 	1057 	1448 	1749 	2341 	3888 	8228
325 	775 	1149 	1150 	1594 	2421 	4005 	5721 	5722
278 	1148 	1150 	1716 	1717 	1873 	7283
1148 	1149 	1175 	1532 	2235 	2421 	2754
156 	815 	1448 	1727 	2360 	6582 	6603
1095 	1096
1154 	1155 	1156 	1157 	1158 	1159 	1160 	1161
1153 	1155 	1156 	1157 	1158 	1159 	1160 	1161
1153 	1154 	1156 	1157 	1158 	1159 	1160 	1161
1153 	1154 	1155 	1157 	1158 	1159 	1160 	1161
1153 	1154 	1155 	1156 	1158 	1159 	1160 	1161
1153 	1154 	1155 	1156 	1157 	1159 	1160 	1161
1153 	1154 	1155 	1156 	1157 	1158 	1160 	1161
1153 	1154 	1155 	1156 	1157 	1158 	1159 	1161
1153 	1154 	1155 	1156 	1157 	1158 	1159 	1160
1163 	2582
419 	1162 	1452 	1798 	2056 	2582 	2770 	2956 	6194
1647 	2674 	4011 	4839
1527 	2097 	3054
1167 	1168 	1169
1166 	1168 	1169 	2836
1166 	1167 	1169 	2836 	4858
184 	973 	1166 	1167 	1168 	1247 	1274 	2445 	2867 	5544 	5619 	5823
212 	220 	363 	472 	480 	488 	489 	601 	730 	1171 	1627 	1629 	1710 	1811 	2014 	2068 	2069 	2070 	2773 	3003 	3004 	3005 	3006 	5157 	5386 	7588 	7613 	8236
488 	489 	1170 	1753 	2537 	3004
1173 	1174 	1175
1172 	1174 	1175
1172 	1173 	1175
88 	384 	621 	622 	1025 	1150 	1172 	1173 	1174 	1569 	2421 	2754 	3192 	3423 	5123
1177 	4873 	6978 	6980
1176 	4873 	5363

105 	501 	516 	1280 	1281 	1291 	2271 	2272 	3414 	3427 	6181 	6355 	6890 	8234 	8235
22 	23 	176 	177 	498 	584 	1096 	1099 	1934 	4307 	5959 	6141 	6142 	7891 	7892 	7893 	8286
26 	399 	920 	1199 	1257 	1285 	2451 	2454 	3133 	3462 	4018 	5049 	5382 	5384

2941 	3402
1587 	2137 	3687
276 	277 	1368 	1385 	1677 	1889 	1893 	3009
1123 	1124
78 	482 	882 	2406 	4857
395 	2613 	3779
23 	81 	182 	220 	631 	1038 	1190 	1327 	1505 	1620 	1793 	4654 	4954 	8115
240 	1189 	3865
3000 	3590 	4945 	5612 	6281
1193 	2655 	2691
1192 	2655 	6182
84 	90 	1038 	1195 	6960
84 	90 	1194
694 	1128 	1197 	1536 	2325 	7322
694 	1196
118 	1199 	3201 	5187 	8357
26 	122 	493 	494 	787 	950 	1181 	1198 	1275 	2439 	2440 	3409 	4346 	4492 	4857 	5272 	5273 	5274 	5384
34 	115 	117 	479 	549 	756 	992 	1118 	1201 	1202 	1203 	1409 	1701 	1831 	2147 	2334 	2354 	2465 	2591 	2603 	2936 	3892 	3980 	4230 	5141 	6966 	7427 	7531
131 	132 	479 	1200 	1202 	1203 	1980 	4011 	4012 	4038 	7141
131 	132 	479 	1200 	1201 	1203 	1831 	1980 	4011 	4012 	4038 	7141
33 	167 	479 	756 	1200 	1201 	1202 	1328 	1329 	2354 	2591 	3014 	3887 	3980 	6893
1205 	1206
1204 	1206
1204 	1205 	6586
1208 	1209 	1849 	5054
1 	713 	1207 	1209 	3563 	6522 	8171
1207 	1208
1032 	1211 	4064
1210
141 	142 	163 	1213 	1240 	1535 	2448 	3150 	7836
141 	1212 	7139 	7140

1216 	1217 	6358
1215 	1217
1215 	1216
1219 	1220 	2861
1218 	1220
1218 	1219
815
165 	220 	375 	444 	446 	447 	1595 	3122 	4138 	4502
1224
81 	1223 	1370 	1837 	1897 	2402 	2403 	2946 	2947 	3758 	4001 	5463 	7795
1226 	3374 	5888
1225 	1863 	1895 	2102 	3964 	5426 	6071 	7683
999 	1000 	1228
230 	375 	463 	999 	1000 	1227
1653 	2648 	7654
1231 	3138
1230

990 	2922 	3137 	3380 	4156 	4839
1235 	5266 	7057
1234 	5266 	7057
1237
1236 	2079 	2770 	3707 	4495 	7357 	7419

102 	404
142 	443 	712 	869 	1212 	1241 	1622 	2860 	3383 	3770 	4483 	4883 	6555 	7296
869 	1240 	4483
1243
1242 	1508 	4358 	4993 	5807 	8071 	8246
318 	596 	6085
3384
229 	403 	432 	1478 	2163 	2502 	3407 	3408 	4385 	5098 	7728
662 	1169 	1248 	1274 	2445 	2528 	4642 	5069 	7206 	7632
662 	1247 	2748 	4642 	7632
649 	1250 	1251 	1252
649 	1249 	1251 	1252 	1459
42 	68 	92 	277 	649 	655 	760 	1249 	1250 	1252 	1786 	2452 	2460 	5648
649 	1249 	1250 	1251
815
1640 	1641 	2406 	2439 	2555 	2610 	2611 	2612 	2744 	3410 	3918 	4053 	4200 	4201 	4202 	4203 	4204 	4205 	4756 	5659 	6406 	6579 	7145 	7745
42 	43 	445 	954 	1256 	1257 	2358 	5900 	6490 	6898
445 	954 	1255 	1257
42 	43 	103 	445 	680 	954 	996 	1181 	1255 	1256 	1285 	2358 	3147 	3980 	4608 	6490 	7099
122 	123 	161 	196 	227 	472 	480 	744 	767 	768 	777 	929 	1285 	1304 	1309 	1811 	1852 	4162 	4622 	4623 	6990
31 	989 	5369
189 	190
1262 	1263
1261 	1263
1261 	1262
363 	3343 	7837
491 	760 	1266 	1532 	2577 	2961 	3140 	3696 	4610 	5054 	5275
558 	752 	760 	1265 	2614 	4045 	4046 	4047 	4610 	7512
24 	40 	275 	450 	541 	973 	1268 	1804 	1805 	1961 	2093 	3883 	3884 	4653 	5335
1267 	1304 	1624 	3911 	5380

1271
1270
767 	922 	1273 	1274 	2220
122 	222 	464 	767 	771 	922 	974 	1272 	1274 	1625 	1639 	2094 	2288 	2632 	5408 	7413
23 	922 	1169 	1247 	1272 	1273 	1629 	1793 	2167 	2288 	2632 	2782 	2997 	3134 	3254 	3315 	4400 	4833 	5586 	5758 	5759 	6005
1199 	2440
1277
726 	1276 	1289 	1788 	1789 	1808 	3578 	3894 	4259 	4515 	4524 	4657 	4707 	6668 	8067 	8068
1 	2 	404 	881 	1279 	1590 	2116 	2291 	2837 	4466
1278
105 	817 	1179 	1281 	3395 	3414 	3427 	3591
1179 	1280 	6362

367 	1284
1283
42 	43 	92 	122 	123 	542 	655 	744 	756 	768 	1181 	1257 	1258 	1392 	1980 	2216 	2255 	2264 	2791 	3068 	3199 	4433 	5046 	5827 	6455 	7208
1287
1286
1289
194 	196 	541 	716 	1277 	1288 	3894 	4833 	5215 	6753
441 	2366
122 	1179 	1292 	1293 	2271 	2272 	2316 	3428 	3897 	5788 	5789 	6876 	7923
1291 	1293 	2271 	2316 	3897
1291 	1292 	1304 	1466 	2271 	3897 	4244 	6207 	6208 	7603
64 	370 	488 	489 	604 	661 	1295 	1602 	1986 	2002 	2183 	2228 	3835 	4751 	5059 	5504 	6650 	6651 	7177 	7183
43 	370 	414 	488 	489 	604 	661 	989 	1294 	1573 	1602 	1986 	2228 	3550 	3835 	4525
753 	2846 	3167 	4267 	7106
1298 	1299
1297 	1299 	2459 	2993 	4042 	4322 	6626
627 	1007 	1297 	1298 	1769 	3170 	4353 	4845 	7366


370 	1828 	1904 	2365 	2543 	2903 	3060 	3401 	3887 	4757 	5104
545 	546 	548 	1304 	1305 	3695
52 	480 	545 	546 	547 	548 	1258 	1268 	1293 	1303 	1305 	1309 	1327 	1466 	1547 	4244 	5132 	6187 	6207 	6208 	7603
545 	546 	548 	1303 	1304
782 	1307 	3815
782 	1306
1117 	1309
479 	570 	1258 	1304 	1308 	1466 	1547 	1592 	2545 	3315 	3378 	3589 	5106 	5260 	5898 	6884 	8064
248 	249 	250
99 	786 	1408
1313 	1314
984 	1312 	1314
1312 	1313 	6985
167 	192 	1316 	1600 	1601 	1602 	1616 	1785 	1800 	2460
604 	940 	1315 	1601 	1785 	4230
1480 	2429 	2430 	2431 	2984 	3968 	7740
1319 	1513
1318 	4392
4152
7675
1323 	1324 	1527 	2175 	3402 	6631
1322 	1324 	2529 	2530 	2798
1322 	1323 	2175 	2529 	2530
2534 	4262
271 	685 	739 	782 	996 	1118 	2096 	2120 	2454 	5194 	5710 	6730 	6972 	7940
1189 	1304 	8135
1203 	1329 	1655 	1744 	2023 	2581 	2936 	3450 	3451 	4029 	4117 	6475
289 	702 	705 	1203 	1328 	1411 	1655 	3839 	3840 	7352 	7820
484 	8146
38 	74 	164 	165 	167 	191 	655 	995 	1539 	2396 	2786 	2856 	2857 	3359 	4014 	5759 	5814 	5815 	6889 	7533
589 	590 	591 	5237 	7667
884 	2067

1336 	1337
419 	630 	789 	927 	1335 	1337 	1578 	1579 	1665 	1748 	1938 	1939 	1940 	3055 	3447 	3463 	4543 	4660 	5990 	6543 	7081 	7768
1335 	1336 	1578 	3055 	5990
419 	490 	1339
77 	419 	490 	787 	869 	1338 	1798 	2055 	2056 	2986 	4151 	5077 	6859
1341 	1342 	3042 	4646 	5007 	5350
1340 	1342 	3042 	5350 	6860
1340 	1341 	3042 	3043 	3044 	4457 	6559 	6560 	6561 	6868 	6869
841 	1344
841 	1343

5145
121 	350 	762 	925 	1089 	1372 	1752 	2042 	5268 	6829

64

152 	629 	6514
1053
776 	1354 	2111
1353
1356 	3215 	3216 	5170 	5171 	5172 	6519
1355 	3215 	3216 	5170 	5171 	5172 	6519
1358
1357

1361 	1362 	3217 	4435 	4436
1360 	1362 	4435
1360 	1361
3087 	3360
1365
1364
1367 	1388 	5406 	7890
477 	478 	479 	480 	1366 	1569 	1570 	1571 	3467
222 	1185 	2890 	3634 	4066 	4654 	6916 	6917
46 	84 	719 	1370 	1371 	1372 	7092 	7539
46 	84 	386 	719 	1224 	1369 	1371 	1372 	2691 	6398
1369 	1370 	1372
121 	1078 	1347 	1369 	1370 	1371
1374 	1375 	6415 	8185
1373 	1375 	8185
1373 	1374
96 	121 	582 	910 	1377 	1378 	1379 	1380 	3799 	4781 	5142
1376 	1378 	1379 	1380 	3992 	3993
96 	121 	1376 	1377 	1379 	1380 	3948 	5179 	7170
447 	1376 	1377 	1378 	1380 	3992 	3993 	4619 	5089
96 	121 	504 	582 	1376 	1377 	1378 	1379 	5142 	8285
1382
1381 	4748
176 	337 	1984 	4108
729
277 	361 	747 	1099 	1185 	1677 	1893 	1932 	1933 	2817 	3137 	3415 	3733 	3795 	4548 	5290 	7151
337 	1387 	4547 	6513
337 	473 	1386 	2606 	4547 	6536
1366
3898 	5484
887 	962
276 	620 	674 	751 	1392 	1879 	1935 	2101 	2287 	2791 	3294 	3716 	4502 	4578 	4796 	5292 	6478
122 	123 	277 	472 	479 	480 	531 	547 	620 	699 	744 	973 	1285 	1391 	1737 	1761 	1879 	2216 	2791 	3013 	3378 	3732 	3843 	4121 	6209 	7425 	7935

1395 	1481 	1482 	2162 	3228 	4022 	4910 	4911
1394 	1481 	1482 	2162 	3228 	4910 	4911
645 	837 	1397 	2498 	3093 	3476 	3477
86 	645 	837 	1396 	1544 	1546 	2497 	2498 	2703 	3093 	3476 	3477 	3747 	3748 	3803 	3939 	5217 	5218 	5683 	6686
696 	697
284 	285
1401 	1402 	5593 	7501
1400 	1402
1400 	1401
678 	1404 	1405 	3094 	5492 	5631 	5632 	5968 	6303 	6304 	7945
1403 	1405 	6684 	6685
1403 	1404
1407 	1408 	3362
1406 	1408 	4340 	6150 	6151 	7967
165 	230 	1311 	1406 	1407 	1494 	2912 	3362 	3772 	3782 	3783 	4340 	4504 	7132 	7695
73 	117 	288 	947 	1118 	1200 	1410 	1495 	1701 	4901 	5089 	5141 	5189
73 	287 	289 	1409 	3948 	5089 	5141 	5935 	6246
289 	518 	925 	947 	996 	1329 	1454 	1752 	2711 	2712 	2713 	6543 	7489
1413 	1659 	2908 	2909 	2910 	4689 	5809
1412
842
793 	2302 	3096 	4467 	4468 	7399
1417 	1620 	4689 	4908
1416 	3082
790 	1419 	2722 	3184 	3365 	3819
793 	1418 	2722 	3820 	5090 	5091 	5092
1421 	1422 	1719 	5428 	5429 	6164
1420 	1422
1420 	1421 	6164
335 	476 	802 	1035 	1424 	1631 	2355 	2780 	3172 	3173 	3403 	3728 	3729 	3730 	4733 	5889 	5890 	7686 	7967
1423
1719 	6164 	7743

3244 	4705
1429 	6852
1428
1431
1430
1612 	3111

1435 	5887
830 	1434 	6755 	8243

1438 	1439 	2323 	4380 	4788 	5182
1437 	1439
1437 	1438
1441 	7522 	7523
1440 	7522 	7523
318 	1443 	1641 	1991 	2282 	3611 	3612 	5460
524 	959 	1442 	1474 	1475 	1520 	1642 	1897 	2146 	2211 	2365 	2703 	3135 	3719 	4660 	4785 	6382 	6383 	6771 	7859
1445 	1899
1444
1478 	2088 	2526 	2527 	2624 	2625 	2626 	3241 	3242 	3821 	4701 	5498
865 	1448
204 	865 	1076 	1147 	1151 	1447 	2898 	4066 	6582 	7484 	7485
1076 	4999

18 	465 	466 	468 	498 	499 	652 	854 	1774 	2237 	2253 	2573 	2930 	3258 	3298 	4129
40 	463 	882 	1163 	1453 	4053
40 	463 	1452 	5225 	5226
288 	511 	615 	788 	925 	1123 	1411 	1495 	1522 	1616 	1644 	1948 	3495 	3646 	5817 	6123 	7489 	7560 	7813 	7940
975 	1106 	1107 	1697 	6226 	6227
1457
1456 	1923
170 	180 	181 	1025 	1542 	2702 	3176 	3416 	5845 	6886 	8075
837 	1250 	1460
500 	837 	884 	943 	1090 	1459 	3795 	4378 	4884 	4947 	4948 	5867 	5907 	6883 	6919
137
500 	1086 	1088 	1090 	1916 	2104 	3516 	4666 	4922 	7356
432 	4505
17 	22 	23
4271 	5997 	5998
122 	123 	278 	570 	1293 	1304 	1309 	1547 	2216 	3589 	4244 	4373 	5132 	6187 	6208 	6884 	8064
876 	2861 	2937 	3145 	3146 	3153 	3154 	4605 	8156
320 	321 	739 	740 	1473 	3559 	3560 	3614
2038
1471 	5262
1470 	5261 	5262

268 	1468 	3422 	3559 	3560 	5022 	8035
464 	596 	826 	1443 	1475 	1627 	1628 	1629 	1873 	2014 	2211
1443 	1474
1477 	1478 	1479 	3584 	8271 	8272
1476 	1478 	1479
917 	985 	1246 	1446 	1476 	1477 	1479 	1580 	1581 	1755 	1923 	2111 	2198 	2199 	2220 	2568 	2569 	2669 	2872 	3473 	3474 	3572 	4302 	5098
1476 	1477 	1478
932 	982 	1317 	2429 	2984 	3343 	6867
1394 	1395 	1482 	2162 	4910 	4911
180 	1394 	1395 	1481 	1542 	2162 	4910 	4911

306 	308 	4333 	5693
254
2782
736 	3769 	4477
23 	80 	1489 	1490 	1501 	2760 	3054 	4211 	5130 	5131
553 	1488 	1490
23 	1488 	1489 	3054
112 	1492 	4950 	5121
111 	112 	1491 	3899 	4892 	4950 	5072 	5073 	5121
39
23 	85 	357 	358 	1408 	1793 	3399 	3761 	4504 	5244 	5625 	7033
288 	655 	788 	879 	880 	883 	954 	955 	1409 	1454 	1539 	1540 	1644 	6180 	7878

113 	611 	1498 	1499 	1747 	2662 	4943 	5622 	5777
1497 	1499 	2662 	4854
1497 	1498 	2662 	4854
22 	23 	84 	113 	584 	1501
22 	23 	1488 	1500 	1609 	1735 	3437 	4640 	4641
1503 	1504
1502 	1504
76 	1502 	1503 	2262
220 	1189
1507 	1508
1001 	1506 	1508 	2533 	3501 	4864 	5059
186 	1243 	1506 	1507 	1832 	1833 	2363 	2364 	3164 	3165 	4993 	5807 	6115 	6389 	6390
1510 	1511 	1512
967 	1509 	1511 	1512 	1751 	2323 	3095 	4903 	5183 	5576 	5577 	5578 	5675 	6000 	6305 	6660
967 	1509 	1510 	1512 	1751 	3095 	4903 	5576 	5577 	5578 	5675 	6305 	6660 	8187
1509 	1510 	1511 	3095
1318 	1605
36 	38 	62 	167 	184 	187 	277 	306 	606 	655 	661 	674 	818 	1737 	1768 	1841 	1842 	1893 	2409 	2566 	2945 	4689 	7415
105 	191 	370 	447 	448 	737 	880 	883 	954 	955 	1114 	1828 	2000 	2069 	2210 	3253 	3291 	3609 	3888 	4489 	4502 	4519 	5464 	5804 	5922 	6313 	6887 	7137
353 	533 	965 	3302
569 	570 	1518 	2531
569 	570 	1517
1523 	1524 	7405
1443 	1521 	2211 	2797 	3529 	3656 	4065 	4849 	5704
1520
615 	1454 	7813 	7940
1519 	1524 	7405
1519 	1523
1526 	1527 	2858 	3152 	4419
102 	289 	1525 	1527 	2858 	3753 	4073 	4699 	5612
573 	1165 	1322 	1525 	1526 	2097 	3049 	3050 	3054 	3143 	3310 	3402 	3738 	4102 	4232 	4639 	5138 	5910
1529
1528

2834 	2835 	3439 	3677 	3678 	4065 	4343 	5084 	6903 	6904 	7630
491 	1150 	1265 	1533 	1534 	2235 	2421 	2631
107 	152 	1532 	1534 	5430
1532 	1533
141 	142 	163 	974 	1212 	5146
114 	116 	1128 	1196 	2113 	2209 	2210 	2325 	5257 	6580 	7009 	7263
712 	1538 	2932 	6128 	6129
1537
883 	955 	994 	995 	1331 	1495 	1540 	1644 	1800 	5815 	7533
1495 	1539
2288 	5797 	6926 	6927 	7234 	7370 	7567 	7720 	7721
180 	181 	1025 	1458 	1482 	2702 	2703 	6607
1830 	4949
722 	1397 	1545 	1546 	3803 	4305 	5217 	5218 	5683
1544 	1546
722 	1397 	1544 	1545 	5217 	5218 	5683
363 	570 	948 	1304 	1309 	1466 	1737 	2216 	3589 	5132 	5133 	6884 	7268 	8064
491
286 	1550 	2012 	2301 	2302 	6328
286 	1549 	2012 	2301 	2302 	6328
377 	587 	2911 	5052 	5081 	5375
857 	3818 	4071
555
163 	486 	1555 	4429 	5850 	7763
163 	450 	1554 	4429 	5850 	6553 	7763
71 	1557 	1558
71 	1556 	1558
71 	1556 	1557 	5316
161 	472
975 	2600
1562 	1563 	2287 	2994
1561 	1563 	2287 	2994
742 	774 	1561 	1562 	2287 	2429 	2984 	2994 	6707 	7968 	8172
944 	1617 	2831 	2868 	3877
24 	1566 	3983
24 	1565 	2623
1568
1567 	1729 	1732
88 	180 	183 	477 	478 	479 	480 	621 	622 	1175 	1367 	1570 	1571 	1614 	1628 	2702 	3192 	3229 	3230 	3272 	3423 	3850 	3851 	4745
88 	183 	444 	447 	477 	478 	479 	480 	499 	501 	1367 	1569 	1571 	1627 	1628 	1831 	2373 	2645 	2991 	3272 	3295 	3378 	3379 	3472 	3675 	4745 	5317 	6188 	6189 	6467 	6468 	6480 	6486 	6504 	7050
477 	478 	479 	480 	1367 	1569 	1570

43 	1295 	1574 	1602 	2523 	4035 	4496
1573 	2220 	3048 	3068 	4969 	7540 	7620
29 	30 	2296 	2297 	2298 	4717 	6106
1577 	4222
1576 	1816 	4222 	6112 	8120
1336 	1337 	1579
1336 	1578 	3305 	6749
28 	163 	1478 	1581 	2198 	2199 	2453 	4488 	6214 	6476
1478 	1580 	2198 	2453 	4488 	6476
353 	1090 	1603 	1924 	4528
40 	74 	78 	275 	491 	494 	541 	787 	882 	1710 	2107 	3275 	4053 	4827 	5034 	5336
959 	1585 	1586 	2572 	6672 	7247
959 	1584 	1586 	6672
254 	1584 	1585 	2572
1184
148 	278 	1589 	2316 	2601 	3039 	5050 	6452
148 	1588 	3039
174 	175 	509 	1278 	1591 	1826 	1827 	2837 	4799 	5128 	5132 	6467 	6468 	7050 	7974
1590
39 	174 	175 	194 	881 	1309 	1803 	2407 	2545 	3315 	3606 	4339 	5106 	5260 	5381 	5898 	6644 	6723 	6724 	7595
2793
152 	900 	1148 	1595 	3569 	3570 	4773
165 	220 	630 	1222 	1594 	1662 	1785 	2098 	2160 	2161 	2445 	3139 	3667 	3717 	4138 	4489 	4502 	4907 	5349 	5464 	6190
336 	1597 	2778 	5331 	5613 	6687 	6688 	6689
1596

512 	513 	514 	2206 	2207 	2922 	6300
167 	192 	448 	1315 	1601 	1602 	1616 	1800 	2266 	2391 	2460 	2870 	3182 	4713 	4714 	5814
167 	192 	945 	1315 	1316 	1600 	1602 	1785 	1831 	2460 	4535 	7298 	7618
43 	81 	226 	370 	488 	489 	604 	940 	945 	1294 	1295 	1315 	1573 	1600 	1601 	1616 	1710 	1831 	2228 	2545 	3530 	3550 	4229 	4230 	4264 	4265 	4525 	5106 	5504 	5650 	5787 	6865 	6866
157 	1582 	1622 	2098 	2220 	2922 	3722 	4839

1513
141 	1607 	2437 	4083 	4627 	5254
163 	1606 	4627 	5780 	5781 	5782 	6493 	6666 	6853
223 	224
23 	85 	113 	978 	981 	1501 	1610 	1611 	1735 	3761 	4583 	5605 	5606 	5745 	7048 	7049 	7266 	7789
113 	1609 	1611
113 	1609 	1610
1432 	1679 	2598 	4071 	4317 	4318 	4319 	4351 	6105 	7078 	7158 	7199 	7200 	7388
91
24 	450 	621 	630 	1569 	1615
24 	164 	167 	791 	852 	1614 	2007 	2255 	2788 	3596 	5464 	6313 	7138
191 	192 	558 	615 	751 	925 	1315 	1454 	1600 	1602 	1617 	1618 	1619 	1620 	1800 	2094 	2466 	3132 	3393 	6123
191 	1564 	1616 	1618 	1619 	1620 	2209 	2831 	2832 	2868 	3877 	3878 	3997 	5941
191 	1616 	1617 	1619 	1620 	3997 	5941
191 	1616 	1617 	1618 	1620 	2831 	2832
81 	191 	1189 	1416 	1616 	1617 	1618 	1619 	7749
251 	1667 	4624 	5201 	7348
1240 	1603 	2787 	2860
5824 	5825 	5957
1268 	3981
636 	974 	1273 	1626 	1674 	2288 	4869 	4870
480 	596 	929 	974 	1625 	1628 	3315 	3896 	5260 	5326 	6086
1170 	1474 	1570 	1628 	1629 	2991 	3003 	3004 	3005 	3006 	3472 	5317 	6188 	6189 	6480
88 	183 	480 	596 	1058 	1474 	1569 	1570 	1626 	1627 	1629 	2773 	3272 	3273 	3850 	3851 	5386
695 	1170 	1274 	1474 	1627 	1628 	1854 	2287 	2709 	3005 	3429 	4969 	5386 	5586
158 	159 	1631 	3961 	3994 	4277 	7122
158 	1423 	1630 	4733

1664
291 	292 	349 	491 	1834 	1835 	2397 	3418 	5466
6637
816
1638 	4021
1637
167 	277 	370 	448 	543 	544 	655 	737 	872 	922 	995 	1273 	2807 	3139 	3364 	3401 	3716 	3866 	5436 	6391 	6392 	7293
726 	836 	1254 	1641 	1853 	2439 	2440 	2441 	2555 	3382 	3564 	3565 	4625 	4756 	5460 	5659 	7145 	7146
726 	836 	1254 	1442 	1640 	1853 	2440 	2441 	2555 	3382 	3564 	3565 	4625 	4756 	5460 	5461 	5462 	5659 	6406 	6588
1127 	1443 	2866 	2908 	3385 	5028 	5992 	5993
7518
167 	751 	960 	1454 	1495 	1539
1646
1645 	2929 	3960 	6546
1164 	1648 	1649 	2674 	4055
1647 	1649
1647 	1648
1651 	4054
1650 	4054
1653
1229 	1652 	4313 	4316

704 	760 	1117 	1328 	1329 	1656 	1720 	2682 	2683 	3966 	5484 	5987 	5988 	7352
1655 	3479 	3966
7 	502 	817 	1067 	1997 	2643 	3218 	3743 	4673
35 	1659 	2463
1412 	1658 	1786 	3105 	3236 	4452 	4951 	5809 	5875
257 	260 	812 	1049 	2134 	2135 	2885 	8356
1662
1595 	1661 	2321 	3292 	3667 	4726
1057 	1058 	1059
931 	1633 	1665 	1666 	1667 	1861 	7216 	7426
1336 	1664 	1666 	1667 	1861 	2064 	2065 	2066 	2594 	2595 	3447 	3889 	3936 	5008
495 	1664 	1665 	1667 	3055 	4279
1621 	1664 	1665 	1666 	4624 	6147
120 	3350
1670 	1671 	1672 	1673
1669 	1671 	1672 	1673
1669 	1670 	1672 	1673 	2895 	4312 	5595 	5596 	8018
1669 	1670 	1671 	1673
1669 	1670 	1671 	1672 	2895 	5595 	5596
1625 	1675 	1676 	1945 	2916 	3137 	4982
1674 	1676
1674 	1675
526 	527 	528 	1185 	1385 	2139 	3334 	3342 	3797 	4446 	7004
768 	1131 	1679 	1680 	3621 	5915 	8296
36 	37 	620 	1612 	1678 	1680 	1705 	4778 	5418 	5419 	5420 	5566 	7158 	7388
1678 	1679



1685
1684 	3484 	4461 	4504 	5773 	6234 	7071
113
1688 	1691
1687 	1824 	3719 	7006
1690 	1691 	1692 	2709
1689 	1691 	1692 	2709 	2904 	4305 	6671
1687 	1689 	1690 	1692 	2709
1689 	1690 	1691
3470 	3471 	3472 	3799 	3800 	4734 	4784 	7487 	7488
67 	663 	2025 	2363 	2364 	4584 	5193 	6082 	6602
1696 	1697 	8327 	8328
1695 	1697
217 	235 	975 	1106 	1107 	1111 	1455 	1695 	1696 	1885 	3351 	3890 	4330 	4331 	4626 	5471 	5517 	5751 	6226 	7785 	8084 	8085 	8327 	8328
229 	309 	1117 	1125 	2119 	3721 	3722 	4793
534 	2596 	5355 	6457
211
117 	1118 	1200 	1409 	2717 	5089 	7010
299 	300 	925 	1957 	2899
7239
1705
1679 	1704 	3755 	3813 	4127
1707 	2710 	7573
1706

1710 	4903
39 	93 	735 	765 	1170 	1583 	1602 	1709 	2068 	2069 	2070 	2391 	4151 	4200 	4750 	5787
284 	285 	3366 	3367 	3392 	5575 	6065 	7238
1129
965
1715 	2810
1137 	1714 	3532 	3683 	3842 	4164 	4165 	4423
122 	278 	802 	1149 	1717 	1873 	2729 	3129 	3130 	3243 	4048 	4925 	7283
122 	278 	1149 	1716 	1873 	3129 	3130 	3243 	4048 	4925
453 	454 	455 	456
1420 	1425 	6164
704 	705 	760 	1655 	2961 	5054 	7281
705 	1722 	2373 	5592 	5717 	6350 	6737
328 	376 	707 	1721 	2335 	2678 	8077
385 	1724 	1901 	2338 	7162 	7919
1723 	2027

1727 	1728
1151 	1726 	1728 	2305 	3828 	8112
1726 	1727
1568

632 	843 	945 	1839 	2015 	3824 	4608 	7336 	7618
1568 	1767
2844 	4020 	7353 	7354

23 	80 	506 	978 	1501 	1609 	1736 	1837 	1990 	2946 	2947 	3313 	3399 	3437 	3781 	4163 	4504 	7592 	8058 	8059 	8232
1735 	1837
36 	74 	122 	123 	277 	674 	744 	765 	929 	1392 	1514 	1547 	1855 	1869 	1933 	2216 	3013 	3113 	3599 	4750
1739 	4412 	5821
1738 	1796 	4421

1742
1741 	2389

1328 	1745 	1746 	2023 	6475
1744 	1746
1056 	1744 	1745 	4103 	4486 	4487 	6634
14 	128 	1497 	2662 	4261 	6083
233 	1336 	2103 	4543 	4660
843 	865 	1147 	1750 	2341 	2366
403 	689 	867 	1749 	2543 	5337
967 	1510 	1511 	3095 	4903 	5183 	5675 	6305
118 	121 	947 	1347 	1411 	2318 	7787
80 	81 	94 	118 	481 	545 	546 	547 	765 	938 	1171 	1868 	1869 	2593 	3004 	3278 	3739 	3740 	4603 	4953 	5269 	7169 	8060 	8265
1755 	4800 	6962
1478 	1754 	2787 	3901
906 	2323 	3536 	4788 	6495 	6745
194 	195 	196 	197 	510 	599 	5317
797 	984 	1017 	1759 	1760 	3160 	4101 	5040
1758 	1760
1758 	1759
1392
350 	916 	917 	3202 	6850
41 	643 	689 	787 	4857
6065 	8339 	8340
1766
1765
1732
38 	93 	184 	277 	306 	543 	544 	751 	818 	874 	879 	880 	883 	955 	1514 	1841 	1842 	1893 	3132 	3213 	4927 	5230 	5744
627 	1299 	4845
670
283 	680 	1772 	1820 	1821 	2228 	2344
283 	1771

293 	466 	468 	868 	1451 	2095 	3430 	5129

52 	479 	674 	744 	751 	947 	1777 	1831 	2286 	5247
52 	362 	472 	479 	545 	546 	1776 	1811 	1830 	3003 	3253 	3609 	3988 	3989 	5043 	5044 	7351
536 	630 	1779 	4696 	4697 	4698 	4699 	4700 	6946 	8123
86 	87 	1778 	3772 	3939 	4557 	4558
125 	1781 	1782 	1783 	4004
125 	615 	762 	925 	1780 	1782 	1783 	4004
125 	615 	762 	925 	1780 	1781 	1783 	4004
125 	1780 	1781 	1782 	4004
293 	1055 	3880 	7178
167 	1315 	1316 	1595 	1601 	1892 	1993 	2445 	2774 	3139 	3322 	6945
42 	529 	879 	1251 	1659 	3006 	3009 	3068 	3236 	3722 	3970
93 	368 	880 	2264 	4027 	5328 	5769 	8165 	8166
1277 	1789
1277 	1788 	4707
1900 	2798 	3745
1792 	1793 	1794
1791 	1793 	1794
22 	23 	85 	575 	1189 	1274 	1494 	1791 	1792 	1794 	2048 	2258 	2595 	3399 	4954 	4974 	6846 	6974 	7600
22 	23 	575 	1791 	1792 	1793 	2258 	2595 	4954 	4974 	6846 	7600
1796 	1797
101 	321 	1739 	1795 	1797 	2186 	2187 	3306 	4253 	4254 	4255 	4421 	5103 	6386 	6767
1795 	1796 	2974 	4279 	5102
419 	490 	1163 	1339 	2986 	4827 	5077
3561
167 	192 	655 	994 	995 	1315 	1539 	1600 	1616 	2452 	7558
40 	643
1803
130 	174 	196 	840 	1592 	1802 	2369 	2407 	2644 	3612 	4136 	4137 	5381 	6469 	6526 	8076
1267 	1805 	4407 	5211 	5335 	5351 	6329 	6330 	6331 	6396
1267 	1804 	4407 	5211 	5351 	6396 	7941
287 	655 	2001 	2025 	2653 	2961 	3291
700 	1808 	4221
700 	1277 	1807 	6668

271
31 	472 	529 	601 	842 	1004 	1170 	1258 	1777 	1852 	2068 	2069 	2070 	2537 	3530 	3531 	3888 	3988 	3989 	4027 	4623 	6990
154 	437 	851 	2838
1032 	1033
61 	103 	161 	463 	561 	1815 	2067 	2166 	2971 	3417 	5122
561 	1814 	2166 	2167 	2814 	3661 	4416 	5943 	7181
1577 	3101 	3271 	3285 	5460 	6496 	8120
23 	423 	2284 	2285 	3033 	3679 	4424 	4493 	6042 	6043 	8073 	8167 	8168
750
680 	1820 	1821 	1822 	5214 	6470
680 	1771 	1819 	1821 	1822 	2228 	5214
680 	1771 	1819 	1820 	1822 	2228 	2621 	2820 	5214
680 	1819 	1820 	1821 	5035 	5214 	5534 	6470
1824 	1825 	5675 	5969
1137 	1688 	1823 	1825 	3719 	5675 	5969 	7006 	7729
1823 	1824
509 	1590 	1827 	5147 	5148 	7050
1590 	1826 	2837
74 	737 	1302 	1515 	1829 	2000 	2024 	2255 	3132 	3253 	4489
1828 	2211 	4912
52 	446 	529 	545 	546 	614 	1543 	1777 	1831 	4835 	4949 	5247 	5861 	7210 	7211
36 	37 	38 	52 	478 	479 	861 	883 	945 	992 	1200 	1202 	1570 	1601 	1602 	1776 	1830 	2286 	3378 	3472 	5247 	6116 	6196
826 	1508 	1833 	3144 	6652 	6653
1508 	1832 	1853 	1920 	1922 	6652
349 	1634 	1835
1634 	1834
1837
1224 	1735 	1736 	1836 	1897 	1990 	3760 	4123 	4124 	5766 	6197 	7297

945 	1731
3998 	3999
105 	184 	732 	1514 	1768 	1842 	2961 	4200 	5621
184 	1514 	1768 	1841
85 	358 	2488 	3967 	6677
68 	137 	333 	334 	601 	871 	1845 	5775
601 	871 	1844 	3299 	3891 	5163
477 	478 	479
1848
1847
317 	468 	499 	861 	1207 	2234 	2667 	4083 	4145 	5054 	5254 	6506 	7271
2218 	8227
193 	382 	2036 	2037 	5651
61 	161 	768 	777 	1258 	1811 	3016 	4622 	4623 	5023 	5122 	8125
455 	754 	819 	949 	953 	1640 	1641 	1833 	1920 	1921 	1922 	2339 	4450 	4451 	4521 	4559 	5460 	5672 	6564 	6935
174 	1629
36 	765 	943 	1737 	1869 	2922 	3722
449 	1857 	2136
449 	1856
1859 	1860 	4517 	5783 	5784 	5785 	5786 	7759 	7760
1858 	1860 	2167
1858 	1859
931 	1664 	1665 	4868 	7216

416 	1226 	1864 	1865 	1895 	2170 	2385 	2386 	2681 	2882 	3371 	3964 	4089 	4970 	5426 	5427 	6071 	7084
399 	1863 	1865
1863 	1864 	3922 	3923 	4970 	5329 	5330 	6371 	6372
176

1753 	1869 	5269
36 	94 	547 	600 	1737 	1753 	1855 	1868 	2593 	2961 	3278 	3739 	3740 	4603 	8060
1871
1870
2331 	2332 	2333 	4216 	4288
826 	1149 	1474 	1716 	1717 	2014 	4048 	4925

1876 	2845 	4015
1875
1878
1877
921 	974 	1391 	1392 	1880 	3445 	4548 	4984 	5035 	5573 	5737 	6006 	6289 	6302 	6366
974 	1879 	4090 	4091 	4092
1882 	1883 	2802 	2803 	3289
1881 	1883 	2009 	2010 	2011 	2802 	2803
1881 	1882 	2009 	2010 	2802 	2803
8150
1697 	1886 	6738 	7785 	7794
1885 	4415 	4701 	6738
646 	648 	1061 	1888 	6891
86 	87 	646 	648 	671 	722 	1887 	2346 	2365 	3939 	3990 	5920 	7342
484 	606 	1125 	1185 	1890 	2452 	3009 	5362 	7137
606 	1889
707 	1963 	5971 	6615 	8036
133 	167 	1117 	1785 	1993 	6658
38 	105 	167 	187 	661 	674 	732 	751 	1185 	1385 	1514 	1768 	3139
1895 	3466
153 	154 	1226 	1863 	1894 	3371 	3964 	4810 	4811 	4812 	5426 	5427 	6071 	7084
7095
1224 	1443 	1837 	2211
404 	406 	605 	2379 	7614 	7707 	7708 	7709 	7780 	7781
1444
197 	350 	1790 	2026 	3745 	8225
1723

473 	474
1302 	4061
1906 	1907
1905 	1907 	3077 	4174
1905 	1906 	3077 	4174
260 	1909 	1910 	5164
260 	1908 	1910 	2873 	2874 	5164
260 	1908 	1909
1912
1911 	4415
1064 	1914 	2974 	3075 	4304 	5731 	5937
1913 	2041 	3752 	4303 	5989 	6134 	6186 	6371 	6372
369 	870 	2262
500 	1086 	1088 	1090 	1462 	1917 	1918 	1919 	2104
1916 	1918 	1919
1916 	1917 	1919
1916 	1917 	1918
819 	1833 	1853 	1921 	1922 	2173 	2339 	6935
1853 	1920 	1922
1833 	1853 	1920 	1921
1457 	1478 	3473 	3474 	4302 	5394 	6912
1090 	1582 	1925
645 	762 	837 	996 	1090 	1924 	2854 	4010 	4050 	4420 	4536
1927
1926
7550
4083 	8231
1931 	1932 	1933
38 	791 	1930 	1932 	1933 	2099 	2100 	2101 	3401
1385 	1930 	1931 	1933 	2099 	3009 	4548 	4894 	6976 	8173
1385 	1737 	1930 	1931 	1932 	2099 	3009 	3599 	4548 	4894 	8173
1099 	1180 	5959 	6141 	6142 	7891 	7892 	7893 	8286
276 	473 	947 	1391 	5162
1937 	2253 	4178 	7316 	7383
1936 	4178
1336 	1939 	1940 	3097
1336 	1938 	1940
419 	841 	1092 	1336 	1938 	1939 	2205 	2258 	2409 	3097 	3590 	3931 	3932 	4476 	4830 	5571 	6543 	6770 	7064 	7079 	7081 	7639
1942 	1943 	1944
1941 	1943 	1944
1941 	1942 	1944
1941 	1942 	1943
1674
1947 	3041 	3352 	3353 	3354
1946
1454
918 	1950 	3233 	4413 	5682 	6736
889 	1015 	1949 	5313
541 	996 	1952 	3948 	4990 	6247 	8026 	8027 	8028
762 	1951
1954 	2755
1953
518
40 	911 	1083 	1118 	2619 	3817 	4318 	5877 	6405
1702
762 	1959 	6026
1958 	7572

860 	1267 	2093 	2174 	2246
819
376 	707 	1891 	6551 	6615 	7217
199 	201
1038 	1966 	1967
1038 	1965 	1967 	2145 	4182 	5579 	5580
1965 	1966
276 	6521
3033 	7614
1971 	1972
1970 	1972
1970 	1971



710
565
66 	825

386 	479 	991 	992 	993 	1201 	1202 	1285 	1981 	1982 	3199 	3629 	3630 	3631 	3892 	3893 	4038 	5569 	5570 	6455
386 	430 	511 	550 	551 	1980 	1982 	2115 	2182 	2395 	2851 	3199 	3629 	3630 	3631 	3765 	5009 	5128 	5250 	5569 	5570 	6643 	7808
386 	993 	1980 	1981 	6455
1984
1383 	1983 	3296 	5439 	7594
727 	728 	3978 	7002 	7638
370 	1294 	1295 	5847 	6031 	7241
2945
985
149 	150 	618
3 	1735 	1837
1442 	5887
2072 	4988
167 	1785 	1892
1995 	1996 	2283
1994 	1996 	2283
1994 	1995
7 	817 	1067 	1657 	1998 	1999 	2643 	3218 	3924
1067 	1997 	1999
1067 	1997 	1998
723 	735 	1515 	1828 	2001 	2098 	2255
1806 	2000 	2653 	4095
1294 	2597
2004 	2005 	2006 	2030
2003 	2005 	2006
2003 	2004 	2006 	2030 	2561 	2562
2003 	2004 	2005
1615

1882 	1883 	2010 	2011
1882 	1883 	2009 	2011
1882 	2009 	2010 	6153
1549 	1550
102 	404 	2545
212 	464 	826 	1170 	1474 	1873 	2632 	2773 	5157 	7063
1731 	4891 	4892
2017 	2018
2016 	2018
2016 	2017
76 	152 	436 	2020 	6408
2019
437 	851 	2073 	2638 	4197
2023 	2127 	4328 	6079
1328 	1744 	2022 	6475
36 	558 	883 	1828 	3132 	3236 	8134
105 	448 	661 	1694 	1806 	2228 	2807 	3139 	3751 	4584 	4602 	5034 	6082
227 	350 	526 	916 	1004 	1900 	3202 	4610 	7482
1724

601 	871
2003 	2005
154 	851 	2032 	2033 	2224 	4915
154 	851 	2031 	2033 	2224 	8005 	8006
2031 	2032
2035
2034
1851 	2037
1851 	2036
1469
2040
1125 	2039 	4087
1914 	2042 	2080 	2922 	2923 	4303
1089 	1347 	2041
2044
2043 	2544
73 	211 	1054 	1122 	2046
73 	211 	1054 	1122 	2045
130 	2048 	2049 	2275 	4388 	6469
23 	130 	361 	1099 	1793 	2047 	2049 	2214 	2342 	2343 	2425 	2427 	4224 	4388 	5762 	6469 	6846 	6974 	7442
2047 	2048 	3828 	7662

521 	2052 	3575 	5335
432 	1022 	2051 	2163 	2164 	2165 	3239
1116 	2054 	2505
1116 	2053 	5081
419 	490 	1339 	2056
77 	419 	490 	494 	882 	1163 	1339 	2055 	2861 	2956 	5077 	7113
205 	206


7860
2062 	2063
2061 	2063
2061 	2062
1665 	2065 	2066 	3889 	5008
1665 	2064 	2066 	3889 	5008
1665 	2064 	2065 	3889 	5008
34 	191 	463 	861 	1333 	1814 	2357 	5810 	7008
463 	472 	601 	1170 	1710 	1811 	2069 	2070 	2391 	2537 	3010 	8236
34 	126 	363 	378 	472 	601 	916 	1004 	1170 	1515 	1710 	1811 	2068 	2070 	2209 	2391 	2537 	3182 	3888 	4431 	4489 	4757 	6385 	6777 	6973 	7259 	7613
472 	601 	1004 	1170 	1710 	1811 	2068 	2069 	2391 	2537 	8236
2072
1992 	2071 	4988
851 	2021 	2074 	2638
851 	2073
2076 	2077
2075 	2077
2075 	2076
2079 	4710
1237 	2078 	4710
2041
360 	361 	2082 	2083 	2971 	5999
360 	2081 	2083
360 	2081 	2082
242 	458 	3256 	3257
301 	2086 	3267
301 	2085 	3267
716 	778 	2088 	3680 	6753
1446 	2087
2090
2089 	2409 	6212 	7723
2092
2091
712 	1267 	1961
37 	74 	464 	1273 	1616 	2271 	2272 	3393 	7418
466 	468 	1774
782 	887 	996 	1326 	3394 	4949 	5533 	6922
1165 	1527 	3054
105 	157 	630 	1595 	1603 	2000 	2101 	2190 	2194 	2922 	3591 	5349 	6190
1931 	1932 	1933 	2100 	2101 	3795
1931 	2099 	2101 	5137 	6086 	7201 	7202
157 	472 	1391 	1931 	2098 	2099 	2100 	3253 	3294 	4680
399 	736 	737 	927 	928 	1226 	2200 	2308 	2309 	3769 	7683
1748
500 	1086 	1088 	1090 	1462 	1916 	2854 	3342 	3961 	5147
2106 	2107
2105 	2107 	4203 	5177 	5178
78 	1583 	2105 	2106 	3376 	4203 	4631 	4632 	4827 	4857 	5177 	5178 	5336
38 	322 	806 	1024 	2266 	4516 	5961
3161 	7355
20 	2111
20 	776 	1353 	1478 	2110 	2569 	3572 	4149 	4368 	7065 	7402 	7657
254 	255
116 	1536 	2209 	2210 	5257 	7263
430 	2115 	2116 	2395 	4615
102 	386 	430 	853 	974 	1981 	2114 	2116 	2182 	2222 	2395 	2784 	5009 	5250 	5465 	5931 	6211 	6399
1 	2 	213 	404 	670 	1278 	2114 	2115 	2222 	2223 	2291 	3271 	4030 	4031 	4466 	4615 	5150 	6012 	6015 	6016 	6017 	6591 	6899 	6952 	7194 	7341 	7786 	7807
712 	721 	969 	2118 	2140 	4344 	4637 	4638
721 	2117
1698 	2452 	3009 	3236
739 	921 	996 	1326 	3706 	6730
2122
2121 	3214
123 	3193 	3578 	4377 	4383 	5134 	7042
2125 	4577 	6349
2124 	6349
96 	121 	2127 	2128 	4109 	7374 	7375
2022 	2126 	2128 	4328
96 	121 	2126 	2127
2130 	2131 	2132
2129 	2131 	2132
2129 	2130 	2132
2129 	2130 	2131 	2133
2132
261 	801 	1660
1060 	1660
1856
23 	1184 	3410
674 	1074
1677 	3013 	3795 	6605 	7074 	7313
876 	969 	2117 	2141 	2142 	2143 	2218 	3838 	4344 	4345 	4472 	5332 	7142
2140 	2142 	2143 	7142 	7857
2140 	2141 	2143 	2689 	2690
2140 	2141 	2142
280
1038 	1966 	4182
86 	1443 	2324 	2365 	4785
117 	448 	1200 	2148
1118 	2147 	5710
2150
2149 	6595 	7410
792 	960 	961 	2152 	2179 	3363
2151
6571
743

763 	2157 	2158 	2650 	6105 	6775
763 	2156 	2158 	3721
763 	1125 	2156 	2157 	2287 	2945 	3716 	3721 	4502 	7137
8219
1595 	2161
1595 	2160 	4323
1394 	1395 	1481 	1482 	4910 	4911
403 	432 	750 	1129 	1246 	2052 	2164 	2165 	3500 	3575 	3826 	4189 	4560 	4818 	5708 	5981 	6818
432 	750 	1130 	2052 	2163 	2165 	3500 	3575 	4189 	4560 	4818 	5981 	6818
303 	432 	2052 	2163 	2164 	2988 	2989 	3500 	5277
1814 	1815 	2167 	3417
1274 	1815 	1859 	2166

101 	2170 	2171
101 	1863 	2169 	2171 	3964
101 	2169 	2170 	3059
2173 	4198 	7920
1920 	2172 	7920
860 	1961
752 	754 	755 	1322 	1324 	3657



228 	792 	960 	961 	2151 	3363
2181 	2182 	2757 	5964 	7414
2180 	2182 	2757 	5964 	7414
386 	430 	550 	551 	1981 	2115 	2180 	2181 	4955 	4956 	5009 	5128
604 	1294 	3253 	3892 	4751 	5059 	7183
6238 	6239

1796 	2187 	5102
1796 	2186 	2772 	5102
399 	949 	3064 	3769

2098 	2191 	2192 	2193 	2194 	2195 	4374 	7558
2190 	2192 	2193 	2194 	2195 	4897
2190 	2191 	2193 	2194 	2195
2190 	2191 	2192 	2194 	2195 	4897 	5676 	5677
2098 	2190 	2191 	2192 	2193 	2195 	4374 	7558
1107 	2190 	2191 	2192 	2193 	2194 	2702 	4074 	4897
2197
2196
1478 	1580 	1581 	2199 	2453 	4488 	6214 	6476
1478 	1580 	2198 	4488 	6213 	6214
928 	2102

2203 	2204
2202 	2204 	2299 	2720 	3310 	6108
2202 	2203
1940
147 	173 	311 	514 	1599 	2207 	2922 	4848
173 	195 	511 	1599 	2206 	2577 	4245 	5817
570 	4841 	5876
116 	126 	916 	1536 	1617 	2069 	2113 	2210 	5257
765 	880 	1515 	1536 	2113 	2209 	2427 	5257 	6580 	7263
1443 	1474 	1520 	1829 	1897 	4912
858 	2213 	2513 	2514 	2517 	5883
2212
361 	1099 	2048
3209
122 	123 	278 	1285 	1392 	1466 	1547 	1737 	2285 	2590 	4969 	5133
3826
876 	1850 	2140 	3838
445
18 	227 	1272 	1478 	1574 	1603 	3016 	3048
68 	137
102 	430 	853 	974 	2115 	2116 	2223 	2395 	2784 	5009 	5250 	5465 	5931 	6211 	6399 	7766
2116 	2222 	3271 	5150 	6012
154 	2031 	2032

2227
2226
277 	414 	488 	604 	661 	680 	1294 	1295 	1602 	1771 	1820 	1821 	2025 	5504

3741
441 	3834
2233 	5468 	7103
2232
468 	499 	1849
1150 	1532 	2236 	2421
2235
854 	1451
570 	895 	2239 	2618 	4295 	5033
2238
2241 	2242
2240 	2242
2240 	2241


357
1961

6199


2252 	2253 	3285 	4474 	5115 	5753 	6228 	6987 	7693 	8111
2251 	2253 	3285 	6228
1451 	1936 	2251 	2252 	3285 	4474 	4576 	5115 	5753 	6153 	6228 	6459 	6460 	7171 	7337 	7338 	7693
140
628 	791 	1285 	1615 	1828 	2000 	2286 	2620 	2791 	3596 	6716 	6958
375 	817 	2257 	2432 	3289 	4194
2256 	2432
22 	23 	1793 	1794 	1940 	3590
2260 	6014
2259 	4293 	5637 	5638 	5639
1017
76 	133 	368 	369 	662 	728 	831 	1504 	1915 	2382 	2482

126 	167 	184 	791 	810 	883 	920 	955 	1285 	1787 	2265 	2266 	3048 	3291 	3878 	4759
810 	2264 	2266
38 	1600 	2108 	2264 	2265 	2870 	5814 	5982
399 	2268 	2635 	3307 	4361 	4362 	4363 	5718 	6682 	6683
2267 	3307 	5718
895 	2270
895 	2269
1179 	1291 	1292 	1293 	2094 	2272 	2316 	3428 	3897 	5788 	5789 	6876 	6890 	7923 	8234 	8235
1179 	1291 	2094 	2271
501 	6862
441 	7593
2047
2277
676 	1140 	2276 	2997 	3853 	5844
727 	3171
630
2281 	3532 	3842 	4588
2280 	5264
1442 	3162 	3163
1994 	1995
1817 	2285 	2447 	2562 	3649 	4493 	4841 	6042 	6043
303 	486 	620 	847 	892 	1817 	2216 	2284 	2447 	3066 	3649 	4348 	4498 	5899 	7757
52 	138 	774 	1776 	1831 	2255 	2287 	2791 	4925 	5247 	5768
695 	1391 	1561 	1562 	1563 	1629 	2158 	2286 	2709 	2991 	2992 	3364 	3429 	3716 	3867 	4502 	4969 	7277 	7332
974 	1273 	1274 	1541 	1625 	2632 	2997 	3315 	4833 	7567


1 	2 	1020 	1021 	1278 	2116 	6952 	7194

2294 	2295 	6018 	6019
2293
2293 	6018 	6019
1575 	2297 	2298
1575 	2296 	2298
1575 	2296 	2297
2203
815 	1027
1549 	1550 	2302
793 	1415 	1549 	1550 	2301 	4900 	7665
2907 	4332 	4333
674
1727 	2306 	2307 	2664 	2665 	3584 	5594 	6352 	6830 	6831 	6832 	7246
2305 	2307
2305 	2306
752 	753 	2102 	2309 	3329 	4974 	4975 	8008 	8009
738 	2102 	2308 	3074 	3622
2311 	2312
2310
2310
1057 	2314
1057 	2313

907 	1291 	1292 	1588 	2271 	3039 	3860 	3897 	6237 	7837
2494 	5669
432 	702 	1092 	1752 	2319 	2409 	2688 	3117 	3358 	3359 	4829 	5879 	6144 	6271 	7302 	7787 	8264 	8291
2318
2321
1662 	2320 	3664

1437 	1510 	1756 	3536 	4788 	6000 	6495
999 	2146 	4050
1128 	1196 	1536
105
335 	940 	1016 	2333 	4334 	4987 	5188 	5352

2330
2329
1872 	2332 	2333 	4033 	4034
1872 	2331 	2333
939 	940 	1872 	2327 	2331 	2332 	3278 	3495 	4611 	4795 	5194 	5352 	8025
714 	756 	836 	1200 	2603 	3203 	3361 	3362 	5972
1722 	2336
2335
2368
315 	385 	1723 	3422
819 	1853 	1920

742 	1147 	1749
2048 	2343
2048 	2342 	2734
340 	341 	1771 	2345 	3104 	3407 	6028
340 	341 	2344 	2856
86 	1888 	2543 	4888 	6888
159 	2829 	2830 	7197 	7627
2349 	2350
2348 	2350
185 	2348 	2349 	3051 	6034 	6388
9 	138 	234 	2620 	2638 	4099
2353
2352
375 	447 	479 	756 	1200 	1203 	2591 	3980
1423
929 	931 	2357 	2795 	6933 	6934
191 	704 	861 	929 	931 	2067 	2356
42 	445 	895 	1255 	1257 	3006
601 	871
1151
2362
2361
67 	1508 	1694 	2364 	4150 	4584 	6082 	6115
185 	186 	1508 	1694 	2363 	4341 	6082
678 	1302 	1443 	1888 	2146 	2543 	3060 	4757 	4785 	6130 	6131 	6132
1290 	1749
2614
2337
196 	840 	885 	886 	1803 	2985 	3612 	4110 	4427 	4429 	4606 	5903 	6959
2371
2370

477 	478 	479 	1570 	1721 	2374 	3472 	5592 	8224
2373
2376 	2377 	2378 	2379 	2380
2375 	2377 	2378 	2379 	2380
2375 	2376 	2378 	2379 	2380
52 	545 	546 	2375 	2376 	2377 	2379 	2380
1898 	2375 	2376 	2377 	2378 	2380 	7614 	7780 	7781
2375 	2376 	2377 	2378 	2379
529
133 	369 	2262 	3276 	3547 	3548 	4875 	5334 	6512
2384 	2522
2383 	2522
1863 	2386
1863 	2385
5001 	5002 	5354 	8169 	8259 	8260
2389 	2390 	3686
1742 	2388 	2390 	3686 	6357
2388 	2389
1600 	1710 	2068 	2069 	2070 	3182 	4879
271 	2393 	3393 	4117
2392 	5036 	6403 	7993

430 	974 	1981 	2114 	2115 	2222 	5009 	5250 	5465 	6399
191 	1331 	2856 	2857
1634 	5466
875
2400 	2401 	3431 	3432 	4914
2399 	2401 	3431 	3432 	3458 	3459 	4914 	8306
2399 	2400 	3431 	3432 	8306
81 	608 	1224 	2403
81 	1224 	2402 	3758
2405 	2406
2404 	2406
1187 	1254 	2404 	2405 	2744 	3297 	3410 	4200 	4202 	4204
174 	175 	657 	1592 	1803 	4545 	4546 	5381 	5857
531
1092 	1514 	1940 	2090 	2318 	2582 	4312 	4618 	4796 	6212 	6420 	6700 	7237 	7723
2411
907 	908 	2410
2413 	2414 	3194
2412 	2414
2412 	2413
2416
2415
591 	2418
591 	2417 	3868 	3869 	3870
5446 	7088
775 	2421
325 	775 	1148 	1150 	1175 	1532 	2235 	2420 	2466 	2754 	2773 	3993 	4005
4241 	6861
406 	2424 	6814
406 	2423 	5966 	5967
2048 	2426 	2427 	4430 	5762 	7700
2425 	2427 	3779 	7700
2048 	2210 	2425 	2426 	4081 	4082 	4224 	4430 	5762 	7442 	7700 	8208

28 	1023 	1317 	1480 	1563 	2430 	2431 	2984 	3968 	6729 	7682
28 	1317 	2429 	2431 	3516 	3517 	3968 	6101 	6714 	8159
28 	1317 	2429 	2430 	3968 	6101 	6714 	8159
2256 	2257
2605

2436 	2437 	2438 	2934 	2935 	6179
156 	869 	2435 	2437 	2438 	2934 	2935 	6179
1606 	2435 	2436 	2438
2435 	2436 	2437
1199 	1254 	1640 	2440 	2441 	4625 	4756 	5659 	7145 	7146
944 	1199 	1275 	1640 	1641 	2439 	2441 	2555 	4346 	4492 	4625 	5659
1640 	1641 	2439 	2440 	5460

6139

1169 	1247 	1595 	1785 	3139 	6945

426 	892 	2284 	2285 	2789 	2790 	3066 	3649 	3679 	3873 	4348 	4498
978 	1212 	2449 	2542 	7059
978 	2448 	2542 	7059
2451
1181 	2450 	3589 	5133
167 	192 	655 	912 	920 	1251 	1800 	1889 	2119 	3009 	3236 	3888 	7346 	7558
1580 	1581 	2198 	4149 	4488 	6476
37 	920 	1181 	1326 	2455 	5382 	6972 	8106
37 	920 	2454 	5908 	5909
825


1298 	2993 	4042 	4322 	6626
167 	1251 	1315 	1600 	1601

563 	734
35 	126 	1658

549 	1200 	2623 	4923 	6664
192 	751 	775 	1616 	2421 	3243 	3993 	4513

475 	2469 	5529 	5530
475 	2468
2471 	5653 	5654 	5655
2470 	7325
4208
2474 	2475
2473 	2475
2473 	2474
2477 	2478
2476 	2478 	6310
2476 	2477 	6310 	7634
262 	263
2481
2480
133 	369 	2262 	3327
2484 	2485
1131 	2483 	2485 	2541 	2679 	3079 	3080 	3081 	3082 	3083 	3084 	3085 	4538 	4539 	4540 	4541 	4542 	4978
2483 	2484
5069
3089 	3090 	3335 	5949 	5950 	7301
1843
7702
2491 	4393
2490
2493 	4504
84 	113 	2492 	3159
2317


1397 	2498
1396 	1397 	2497 	3093

280 	3094
4614 	8034
229 	1246 	2713 	3073 	4385 	7728
2504 	3391 	4193
2503 	3391 	4193
2053
2507
2506
549 	2509 	2510 	4196
549 	2508 	2510 	6152
549 	2508 	2509 	4572 	4573
941 	2512
941 	2511
858 	2212 	2514 	5642 	7221
858 	2212 	2513 	2517
436 	899 	900 	8325
776
2212 	2514
2519 	2520 	4206 	4207 	4411
2518 	2520
2518 	2519

2383 	2384
1573
2525
2524
1446 	2527
1446 	2526 	5498
1247 	7206
1323 	1324 	2530
1323 	1324 	2529
211 	569 	570 	1517 	4330

1507
1325 	4262
2592

529 	601 	1004 	1171 	1811 	2068 	2069 	2070 	3888 	6847 	6848
61 	62 	3834
2540
2539
2484
141 	142 	396 	442 	2448 	2449 	4177 	5921
86 	180 	414 	689 	1302 	1750 	2346 	2365 	2702 	2853 	2854 	2916 	3060 	3190 	3863 	4074 	4757 	5442 	7458 	7858
2044
102 	174 	175 	404 	1007 	1309 	1592 	1602 	2013 	3066 	4264 	4265 	4339
114 	2547 	2567
2546 	2567
449 	451
2550 	2551 	6120
2549 	2551
2549 	2550 	6120

729 	730 	2554 	5105
729 	941 	1015 	2553 	2643 	3915 	5105
827 	836 	1254 	1640 	1641 	2440 	3382 	4625 	4756 	5659 	6406 	6588
727 	2557 	2558 	2983 	3436 	4125
9 	2556 	2558 	2982 	2983 	4125
2556 	2557 	3311
2560
2559 	7310
2005 	2562
2005 	2284 	2561 	4841 	5516

2565 	3703 	6168
2564 	3703
38 	661 	1514 	2567
38 	2546 	2547 	2566 	3401 	3581 	4126 	7284 	7371
1478 	2569 	3577
1478 	2111 	2568 	3572
126 	127 	2777 	2998 	3888
3425
708 	1584 	1586 	5383
498 	541 	762 	1451 	4036 	4037 	4736 	6099 	6117

2576
2575
173 	1265 	2207 	3696 	4245 	5275
4401

168 	169 	826
959 	1328 	3450 	3451 	5242 	5243
1162 	1163 	2409 	4618
824 	950 	2584
388 	2583 	4232 	5100 	5101 	7025 	7988
115 	378
182 	183 	480 	2773 	7349
929
2589
2588
2216 	2791
33 	756 	1200 	1203 	2354 	2592 	3147 	5046
703 	756 	2535 	2591 	3499 	5693 	6241
883 	1753 	1869 	3278 	3997 	4603
575 	1665 	2595
575 	1665 	1793 	1794 	2594
663 	1699
92 	184 	809 	2002
1612
2600
1560 	2599 	3435 	3436 	4276 	6035 	6036 	8176
413 	679 	1588 	3039 	5050 	5298 	6452 	7266

1200 	2334 	3361 	3362
80 	506
2433
472 	473 	480 	632 	1387 	5097 	5190 	6245 	6246 	6536
2608
2607

673 	1254 	2611 	2612 	5932
673 	1254 	2610 	2612 	4857 	5932
889 	1254 	2610 	2611 	5932
393 	394 	395 	1188 	5298 	8323
1266 	2367 	4045 	4046 	4047
40 	419 	643 	3126 	4750 	4961
319 	320 	321 	740 	3198 	3781
2618
1087 	2238 	2617
1956 	3073 	3817 	3948 	4318 	5877 	6064
9 	2255 	2351
176 	1076 	1821 	2666 	2820 	4066 	4655 	5520 	5550 	7551 	7676
2623 	4151
18 	24 	614 	1566 	2465 	2622 	3391 	3430 	4151 	4210
1446 	2625 	2626 	2732 	3107 	4701 	7660
1446 	2624 	2626 	2732 	3107 	4701 	7660
1446 	2624 	2625 	3107 	4701
2628 	2962
2627
244 	757 	4704

1532
922 	973 	1273 	1274 	2014 	2288 	2997 	4039 	4833 	5157 	5946 	7063 	8201
2634
2633 	6167
2267
2637 	4585
2636 	4585
851 	2021 	2073 	2351 	2639 	3287 	4099
469 	2638 	5165 	6639 	6640
241 	481
886 	973 	974 	4548 	6289
603 	3487 	4776
7 	817 	1657 	1997 	2554 	3743 	3915 	3924
174 	1803
131 	132 	499 	501 	1570 	3295 	3379 	6504


1229
1020 	1021 	5364 	6489
2156 	2651 	5192 	6105
287 	960 	2650 	3104 	3363 	3364 	3716 	3717 	4901 	5141 	5192 	6105 	7289
441
1806 	2001 	4689 	4796 	4797 	5744

1192 	1193 	2691
2657 	2658
2656 	2658
2656 	2657
129
2661
2660
113 	1497 	1498 	1499 	1747 	4854
2886
2305 	2665
2305 	2664
176 	2621 	4655
317 	1849 	6506 	8136 	8137
2669
985 	1478 	2668 	3601
2671
2670

1039
1164 	1647
2676 	3210 	3211
2675

328 	376 	707 	1722 	6551 	8077
2484 	3079 	3080 	3081 	3082 	3083 	3084 	3085
658
416 	1863 	2882 	4970
1655 	2683
755 	1655 	2682

70 	527 	2686 	3934
70 	2685

350 	1092 	2318 	4443 	6058 	6059 	6144 	6324 	6325 	7607
2142 	2690 	3145
2142 	2689 	5538 	5852 	6762 	8054
222 	337 	1192 	1370 	2655
2693 	2694 	2695
2692 	2694 	2695
222 	794 	2692 	2693 	2695 	4476
2692 	2693 	2694
2697 	6674 	6675 	6676
2696 	6674 	6675 	6676

1085 	4889

563
180 	181 	1458 	1542 	1569 	2195 	2543 	2703 	2858 	3229 	3230 	4072 	4073 	4074 	4897 	7671
86 	181 	959 	1397 	1443 	1542 	2702 	3135 	3939 	4660
2705 	2706
2704 	2706
2704 	2705
86 	100 	2708 	3939 	4183 	4184 	6892
2707 	2896 	4183 	4184 	4898
695 	1629 	1689 	1690 	1691 	2287 	2991 	2992 	3429 	4041 	4758 	4818 	4969 	5209
1706 	3088 	7573
1411 	2712 	2713
702 	1411 	2711 	2713 	6690
1411 	2502 	2711 	2712 	3073
2715
2714
1051
788 	1701 	2718 	2719 	2936 	3817 	3948
288 	788 	2717 	2719 	3364 	3716 	5747
2717 	2718 	5935
2203 	3310 	6404
2722
793 	1418 	1419 	2721 	3365 	3819 	3820 	5090 	5091 	5092
839 	2724 	3226 	6222 	7069 	7070
839 	2723
2726
2725
2728
2727 	8108
802 	1716


2624 	2625

2343
710 	3064
385 	2737
385 	2736

2740
2739
2742 	2743
2741 	2743 	3660
2741 	2742
1254 	2406
465 	853 	2746 	4118 	5029 	6833
465 	2745 	4118 	5029 	6833
3085
727 	1248 	5393
381 	3392
2751 	2752 	2753 	6273 	6274
2750 	2752 	2753
2750 	2751 	2753 	6273 	6274
2750 	2751 	2752
1150 	1175 	2421 	3594
1113 	1953 	4912

111 	2180 	2181 	5963 	5964 	6969 	6970 	7414
2759 	2760 	2761
2758 	2760 	2761 	4268 	4269 	4270
1488 	2758 	2759 	2761 	3054 	4002 	4003 	4211
2758 	2759 	2760 	4268 	4269 	4270

403 	867 	885 	886 	5327 	7188

366 	920 	2788
2941 	6295

55 	541 	7955

958 	1163 	1237 	4495 	5028 	5617 	7326 	8033

753 	2187 	5103
182 	183 	220 	775 	974 	1170 	1628 	2014 	2421 	2586 	3272 	3273 	4375 	5157 	5271 	5386 	6364 	7358 	7359 	7360
36 	42 	277 	1785


127 	2570 	2998 	3888
1596
614
595 	1020 	1423 	2781 	3728
595 	2780
414 	729 	1274 	1486 	4111 	5315 	5759 	6866
503
102 	430 	2115 	2222 	5009 	5250
33 	34 	518 	519 	761 	762 	925 	3131 	3668 	4194 	5455
1331 	3359
916 	917 	1622 	1755 	5929
1615 	2765
2447 	2790
2447 	2789
1285 	1391 	1392 	2255 	2286 	2590 	4263 	4726 	5926 	6478 	7393 	8081

1593 	6825
1055
2356 	2796 	2797 	3903
361 	2795 	2797 	4065
361 	1520 	2795 	2796 	4065 	4209 	4849
1323 	1790
2800 	7863 	7969 	7970 	8244 	8245 	8324
2799 	7863 	7969 	7970 	8244 	8245 	8324

1881 	1882 	1883 	2803
1881 	1882 	1883 	2802
2805 	2806
2804 	2806
2804 	2805
105 	1639 	2025 	2808 	2809 	5230 	7293
105 	2807 	2809
105 	2807 	2808 	3095 	4616 	4986 	5634 	6306
1714
706 	707
2813
2812 	3627 	4273 	4274 	5087 	7307
1815 	2815 	2823 	3136 	5943 	6329 	7870
2814
99 	100 	101 	556 	786 	891 	3113
1385 	3137 	3342 	3415 	3733 	5021 	5767 	6421
996 	2819 	3881 	3882 	5794
262 	996 	2818 	3881 	3882 	5794 	7703 	7704 	7762
1821 	2621
450 	611 	789 	2822 	3091 	3755 	5629 	5882 	7504
570 	2821 	3091 	5614 	7429
2814
739 	5634
212 	3295 	4038 	4039
2827 	4742 	4743
103 	929 	2826 	4109 	4443 	5051 	6299 	6486
5911
2347 	2830 	5068 	5069 	5070 	6259
2347 	2829
944 	1564 	1617 	1619 	2832 	2868
1617 	1619 	2831 	2868

1531 	2835
1531 	2834 	3439 	7218 	7866 	7897
1167 	1168 	4544 	4858 	7245
679 	881 	1278 	1590 	1827 	3390 	3490 	6785 	7985
851 	1812 	3377
114 	3882 	4181 	7889
2841 	2842 	2843
2840 	2842 	2843
2840 	2841 	2843
2840 	2841 	2842
1733 	2845 	7353
1875 	2844
753 	1296 	3167
834
450
2855

511 	1981 	3765 	5009
686 	2853 	2854 	2916 	4586
63 	86 	303 	403 	686 	687 	690 	691 	867 	996 	2543 	2852 	2854 	2916 	3060 	3142 	4586 	6624 	6752 	7458 	7858
86 	100 	541 	652 	683 	762 	996 	1086 	1925 	2104 	2543 	2852 	2853 	3060 	3385 	3862 	5116 	6752 	7858
700 	2849 	3822 	3823 	7324
994 	1331 	2345 	2396 	2857
1331 	2396 	2856
102 	1525 	1526 	2702 	4073 	7671

1240 	1622
1218 	1467 	2056 	2937 	4275 	6203 	7213

626
2865 	6936
2864
1127 	1642
334 	635 	1169 	3370 	5544
944 	1564 	1617 	2831 	2832
322 	2870 	7060 	7061
322 	806 	883 	1057 	1600 	2266 	2869 	4713 	4714 	5814 	5860 	6287 	7291
5099
1478
1909 	2874
1909 	2873
2876 	2877 	2878 	2879 	2880 	2881
2875 	2877 	2878 	2879 	2880
2875 	2876 	2878 	2879 	2880
2875 	2876 	2877 	2879 	2880
2875 	2876 	2877 	2878 	2880
2875 	2876 	2877 	2878 	2879
2875
416 	437 	1863 	2681 	4970 	7593 	7984
2884
2883
257 	1660 	4976 	7517
2663
2888 	2889 	5607
90 	194 	2887 	2889 	5607 	5995 	5996 	6483 	8096
90 	2887 	2888 	3159
1368 	3634

2893 	2894
2892 	2894
2892 	2893 	3225 	3339 	3632 	3633
1671 	1673 	3196 	3848 	3849 	7415 	8018
70 	2708 	2897 	4898
69 	2896 	6918 	7481
1448
299 	300 	925 	1702

260 	649 	2902
260 	649 	2901
1302
1690
2906 	2926 	2927 	6454
2905
2303 	4332 	4333 	6658
1412 	1642 	2909 	2910 	5095 	5992 	5993
1412 	2908 	2910
1083 	1412 	2908 	2909 	3212 	4689 	6997
276 	1551 	3491 	5005 	5006 	8207
165 	230 	1408 	4570
4083
1113

686 	687 	690 	691 	1674 	2543 	2852 	2853 	4586 	4601
529 	823 	4989 	4990 	4991 	5191 	6535
2919
2918


157 	514 	943 	1233 	1599 	1603 	1855 	2041 	2098 	2206 	2923 	4156 	4839 	6360
2041 	2922


2905 	2927
2905 	2926

1646 	2930 	3960
1451 	2929
2932
712 	1537 	2931 	3602 	3603
345 	347 	349 	4405 	5733
156 	869 	2435 	2436 	2935
2435 	2436 	2934 	6179
377 	756 	788 	992 	1200 	1328 	2717 	3892 	3948 	4117 	5052 	6475 	6966 	7531
448 	604 	1467 	2861 	3153 	3154 	3837 	3838 	4605 	7690
895
169 	2940
2939
1183 	2766 	6295
5407
542 	3447 	5436
3541 	7971 	8213
183 	220 	723 	729 	730 	1114 	1125 	1514 	1987 	2158 	3323 	5210 	5652 	6751
1224 	1735 	2947 	3557 	7958
1224 	1735 	2946
2949
2948
2951
2950 	2997 	4219 	4220 	8041 	8229
6872
53 	2954
53 	2953

39 	419 	541 	1163 	2056 	3057 	4151 	6035 	7373
2958 	2959
2957 	2959 	3319 	3320
624 	2957 	2958 	6182 	6183 	6971

103 	1265 	1720 	1806 	1841 	1869 	3068 	3291 	3778 	4158 	5054 	5275
2627

73 	3679
730
168 	225 	2967 	3766 	5463 	5831
225 	2966 	5463 	5831
630
1120
653 	2971 	3292 	4716
305 	653 	1814 	2081 	2970 	3707
2973
2972 	3260 	4834
1062 	1063 	1064 	1797 	1913 	5255 	5731 	5937 	5953
153 	2976
2975


1020 	1021 	7716 	7877


9 	2557 	2983
2556 	2557 	2982 	4125
774 	1023 	1317 	1480 	1563 	2429 	6290
2369
419 	490 	1339 	1798

2165 	2989 	2990
303 	611 	1037 	2165 	2988 	2990 	5277
2988 	2989
1570 	1627 	2287 	2709 	2992 	3472 	4969 	5317 	6480
2287 	2709 	2991
1298 	2459 	4042 	4322 	6626
1561 	1562 	1563

35 	1041 	1042 	1043
196 	1274 	2277 	2288 	2632 	2951 	4243
2570 	2777
3000 	3001 	6530
1191 	2999 	3001 	4945
2999 	3000
4247 	4272
122 	362 	472 	480 	1170 	1627 	1777 	3004 	3005 	3006 	5053 	6209 	7262 	7351
1170 	1171 	1627 	1753 	3003 	3005 	3006
1170 	1627 	1629 	3003 	3004 	3006 	5386
1114 	1170 	1627 	1786 	2358 	3003 	3004 	3005 	3134 	3236 	5759
3008 	3455
3007
484 	558 	879 	1185 	1786 	1889 	1932 	1933 	2119 	2452 	3068 	3236 	3751 	4894 	8233
463 	2068
3012 	5311
3011
277 	1392 	1737 	2139 	3795 	6605 	7074
164 	167 	1118 	1203 	3015 	3206 	4014 	5710 	7252
3014 	3104 	3206 	4014 	5290 	6180 	7732
227 	350 	545 	546 	548 	1852 	2220 	3579

3019 	3020
382 	3018 	3020
382 	3018 	3019 	3287 	3288 	4337 	4616 	4916 	5891 	5892
3022 	3069 	3070
3021
3024 	3025
3023 	3025
3023 	3024
3027
3026 	4944 	6178
516 	517 	3311 	3380 	4738 	4840 	5589 	6297 	7422 	7853
3030
3029

161
534 	1817 	1969 	3034 	3035 	3036 	5940 	6043 	7614 	8073
534 	3033 	3035 	3036
3033 	3034 	3036 	6036 	7187
3033 	3034 	3035
221 	794 	6458

148 	278 	1588 	1589 	2316 	2601 	5050 	6452
529
885 	1946 	4376 	4392
1340 	1341 	1342 	3043 	3044 	5350 	6860
1342 	3042 	3044 	3652 	6165 	6166
1342 	3042 	3043
3046
3045
3912
21 	765 	1574 	2220 	2264 	3291 	3878 	7184 	7185 	8160
1527 	3050
1527 	3049 	3402 	4639 	5910
2350 	3052 	3584 	3585 	3586 	3825 	6034 	6444
3051
4046 	4609 	4635
1165 	1488 	1490 	1527 	2097 	2760 	4211 	5868
495 	927 	1336 	1337 	1666 	5990 	7768
882 	3057
39 	882 	2956 	3056 	4151 	7373
3059
2171 	3058
86 	1302 	2365 	2543 	2853 	2854 	3190 	4757
847
882 	3063 	4392 	5193 	8221
882 	3062 	3225 	6233
2188 	2735 	3065 	3582 	4088 	7612
175 	3064 	4159 	4213 	4494
2285 	2447 	2545 	4348 	4498
304 	305 	818
38 	167 	1285 	1574 	1786 	2961 	3009 	3291 	5826
3021 	3070
3021 	3069
252 	3072 	3073 	6153
3071 	3073
2502 	2619 	2713 	3071 	3072 	3948 	6064
738 	2309
1913
369 	3332 	3468 	3900 	4543 	6601 	7804
1906 	1907 	3078 	4174
3077
2484 	2679 	3080 	3081 	3082 	3083 	3084 	3085
2484 	2679 	3079 	3081 	3082 	3083 	3084 	3085
2484 	2679 	3079 	3080 	3082 	3083 	3084 	3085
1417 	2484 	2679 	3079 	3080 	3081 	3083 	3084 	3085
2484 	2679 	3079 	3080 	3081 	3082 	3084 	3085
2484 	2679 	3079 	3080 	3081 	3082 	3083 	3085
2484 	2679 	2747 	3079 	3080 	3081 	3082 	3083 	3084
1052 	1053
1363 	4043 	4044 	6135
2710
2487 	3090
2487 	3089
2821 	2822 	3092
3091
1396 	1397 	2498
678 	1403 	2500 	4790 	4791 	5492 	5968
1510 	1511 	1512 	1751 	2809 	4903 	6660 	8187
613 	1415 	3411 	3820
1938 	1940 	3762 	4476 	5076 	7064 	7387
3099 	4391 	6278
3098 	4391 	6278
3101
1816 	3100 	3271 	3285
3103 	6030
3102 	4592 	4593 	4690 	5684
2344 	2651 	3015 	3363 	4014 	7289
1125 	1659 	3106
1125 	3105
2624 	2625 	2626
3109
3108

1432

99 	101 	277 	556 	786 	891 	1737 	2816

3116
3115
432 	2318
815 	3119
815 	3118

895
165 	183 	480 	1222
3124 	3125
3123 	3125 	4148 	5452
3123 	3124 	5452
787 	2615 	3127 	7372
423 	425 	3126 	4983

1716 	1717 	3130 	4198 	6441
1716 	1717 	3129
33 	34 	2785 	3147 	3980 	5455
558 	751 	1616 	1768 	1828 	2024 	4432 	5328
1181 	4018
1114 	1274 	3006 	3254 	4400 	5759 	6005 	7874
789 	959 	1443 	2703 	3151 	3152
2814
1233 	1385 	1674 	2817 	3415 	3733 	4179 	4959 	4981 	5297 	5668
1230
105 	370 	414 	448 	529 	545 	546 	661 	732 	1595 	1639 	1785 	1893 	2025 	2445 	3401 	4489 	4602 	5464 	5760
1265
653 	3142 	5995
653 	2853 	3141
1527
582 	826 	1832
1467 	2689 	3146 	4605 	6111 	7674
1467 	3145 	3153 	3154 	3838
33 	34 	245 	756 	1257 	2591 	3131 	3980 	5046 	5455 	6041
672
445 	680 	987 	988 	8149
1212
789 	3135 	3152
789 	1525 	3135 	3151
1467 	2937 	3146 	3154 	3838
1467 	2937 	3146 	3153 	3838
3156 	3157 	3158 	7242 	7243
3155 	3157 	3158 	7242 	7243
3155 	3156 	3158
3155 	3156 	3157
90 	2493 	2889
8 	797 	984 	1007 	1017 	1758 	3595 	3596 	4320 	4321 	5040 	5967 	7234 	8266
2109
2282 	3163
2282 	3162 	4153 	4154 	5727 	5728 	5729
1508 	3165
1508 	3164 	5037 	5038 	5039 	5906 	5907
571 	572 	5322
736 	753 	1296 	2846 	3402 	5754


627 	1299 	4353
727 	2278
1423 	3173 	5511 	5512
1423 	3172
3175
3174
170 	1458
3178 	3179 	3180 	3607 	5623
3177 	3179 	3180 	3607 	5623
3177 	3178 	3180 	3607 	5623
3177 	3178 	3179 	3607
790
1600 	2069 	2391
3184 	3185 	3186
1418 	3183 	3185 	3186 	3819 	5939
3183 	3184 	3186 	4828
3183 	3184 	3185
3188
3187
1142
414 	2543 	3060 	7459
3975
55 	88 	621 	622 	623 	624 	704 	1175 	1569 	3295 	3423 	7959
40 	2123 	4925 	5047 	5134
2412

331 	2895 	3848 	3849
714 	836 	3240 	3241 	3242
319 	320 	321 	740 	2616
386 	993 	1285 	1980 	1981 	6455
1054 	1055 	1056
1198
916 	1762 	2026
2334
908 	3205
908 	3204
3014 	3015 	4014
3208 	6154
3207 	6435
2215
2675 	3211
288 	947 	1131 	2675 	3210 	3581 	4689
2910 	3213 	6997 	7299
184 	1768 	3212 	5349 	7558
2122
1355 	1356 	3216 	4019 	7568 	7872
1355 	1356 	3215
1360
817 	1657 	1997

3221
3220
1055 	1056
3224 	3225
3223 	3225
2894 	3063 	3223 	3224 	3338 	3339 	3439 	3632 	3633 	3678 	5873 	7899
2723

1394 	1395
180 	1569 	2702 	3230
1569 	2702 	3229


918 	1949 	4413 	5682 	6736
3235
3234
36 	93 	880 	1659 	1786 	2024 	2119 	2452 	3006 	3009 	3591 	3722 	4040
1128 	3238
1128 	3237
73 	2052 	4686
3197 	3241 	3242
714 	1446 	3197 	3240 	3242
714 	1446 	3197 	3240 	3241
278 	775 	1716 	1717 	2466
933 	1427 	3525 	3526 	7659
3246
3245
3248
3247
5501
7710

876
184 	370 	472 	1515 	1777 	1828 	2101 	2183 	3609 	3720 	4489 	8151
1274 	3134 	3255 	7874
3254 	7841
458 	2084 	3257
458 	2084 	3256 	5851
468 	499 	653 	1451 	3430
4968 	5152 	5153
2973 	4834
4748
5220 	5221
554 	555 	556

3266 	6072 	6073 	8268
3265
2085 	2086
160
3270 	5152 	6696 	6721 	6722
3269
468 	1816 	2116 	2223 	3101 	3285 	5150 	5151 	6012 	6276 	7041
88 	183 	480 	1058 	1569 	1570 	1628 	2773 	3273 	4375 	4745
1058 	1628 	2773 	3272 	5386 	8254
173
86 	494 	495 	927 	1583 	3656 	4053 	5034 	5114 	5843
153 	453 	455 	456 	754 	755 	2382 	3859 	4032 	4812 	6826

124 	547 	600 	938 	939 	1753 	1869 	2333 	2593 	3486 	8265
3280 	4543
3279
796 	5267 	7741
3283
3282
3285 	6576
1816 	2251 	2252 	2253 	3101 	3271 	3284 	5753
331 	500 	617 	719 	3312 	5032 	6075
2638 	3020 	3288 	4099 	4337 	4916 	5891 	5892
3020 	3287 	4337 	4916 	5891 	5892
817 	1881 	2256 	4194
22 	90
955 	995 	1515 	1806 	2264 	2961 	3048 	3068 	3878 	5609 	5610 	6975 	8146 	8160
381 	1662 	2970 	4458 	4459 	4460 	4535 	4995
413
1391 	2101
212 	403 	499 	501 	867 	1570 	2645 	2825 	3192 	3379 	4038 	4039
1984
2406 	3376 	3410
1451 	7031 	7032
601 	871 	1845 	5163
3301
3300
965 	1516 	3303 	3304
3302 	3304
3302 	3303
1579
1796 	3307 	3308 	3309 	3310 	3905 	5103 	6386 	6767
2267 	2268 	3306 	3308 	3309 	3310 	4160 	4161 	5143 	5718 	6204 	6205 	6206
3306 	3307 	3309 	3310
3306 	3307 	3308 	3310 	4160 	4161
406 	563 	573 	1024 	1527 	2203 	2720 	3306 	3307 	3308 	3309 	3769 	4484 	4485 	4579 	4580 	4581 	4582 	4647 	4648 	4649 	5719
2558 	3028
3286
1735
3526
81 	1274 	1309 	1592 	1626 	2288 	5106 	5260 	5379
3317 	3318
3316 	3318
3316 	3317
2958 	3320 	6944
2958 	3319 	6944
1103 	1104 	5193
1785
729 	730 	2945 	5652 	5759 	6750 	6751 	6878
6914 	6915


2482
3478 	3479
2308 	3784 	5796
3331
662 	3330 	6673 	7144 	7476
1052 	1053 	3076 	5399 	5400

1677 	4446
2487
3337
3336
3225 	3439 	5873
2894 	3225 	3439 	3632 	3633 	3678 	3876 	7899

193 	3342 	4959 	6210
1677 	2104 	2817 	3341 	4677 	4959 	5971 	6210 	6418 	6421 	8186
363 	1264 	1480 	3593 	3595 	7837
679
426 	3346
426 	3345
3348
3347
910
1668
1697
1946 	3353 	3354
1946 	3352 	3354
1946 	3352 	3353
3356
3355
1095
702 	2318 	3359 	5879 	7302
702 	1331 	2318 	2786 	3358 	3942 	6428
1363
2334 	2603 	3362
1406 	1408 	2334 	2603 	3361
691 	2151 	2179 	2651 	3104 	3364 	5094 	5585 	6105 	6430 	7289 	8102
287 	448 	464 	691 	1125 	1639 	2287 	2651 	2718 	3363 	3716 	3717 	4502 	5348 	5747 	6430
1418 	2722 	5004
284 	285 	1711 	3367 	3368 	6065 	7396
284 	285 	1711 	3366 	3368
284 	285 	3366 	3367

164 	635 	2867 	7138
153 	1863 	1895 	5426 	5427
133 	3373 	3374
319 	3372 	3374 	6308
133 	1225 	3372 	3373 	5888

78 	765 	2107 	3297 	3410 	4857 	5307
2838
477 	478 	479 	480 	1309 	1392 	1570 	1831 	3379 	3472 	3675 	3732 	5898 	6027 	6209 	7935
477 	478 	479 	499 	501 	1570 	2645 	3295 	3378 	3472 	3675 	6504
351 	1233 	3028
591 	592
726 	836 	1640 	1641 	2555 	3564 	3565
1240 	3826
1245 	6471
41 	1642 	2854 	5028
556 	3387
3386
3389 	3721 	4087 	4332 	6693
3388
881 	974 	2837 	7985
2503 	2504 	2623 	3392 	3430 	4193 	4210
284 	1711 	2749 	3391 	7238
271 	1616 	2094 	2392 	3897
996 	2096 	3395 	3396 	4949
854 	1280 	3394 	3396 	3414 	3591
3394 	3395 	5473
725 	836

23 	1494 	1735 	1793 	3437 	4504 	5244 	5625 	7033
366 	655 	793 	842 	910 	3843 	4552
37 	38 	370 	448 	809 	883 	1302 	1639 	1931 	2567 	3139 	3749 	3750 	5162
753 	1183 	1322 	1527 	3050 	3167 	3738 	4102 	4639 	5910
1423
321 	3405 	3406
321 	3404 	3406
321 	3404 	3405
1246 	2344 	3408
1246 	3407
1199
39 	493 	494 	882 	1254 	2137 	2406 	3297 	3376 	3944 	3945 	4053 	4200 	4202 	4204 	4750 	5336 	5459 	7745 	7990
3096 	4386 	4387
1038 	4347

1179 	1280 	3395 	3427
361 	1099 	1385 	2817 	3137 	3733 	4309
170 	436 	1458 	5845 	6886
103 	777 	1814 	2166
291 	292 	1634
3420 	3421
3419 	3421
3419 	3420
1473 	2338 	5022
88 	384 	621 	622 	1025 	1175 	1569 	3192 	4339 	6971 	7191
4913
2571
37 	483 	484 	765 	5913
441 	1179 	1280 	3414 	6890
1291 	2271 	5788 	5789 	6744
695 	1629 	2287 	2709 	4758 	4969 	5209 	7277 	7332
468 	499 	868 	1774 	2623 	3258 	3391 	3452 	4210 	7041
2399 	2400 	2401 	3432
2399 	2400 	2401 	3431
3434
3433
2600 	3436
727 	2556 	2600 	3435 	6315
22 	23 	1501 	1735 	3399

1531 	2835 	3225 	3338 	3339 	3677 	3678 	5873 	7866 	7897
3582 	5361 	6023
723
419 	491 	889 	3918 	4203 	6301

3445
974 	1879 	3444 	4984
69
1336 	1665 	2943 	3936
320 	321 	740 	825 	3449 	6215 	7678
933 	3448 	3526
1328 	2581 	3451
1328 	2581 	3450
468 	3430
250
862 	863 	864 	5840 	5841 	6068
3007
3457 	4595 	6487
3456
2400 	3459
2400 	3458
3461
3460 	5618
1015 	1181 	4049
630 	1336
1041 	1042 	1043
3466 	5558
859 	1894 	3465
1367
3076
73 	211 	1122
1693 	3471 	3472 	6528 	6529
1693 	3470 	3472 	5373 	7487 	7488
88 	275 	444 	477 	478 	479 	1120 	1570 	1627 	1693 	1831 	2373 	2991 	3378 	3379 	3470 	3471 	4119 	5317 	6188 	6189 	6480 	6486
985 	1478 	1923 	3474 	4302 	6050
1478 	1923 	3473 	4302
466
645 	1396 	1397 	3477
645 	1396 	1397 	3476
3328 	3479
1656 	3328 	3478

747 	3482
747 	3481
3484 	3485 	5238 	6322
1685 	3483 	3485 	6234
3483 	3484
938 	3278 	3531
2642 	3488 	3489 	4776
3487 	3489
3487 	3488
679 	2837 	6785
2911 	5005
3493
3492

1123 	1454 	2333 	4611 	5194 	8025
1013 	1015
722 	1015 	3501 	3597 	4336

703 	2592
2163 	2164 	2165
1001 	1015 	1507 	3497 	3597 	4336 	4864 	5037 	7115 	7724
3503 	3504 	3505 	3506
3502 	3504 	3505 	3506 	7563 	7564
3502 	3503 	3505 	3506 	5234
3502 	3503 	3504 	3506 	5233 	5234 	5235 	5236
3502 	3503 	3504 	3505 	5233 	5234 	5235 	5236 	7563 	7564
3508 	6337
577 	3507 	6337
3510 	3511 	3515
3509 	3511
3509 	3510
3513 	3514 	4900 	7854
3512 	3514 	4900
3512 	3513
3509
1090 	1462 	2430 	3517 	7356
2430 	3516

415 	456 	3520
415 	456 	3519

3523 	3524
1064 	3522 	3524 	6262
3522 	3523
933 	3244 	3526 	8110
933 	3244 	3314 	3449 	3525
748 	3528
748 	3527
1520
124 	226 	227 	375 	489 	938 	940 	1602 	1811 	3531 	7203
124 	375 	1811 	3486 	3530
539 	540 	1715 	2280 	3533 	3683 	3842 	4164 	4165 	4499 	4588
3532
766 	951 	953 	3535
766 	951 	3534 	7622 	7929 	7930 	7931 	8239
1756 	2323 	4788
3538 	3539
3537 	3539
3537 	3538

2944 	3992 	3993 	4966 	5505 	5506
356 	3543
356 	3542
354
3546 	5488
3545 	5488
2382 	3548
2382 	3547 	4875 	6512

370 	1295 	1602
5241 	5353
3553 	3930 	6057
3552 	3930 	6057
3555 	4633 	5026
3554
588
2946
975
268 	1468 	1473 	3560
1468 	1473 	3559
1799
345 	347 	349 	5733
1208
1640 	1641 	3382 	3565
1640 	1641 	3382 	3564

3568
3567
899 	900 	1594 	3570
900 	1594 	3569

1478 	2111 	2569 	4149 	7065 	7657
3574 	4929 	5673
3573 	4929 	5673 	8287
432 	521 	2051 	2163 	2164
135 	3961
2568
123 	641 	1277 	2123 	4515 	6578
545 	3016

414 	1118 	1131 	2567 	3211 	4381 	4382
3064 	3440 	4893

1476 	2305 	3051 	3585 	3586 	6352 	6444 	6830 	6831 	6832 	8271 	8272
3051 	3584 	3586 	6444
3051 	3584 	3585 	3825
3588
3587
1309 	1466 	1547 	2451 	8064
1191 	1940 	2258 	4935 	4936 	5612 	6281 	7793
1280 	2098 	3236 	3395

363 	948 	3343
2754 	8010 	8011
3160 	3343 	3596 	4320 	4321 	5967 	7234
164 	852 	1615 	2255 	3160 	3595 	5287 	5464 	6313 	7068 	7138
1015 	3497 	3501 	4336 	4409 	4564
134 	135 	243
1737 	1933

2669
2932 	3603
396 	2932 	3602 	4256 	6118 	7989
3605
3604
1592
3177 	3178 	3179 	3180 	3608 	5623
3607
105 	184 	414 	472 	763 	809 	811 	1515 	1777 	3253 	3720 	3888 	3989 	5053
116
1442 	3612 	7655 	7656
196 	840 	1442 	1803 	2369 	3611 	6469 	8076
286 	630 	3614 	7253 	7254
630 	1468 	3613
3616
3615

3619
3618
1063
1678
2309

3625 	3626
3624 	3626
3624 	3625
1077 	1078 	2813 	4273 	4274 	5087 	6351 	6784 	7327 	7641
4442
1980 	1981 	3630 	3631 	5569 	5570 	7808
503 	1980 	1981 	3629 	3631
1980 	1981 	3629 	3630 	5569
2894 	3225 	3339 	3633
2894 	3225 	3339 	3632
1368 	2890
280 	524 	4601 	6383
3637 	3638 	3639
3636 	3638 	3639
3636 	3637 	3639
3636 	3637 	3638
1001
3642
3641 	4449
3644 	3645
3643 	3645 	4794 	7730
3643 	3644
1454
815 	7514 	7515

892 	2284 	2285 	2447
3651 	3652 	4692
301 	3650 	3652 	4692 	4805
3043 	3650 	3651 	6165 	6166
3654 	3655
3653 	3655
3653 	3654 	6768
86 	381 	1520 	3275 	5704
752 	754 	755 	2175


2742
561 	1086 	1815 	4760 	4890
3663
3662
2321

504 	4337 	5048 	6087
630 	898 	1595 	1662 	4821 	4907
33 	34 	2785
1035


498 	7835
302 	303 	486 	7394 	7395
906 	3700
477 	478 	479 	1570 	3378 	3379
36 	37
1531 	3439 	3678
793 	1531 	3225 	3339 	3439 	3677
1817 	2447 	2964 	3873 	4493
699 	2087
3682
3681
1715 	3532
3685
3684
2388 	2389
1184
484
3690 	3691 	4621 	4735 	7869
3689 	3691 	4735
3689 	3690
3693
3692 	3694
3693
545 	546 	1303
1265 	2577 	3697 	5017 	5054 	5275 	7175
3696 	7175
3868 	4490 	5435

906 	3674 	5813 	6387
423 	424 	425 	426 	3746 	5413

2564 	2565
1046 	1047
131 	132
739 	2120
305 	1237 	2971
3709
3708
3711
3710
5333
3714 	8016 	8017
3713
132 	790
289 	448 	464 	1125 	1391 	1639 	2158 	2287 	2651 	2718 	3364 	3717 	3970 	4502 	5018 	5348 	5747
630 	954 	1125 	1595 	2651 	3364 	3716 	3970 	4502 	5018 	5231 	5232
3719 	5397 	5398 	5748 	6849
1443 	1688 	1824 	3718 	4660 	5748 	6849 	7006
184 	809 	3253 	3609
763 	1698 	2157 	2158 	3388 	3722 	7137
157 	309 	1603 	1698 	1786 	1855 	3236 	3721
510 	3724
510 	3723



335 	476 	1076 	1423 	2780 	3729 	3730 	3841 	7367
1423 	3728 	3730
1423 	3728 	3729 	4508
236 	7404
182 	183 	220 	480 	1392 	3378 	5210 	6209 	7935
1385 	2817 	3137 	3415
799
3736 	3737
3735 	3737 	4685 	7118
3735 	3736
573 	967 	1527 	3402 	4102 	4107 	6756
1753 	1869 	3740
1753 	1869 	3739
2230 	7906
5107
1657 	2643
706 	707
1790 	1900
423 	424 	3701
1397 	3748 	4716
1397 	3747 	6686
191 	809 	810 	811 	879 	3401 	3750
191 	809 	810 	811 	3401 	3749 	7128 	7129
2025 	3009 	4475 	5839
1914
1526

211 	1705 	2821 	3813 	7080
524 	3757 	5014 	7016 	7017
524 	3756
1224 	2403
618
1837
23 	1494 	1609
3097

249 	4853
511 	1981 	2851 	5009
168 	225 	620 	2966 	3829 	5160 	5306 	7839
191 	3768
191 	3767
399 	736 	737 	927 	949 	1487 	2102 	2188 	3310 	4648 	5719
1240 	7296

86 	87 	781 	1408 	1779 	3773 	3774 	3939 	4557 	4558 	4866 	4867 	7132 	7873
3772 	3774
3772 	3773 	4866 	4867
3776 	3777
3775 	3777 	4079 	4080 	6200 	6340 	6955
3775 	3776 	4080 	5323
954 	2961 	4040
1188 	2426

1735 	2616 	8058 	8059
1408 	3783
1408 	3782
3329 	3785 	3786 	3787 	4353 	4434 	4675 	5796
3784 	3786 	3787 	4271 	4675
3784 	3785
3784 	3785 	4675
3789
3788
664 	3791
664 	3790

3794
3793
1385 	1460 	2099 	2139 	3013 	6605 	7074

1677

1376 	1693 	3800 	3804 	3805 	3806 	3807 	3808 	4781 	4784
1693 	3799 	4784 	4787
3802 	6422
3801 	3809 	3810 	3811 	3812 	6422
86 	722 	1397 	1544 	4305 	4685 	5218 	8289 	8290
3799 	3805 	3806 	3807 	3808
3799 	3804 	3806 	3807 	3808
3799 	3804 	3805 	3807 	3808
3799 	3804 	3805 	3806 	3808
3799 	3804 	3805 	3806 	3807
3802 	3810 	3811 	3812
3802 	3809 	3811 	3812
3802 	3809 	3810 	3812
3802 	3809 	3810 	3811
1705 	3755 	7080
3815 	3816 	3817
1306 	3814 	3816 	3817
3814 	3815 	3817
1118 	1956 	2619 	2717 	3814 	3815 	3816 	4318 	5877
857 	1552 	4071 	4560
1418 	2722 	3184 	3820
613 	793 	1419 	2722 	3096 	3819 	5090 	5091 	5092
1446
700 	2855 	3823 	7324
2855 	3822
945 	1731 	4608
3051 	3586
2163 	2217 	3383 	5708

1727 	2049 	7635 	7636 	7637 	7662 	7701
168 	3766
3831 	3832 	5830
3830 	3832
3830 	3831
708
2231 	2538 	3835 	3836
489 	1294 	1295 	3834 	3836
3834 	3835
969 	2937 	3838
969 	2140 	2218 	2937 	3146 	3153 	3154 	3837 	4344
1329 	3840
555 	1329 	3839 	4052
539 	1076 	3728 	3842 	5096 	7367 	7456
1715 	2280 	3532 	3841 	4164 	4165 	4588 	5096 	6384 	6481 	6482 	7456
472 	479 	1135 	1392 	3400



3848 	3849
2895 	3196 	3847 	3849
2895 	3196 	3847 	3848
480 	929 	1569 	1628 	3851 	6086
480 	1569 	1628 	3850

1140 	1142 	2277 	5830
485 	486 	3855
485 	486 	3854
877
271 	3858 	4179 	4679 	7319 	7320 	7321
271 	3857 	4179 	4678 	4679 	5432 	7319 	7320 	7321
453 	456 	3276
2316 	6237
4120 	4780
411 	762 	996 	2854 	4100
2543 	3864 	7673
3863
240 	1190
192 	370 	448 	543 	544 	737 	922 	995 	1639 	5609
2287
2418 	3698 	4490
2418 	3870
2418 	3869
91 	3872 	7810 	7898
3871
2447 	3679 	6007
3875 	3984 	3985 	8303 	8304
3874 	3895 	3984 	3985
3339
1564 	1617 	3878
1617 	2264 	3048 	3291 	3877 	4157 	8160
337 	1076 	7073
1784
2818 	2819 	3882 	7058
745 	996 	2818 	2819 	2839 	3881
24 	275 	1267 	3884
24 	275 	1267 	3883
319 	320
3887
1203 	1302 	3886
489 	655 	811 	1147 	1515 	1811 	2069 	2452 	2537 	2570 	2777 	3609 	4489 	5223 	6925 	7346
1665 	2064 	2065 	2066 	5008
1697 	4330 	4331 	4626 	5517
1845
126 	991 	992 	993 	1200 	1980 	2183 	2936 	3893 	4230 	7531
991 	992 	1980 	3892
1277 	1289
3875
974 	1626
1291 	1292 	1293 	2271 	2316 	3393
1389
1492 	4892
369 	3076
1755 	3902 	4527 	6193
100 	3901 	4527 	6193
974 	2795 	3904 	6364
974 	3903 	6364
259 	3306 	3906 	3966 	4056 	5481 	7884
3905
853 	854 	3908 	6353
853 	854 	3907 	3971 	6353

78 	5522 	5633
1268
3047
3914
3913
2554 	2643
3917
3916
491 	493 	494 	1254 	3442 	4200 	4203 	5313 	6301
3920 	3921 	4977
3919 	3921 	4977
3919 	3920
1865 	3923
1865 	3922
1997 	2643
5716
3927
3926


3552 	3553 	6057
1940 	3932 	5571 	7079 	7639
1940 	3931

70 	2685
3936 	3937 	3938
1665 	3447 	3935 	3937 	3938
3935 	3936 	3938
3935 	3936 	3937 	8089 	8090
86 	87 	100 	671 	722 	1397 	1779 	1888 	2703 	2707 	3772 	4557 	4558 	6892
1102 	1109 	1111 	4402 	5806 	7229 	7230 	7231 	7232 	7233 	7722

3359 	6428

1128 	3410 	3945 	3946 	5583 	5973
1128 	3410 	3944 	3946 	5973 	7668
3944 	3945 	4961 	8308 	8309
473 	3948
473 	702 	788 	1378 	1410 	1951 	2619 	2717 	2936 	3073 	3947 	4312 	4689 	4990 	6064 	6069 	6246
4398 	4399 	4400 	6431 	6432
3951 	4821
3950


3955 	3956
3954 	3956
3954 	3955
108
4417 	5094
3960 	5013 	6314
1646 	2929 	3959
243 	1630 	2104 	3576 	3994 	5147 	7973
902 	903
486
1226 	1863 	1895 	2170 	3965 	5426 	6071
3964
277 	1655 	1656 	3905
1843 	5773
1317 	2429 	2430 	2431 	4218 	7740
447 	788 	954
42 	1125 	1786 	3716 	3717
3908



86 	87 	671 	3191 	5085 	5086 	5919 	5920
679 	4017

728 	1985
5795
33 	34 	366 	756 	1200 	1203 	1257 	2354 	3131 	3147 	5455
1624
4366 	4367 	4368 	4369
24 	1565
3874 	3875 	3985
3874 	3875 	3984
3987
3986
472 	473 	1777 	1811 	3989 	5043 	5044
472 	1777 	1811 	3609 	3988 	5043 	5044
86 	1888 	3991
86 	999 	3990
1377 	1379 	3541 	3993
775 	1377 	1379 	2421 	2466 	3541 	3992
1630 	3961
3996
3995
883 	1617 	1618 	2593 	5941
1840 	3999 	4926
1840 	3998
4016 	4017
81 	1224
2760 	4003 	4289 	4290 	7430
2760 	4002
1780 	1781 	1782 	1783
325 	1148 	2421
4007
4006

4010
837 	1090 	1925 	4009 	4083
1164 	1201 	1202 	4012 	4839
1201 	1202 	4011

1331 	3014 	3015 	3104 	3206 	5759 	6180
1875
4000 	4017
376 	834 	3976 	4000 	4016 	4916
446 	1181 	3133
3215 	7568 	7872
1733
1637 	5572
1394
4024 	4025 	8031
1025 	4023 	4025 	5199 	5200 	8031
4023 	4024 	5976 	6765 	7812 	8031
628
105 	167 	320 	723 	739 	883 	1787 	1811 	4028 	4157 	5760 	6370
4027
1328
2116 	4031 	4549 	4550 	5074 	5075
2116 	4030
453 	456 	3276
2331 	4034
2331 	4033
1573 	4496 	5545
541 	762 	2573 	4037 	4691
541 	762 	2573 	4036
132 	212 	991 	1201 	1202 	1980 	2825 	3295 	4039 	7141 	7782
212 	2632 	2825 	3295 	4038 	5157 	5946
93 	880 	954 	3236 	3778
695 	2709
1298 	2459 	2993 	4322
3087 	4044
3087 	4043
1266 	2614 	4046 	4047
1266 	2614 	3053 	4045 	4047
928 	1266 	2614 	4045 	4046
1716 	1717 	1873
3462
762 	999 	1000 	1925 	2324 	4536
555 	4052
555 	996 	3840 	4051 	8117 	8118 	8331
491 	494 	882 	1254 	1452 	1583 	3275 	3410 	4200 	4202 	5034 	7745 	8211
1650 	1651
1647
766 	3905
1049

843 	865 	1057
501 	6138
1904
732 	4063
732 	4062
1032 	1210
361 	1520 	1531 	2796 	2797 	5084
1076 	1368 	1448 	2621 	4930 	5174 	5550
677 	4931
5180 	5181 	6240 	6423
4070 	4071
4069 	4071
857 	1552 	1612 	3818 	4069 	4070 	6105 	7078
2702 	4073 	4074
102 	289 	1526 	2702 	2858 	4072 	4074 	4699
180 	2195 	2543 	2702 	4072 	4073 	4897
280 	4076 	4077 	4078 	4783 	4784 	5415
4075 	4077 	4078 	4783 	4784
893 	4075 	4076 	4078 	4586 	4783 	4784 	4787 	5299 	6771 	7159
4075 	4076 	4077 	4783 	4784
3776 	4080
3776 	3777 	4079
2427 	4082 	5970 	6421 	7571 	7913 	8292
2427 	4081 	6094 	6095
24 	1606 	1849 	1929 	2913 	4010 	4145 	4406 	5155 	5156 	5254 	5390 	6264 	6782 	8231 	8346
4085 	4086
4084 	4086
4084 	4085 	7818
1125 	2040 	3388 	4688 	6692 	6693
108 	3064
1863 	4970
1880 	4091 	4092
1880 	4090 	4092
1880 	4090 	4091
1129 	4094
1129 	4093
291 	2001 	7640
4097
4096 	5374

2351 	2638 	3287
3862
1758
1527 	3402 	3738
71 	1746 	4104 	6634
71 	4103
4106
292 	345 	4105
573 	3738 	6756
1383 	4109 	5296 	6901 	7300
2126 	2827 	4108 	4443
852 	2369
2782
236 	4523
5893
4115 	4116 	7885
4114 	4116
4114 	4115 	7885
1328 	2392 	2936 	5186 	5187 	6475 	6593 	6617 	6618 	6619
853 	2745 	2746 	6153 	6833
152 	275 	363 	545 	546 	744 	974 	982 	1120 	3472 	6232
111 	3861 	6140 	6701 	6996
1392
92 	929 	955 	6370 	7761 	8252
1837 	4124 	7131
1837 	4123 	7131
2556 	2557 	2983
38 	2567 	4473 	7371
1705
215 	4129 	4130 	4131 	4166 	4167
215 	468 	1451 	4128 	4130 	4131 	4132
215 	4128 	4129 	4131 	4132
215 	4128 	4129 	4130 	4132
215 	4129 	4130 	4131

6896 	7937
363 	586 	5157
1803 	4137 	5019
1803 	4136
220 	1222 	1595
241 	4140
241 	4139
4142
4141
853 	4144 	4145 	4379 	4389
4143 	4145
1849 	4083 	4143 	4144 	4379 	5254
4147
4146
3124
2111 	2453 	3572 	4368 	7402
2363
39 	1339 	1710 	2622 	2623 	2956 	3057 	6035 	7373
1320
3163 	4154
3163 	4153
897 	898
363 	990 	1233 	2922 	4839 	5157
655 	929 	955 	3878 	4027 	5223 	6875 	7346
2961 	4617 	4618
3065 	4494
3307 	3309 	4161 	5143
3307 	3309 	4160 	5143 	6205 	6206
122 	545 	546 	547 	1258
1735
1715 	3532 	3842 	4165
1715 	3532 	3842 	4164
84 	214 	215 	4128 	4167
4128 	4166 	7864
4169 	4620 	6270
4168 	4620 	5842 	6011 	6270
676
4172
4171
258 	259
1906 	1907 	3077
4176
4175
142 	442 	834 	2542
1936 	1937
3137 	3857 	3858 	4548 	4679 	4959 	4981 	5668 	7319 	7320 	7321
841
2839
1966 	2145 	5579 	5580
2707 	2708 	4184
2707 	2708 	4183
642
4187 	4188
4186 	4188 	4785 	5805
4186 	4187
432 	750 	2163 	2164
4191 	4192
4190 	4192
4190 	4191
990 	2503 	2504 	3391 	5626 	6840
615 	762 	817 	925 	2256 	2785 	3289 	4195 	5810
4194
549 	2508
437 	2021
2172 	3129 	6441

482 	491 	764 	882 	955 	1254 	1710 	1841 	2406 	3410 	3918 	4053 	4201 	4202 	4203 	4204 	4205 	4475 	5313 	5610 	5621 	5826 	5832 	6370 	7745
1254 	4200 	4202 	4203 	4204 	4205
1254 	2406 	3410 	4053 	4200 	4201 	4203 	4204 	4205 	6579 	7745
491 	1254 	2106 	2107 	3442 	3918 	4200 	4201 	4202 	4204 	4205 	5177 	5178 	6301
1254 	2406 	3410 	4200 	4201 	4202 	4203 	4205 	6579
1254 	4200 	4201 	4202 	4203 	4204
2518 	4207
2518 	4206
2472
2797
2623 	3391 	3430
1488 	2760 	3054

3065
4215 	4216 	4217
4214 	4216 	4217
1872 	4214 	4215 	4217 	4288
4214 	4215 	4216
3968
2951 	4220
2951 	4219
84 	113 	1807
1576 	1577
4224
2048 	2427 	4223 	5762 	7441

563 	734
4228
4227
1602 	4230
489 	1200 	1316 	1602 	3892 	4229
541
1527 	2584 	5138
107
4235
4234
366
4238
4237
672 	4240
4239
2422
911 	7389
194 	196 	2997 	4244 	4833
194 	196 	1293 	1304 	1466 	4243 	6187
173 	2207 	2577 	4605 	4687 	5855 	5856 	6092 	6093 	6864 	7769 	7770

3002 	4272
548
156 	869 	5539

163 	4252
4251
1796 	4254 	4255
65 	1796 	4253 	4255 	4346 	4935 	4936
1796 	4253 	4254
396 	3603

6558
1277 	4657

1747
1325 	2534
123 	529 	2791 	7613
607 	1602 	2545 	4265 	7691 	8158 	8257 	8258
1602 	2545 	4264
4267
1296 	4266 	7106
2759 	2761 	4269 	4270
2759 	2761 	4268 	4270
2759 	2761 	4268 	4269
1465 	3785 	5997 	5998
3002 	4247
2813 	3627 	4274
2813 	3627 	4273 	5087
8 	797 	2861 	7213
2600
159 	1630
6363
99 	101 	786 	1666 	1797 	5102

4282 	4283
4281 	4283
4281 	4282
918
4286 	4287
4285 	4287
4285 	4286 	4465 	4495 	6877 	6879
1872 	4216
4002 	4290
4002 	4289 	7430

100 	927 	4293
2260 	4292 	5637 	5638 	5639

2238 	4777 	4918
300
605 	607 	971 	4298
605 	606 	607 	970 	971 	972 	4297 	4482 	7292 	7690 	7691

177 	432
6596
1478 	1923 	3473 	3474
1914 	2041 	6134
1913
1544 	1690 	3803

1180
118
3415
94 	473 	910 	4311 	4312 	7267
4310 	4312
1115 	1671 	2409 	3948 	4310 	4311 	4567 	4568 	4569 	4601 	4796 	6420 	6901 	7237 	7318
1653 	4315 	4316
120 	911 	4371 	4624 	7064 	7469 	8351
4313
1653 	4313
1612 	4318 	4319
1612 	1956 	2619 	3817 	4317 	4319 	5877
1612 	4317 	4318 	5456
3160 	3595 	4321 	5967 	7234
3160 	3595 	4320 	5967 	7234
655 	1298 	2459 	2993 	4042 	7346
2161
4325 	4326 	4327
4324 	4326 	4327 	6260
4324 	4325 	4327
4324 	4325 	4326 	6260
2022 	2127
1123 	1124
1697 	2531 	3890 	4331 	4626
1697 	3890 	4330 	4626
2303 	2907 	3388 	4333 	4793 	7649
1484 	2303 	2907 	4332 	5693
335 	2327
335
1015 	3497 	3501 	3597 	5037 	7724
802 	3020 	3287 	3288 	3666 	4916 	5891 	5892
6706
175 	622 	1007 	1592 	2545 	3423 	7191
1407 	1408 	5372
2364
221 	719
1531
876 	2117 	2140 	3838 	4345 	4472 	6456
876 	2140 	4344
65 	1199 	2440 	4254
46 	1038 	3412
2285 	2447 	3066 	4498
4350
4349 	7361 	7362 	7408
1612 	7199 	7200

1299 	3170 	3784
4355
4354 	4919
4357 	4358 	4993
4356 	4358
1243 	4356 	4357
4360
4359
2267 	4362 	4363
2267 	4361 	4363 	6682 	6683
2267 	4361 	4362
4365 	4888
4364
3982 	4367 	4368 	4369
3982 	4366 	4368 	4369
2111 	3982 	4149 	4366 	4367 	4369 	7402
3982 	4366 	4367 	4368

120 	911 	4314
4563 	4564
123 	1466
2190 	2194
220 	2773 	3272 	5271
3041
2123
884 	942 	943 	1460
4143 	4145
1437 	5182
3581 	4382 	4689
1131 	3581 	4381
2123

229 	1246 	2502 	4417 	7728
613 	3411 	4387
613 	3411 	4386
130 	2047 	2048 	6469
4143
563 	4391
563 	712 	3098 	3099 	4390 	6278 	6279 	7107
885 	886 	975 	1319 	3041 	3062 	5024 	5025 	5193 	8221
2490
5897
948
486

3949 	4399 	4400
3949 	4398 	4400
1274 	3134 	3949 	4398 	4399 	5756 	6005 	6431 	6432
2578
1102 	3940 	4403 	4404 	7229 	7230 	7231 	7232 	7233
4402 	4404
4402 	4403
345 	349 	2933
911 	4083 	5155 	5156 	6565 	8128
1804 	1805

3597 	4410
4409
2518
65 	1738 	5274 	5385 	6479
918 	1949 	3233 	6736

1886 	1912
1815
3958 	4385

1525
1925
1739 	1796
611 	4504 	4831
1137 	1715
1817
496 	627
6348
2369 	4428 	4429 	4606 	4965 	5778 	6118 	6739 	6740 	8080
4427 	4429
163 	1554 	1555 	2369 	4427 	4428 	4606 	4965 	5778 	6118 	6739 	6740 	8080
2425 	2427
765 	818 	2069 	4432 	4489 	5328 	6777
765 	818 	3132 	4431
542 	1285 	5046
3784
1360 	1361
1360
6321

1053
4441
4440
3628
2688 	2827 	4109 	4444 	5051 	6058 	6059
4443

1677 	3334
4448 	5232 	7557 	7761
4447
3642 	7910 	7911
1853 	4451 	4559
1853 	4450 	4559
1659 	4453
1125 	4452 	5089
4455 	4456
574 	4454 	4456 	5924
4454 	4455
1342 	6868 	6869
3292 	4459 	4460
381 	3292 	4458 	4460
3292 	4458 	4459
1685
410 	4463 	4464 	7582
410 	4462 	4464 	7582
410 	4462 	4463 	7582
4287
1 	2 	404 	1278 	2116
1415 	4468
1415 	4467
742 	4470 	4471
742 	4469 	4471
742 	4469 	4470
2140 	4344
4126
2251 	2253
735 	3751 	4200 	4813 	4951 	5736 	5737 	5832 	5839 	8177
1940 	2694 	3097
1487
4479 	4480 	4481 	8164
4478 	4480 	4481
4478 	4479 	4481
4478 	4479 	4480
607 	970 	972 	4298
1240 	1241
3310 	4485 	5664 	5665 	5666 	5804 	7908
406 	3310 	4484 	4648 	5804
1056 	1746 	4487
1056 	1746 	4486
1580 	1581 	2198 	2199 	2453 	6476
191 	335 	378 	1016 	1515 	1595 	1828 	2069 	3139 	3253 	3888 	4431 	4757 	5464 	6777
3698 	3868

738 	928 	1199 	2440 	5274
1817 	2284 	3679 	6042 	6043
175 	3065 	4159
1237 	2770 	4287 	6877 	6879
1573 	4035

897 	2285 	2447 	3066 	4348 	8196 	8197 	8198
537 	539 	540 	3532
5895
944
165 	1125 	1222 	1391 	1515 	1595 	2158 	2287 	3364 	3716 	3717 	5018 	5922
545 	546 	547 	982 	4835
23 	611 	1408 	1494 	1685 	1735 	2492 	3399 	4422 	4962 	5244 	5773 	6728 	6974 	7248 	8127
1463
790 	4507
790 	4506
3730
5551


430 	607 	970
2466
187 	674
836 	1277 	3578 	4524
2108 	5961
165 	1858 	7412 	7759 	7760
5743
542 	880 	1515

1853
218
236 	4112
1277 	4515
370 	1295 	1602

3901 	3902
1582 	4529 	4530
4528 	4530
4528 	4529
4532 	4533
4531 	4533
4531 	4532

114 	1601 	3292 	7298 	7618
615 	762 	925 	999 	1118 	1925 	4050 	5448 	5449 	7542
645 	647 	648
1131 	2484 	4539 	4540 	4541 	4542
1131 	2484 	4538 	4540 	4541 	4542
1131 	2484 	4538 	4539 	4541 	4542
1131 	2484 	4538 	4539 	4540 	4542
1131 	2484 	4538 	4539 	4540 	4541
1336 	1748 	3076 	3279 	4660 	7804
2836
2407 	4546
2407 	4545
337 	1386 	1387 	6034 	6513 	7391 	7941 	8341
973 	974 	1385 	1879 	1932 	1933 	2641 	4179 	5000 	6289
4030 	4550 	5074 	5075
4030 	4549

910 	3400
937 	4554 	4555
937 	4553 	4555 	5934 	6725
504 	937 	4553 	4554 	5934 	6725

86 	87 	1779 	3772 	3939 	4558
86 	87 	1779 	3772 	3939 	4557
1853 	4450 	4451
432 	2163 	2164 	3818 	4818 	6818
4562
4561
4372 	4564
3597 	4372 	4563
301 	302
611
4312 	4568 	4569
4312 	4567 	4569
4312 	4567 	4568
2912

2510 	4573
2510 	4572
470
7329
2253
2124
620 	1391 	4796
3310 	4580 	4581 	4582
3310 	4579 	4581 	4582
3310 	4579 	4580 	4582
3310 	4579 	4580 	4581
23 	1609 	5605 	5606
67 	1694 	2025 	2363 	5059 	6020 	6082 	7752 	7753 	7754 	7755
2636 	2637
2852 	2853 	2916 	4077 	5299

2280 	3532 	3842
4590
4589
806
3103 	4593
3103 	4592

3456 	6487
4597 	4952
4596

742 	7593
1115 	4601
280 	524 	1115 	2916 	3635 	4312 	4600 	6383
105 	2025 	3139
164 	165 	166 	167 	765 	1753 	1869 	2593

448 	566 	1467 	2937 	3145 	4245 	7516
2369 	4427 	4429 	4607 	4965 	7409
4606
945 	1257 	1731 	3824 	6066 	6067 	7679 	7680
752 	3053 	4610 	7130
1265 	1266 	2026 	4609 	8238
335 	2333 	3495 	5194 	8025
86 	4613 	6424
86 	4612 	6424
2501
2114 	2116
2809 	3020 	5500 	5983
4158 	4618
2409 	2582 	4158 	4617
1379 	6638
4168 	4169
3689
227 	744 	768 	777 	1258 	1852 	4623 	6990 	8255 	8256
123 	227 	744 	768 	777 	1258 	1811 	1852 	4622 	6990
473 	1621 	1667 	4314 	7064 	7309 	8351
1640 	1641 	2439 	2440 	2555 	5659 	7145 	7146
1697 	3890 	4330 	4331 	5471 	8311
1606 	1607

5945 	5946
4631 	4632 	6987 	6988
2107 	4630 	4632 	6632 	6987 	6988 	6989
2107 	4630 	4631 	6987 	6988 	6989
3554

3053

2117 	4638 	5852 	5853 	5854
2117 	4637
1527 	3050 	3402
22 	1501 	4641
1501 	4640
133 	662 	1247 	1248 	7632
4644 	4645 	5750 	5834 	6376 	6377 	6378
4643 	4645 	6563 	7278
4643 	4644 	5750
1340 	5007
3310 	4648 	4649
406 	1024 	3310 	3769 	4485 	4647 	4649 	5719
3310 	4647 	4648
148 	4651
148 	4650
5875
40 	275 	450 	973 	1267
114 	116 	220 	240 	631 	730 	745 	1189 	1368 	6572 	6635 	6636
2621 	2666
744
1277 	4259

516 	517 	757 	841 	4840 	6181 	7939
959 	1336 	1443 	1748 	2703 	3719 	4543 	8063

4663 	4664 	4665
4662 	4664 	4665
4662 	4663 	4665
4662 	4663 	4664
1462 	4723 	4724
674 	947

6159


4673 	4674 	7881 	7882 	7883
502 	1657 	4672 	4674
4672 	4673 	7881 	7882 	7883
3784 	3785 	3787
216
3342
3858 	4679
3857 	3858 	4179 	4678 	7319 	7320 	7321
2101 	5951 	5952

676
840 	841
4685
3736 	3803 	4684 	5218 	7118 	8289 	8290
73 	3239
4245 	5039 	6720 	7769 	7770
4087 	6692 	6693
288 	947 	1131 	1412 	1416 	1514 	2653 	2910 	3211 	3948 	4381 	4908 	5744 	5808 	6605 	7415
3103 	5039 	6096 	7783
4036 	5849 	6080
301 	3650 	3651 	4805
4694 	4695
4693 	4695 	7569 	7570
4693 	4694
1778 	4697 	4698 	4699 	4700
1778 	4696 	4698 	4699
1778 	4696 	4697 	4699 	4700 	7972
378 	536 	1016 	1526 	1778 	4073 	4696 	4697 	4698 	4700 	6946 	7599 	8123
1778 	4696 	4698 	4699 	8123
1446 	1886 	2624 	2625 	2626
4703 	7578 	7579
4702
244 	2629
1427

1277 	1789
4816 	6175 	6176 	6177
111 	4868
2078 	2079
1103 	1104 	6145

1600 	2870 	4714 	5860
1600 	2870 	4713
906
331 	1090 	2970 	3747 	5867 	6686 	7001
1575
7294
4720
4719


4666 	4724
4666 	4723
245 	945
1662 	2791

4729 	4730 	7980 	7981
4728 	4730
4728 	4729 	7980 	7981

858 	4933
802 	1423 	1631
1693 	6531
3689 	3690 	7869
2573

516 	517 	3028

4741
4740 	4928
2826 	4743
2826 	4742
570 	4841
183 	480 	601 	856 	857 	1569 	1570 	3272 	4746 	4747 	6568
856 	857 	4745 	4747
856 	857 	4745 	4746
1382 	3261
218
74 	419 	493 	494 	765 	882 	1710 	1737 	2615 	3410 	5787 	7990
1294 	2183 	5059
414
883 	4754 	5388 	7580
883 	4753
365
1254 	1640 	1641 	2439 	2555 	5659 	7145
1302 	2069 	2365 	2543 	3060 	4489
695 	2709 	3429 	5209
920 	2264
561 	1086 	3661

750
5764 	5928
4765
4764
959 	4767
4766
268 	5798

4771 	4772
4770 	4772
4770 	4771
1594
4775
4774
2642 	3487
4295 	4918
1679
4780
3861 	4779
1376 	3799
5581 	5582 	7005
4075 	4076 	4077 	4078 	4784
1693 	3799 	3800 	4075 	4076 	4077 	4078 	4783
1103 	1443 	2146 	2365 	4187 	5574 	5608 	5805 	7119

554 	3800 	4077 	4788 	4789 	5299 	5581 	5674 	6771 	7159
554 	1437 	1756 	2323 	3536 	4787 	4789 	5674 	6495
4787 	4788
3094 	4791
3094 	4790
289 	4793 	6717
289 	1117 	1698 	4332 	4792 	7649
3644 	4795 	7730
2333 	4794 	5424
620 	1391 	2409 	2653 	4312 	4578 	4797 	7237
2653 	4796
4799
1590 	4798 	6121 	7050
1754
4802 	5586 	6928
4801
4804 	4805
4803 	4805
301 	3651 	4692 	4803 	4804

4808 	4809
4807 	4809 	5404
4807 	4808 	5404
153 	1895 	4811 	4812
153 	1895 	4810 	4812
153 	1895 	3276 	4810 	4811 	6826
4475
4815
4814
487 	4708 	6175 	6176 	6177
5590 	5859
432 	2163 	2164 	2709 	4560 	5981 	6818
86 	966

898 	3667 	3950
852 	886 	5630 	7136
4824 	4825 	6049
4823 	4825 	6049
4823 	4824 	6049
764 	787 	4827
78 	764 	787 	1583 	1798 	2107 	4826 	5314 	5336 	6002 	6198 	7196
3185
2318 	6271 	8264
841 	1940 	6770
4422
276 	6521
194 	196 	1274 	1289 	2288 	2632 	4243
2973 	3260
52 	529 	545 	546 	547 	982 	1830 	4503 	5247 	5861 	7210 	7211 	7363
251 	4845 	4846 	4847 	4876 	4877
4838 	4852
4837 	4852 	5604
990 	1164 	1233 	1603 	2922 	4011 	4156
516 	517 	3028 	4659 	5589
2208 	2284 	2562 	4744

4844
4843
251 	627 	1299 	1769 	4836 	4846 	4847
251 	4836 	4845 	4847
251 	4836 	4845 	4846
173 	311 	860 	861 	2206
852 	1520 	2797
4851
4850
4837 	4838
249 	3764
1498 	1499 	2662
151
294 	7705 	7706
78 	1187 	1199 	1763 	2107 	2611 	3376
1168 	2836
4860
4859



1001 	1507 	3501 	4865
4864
3772 	3774 	4867
65 	3772 	3774 	4866 	5821
1861 	4709
636 	1625 	4870
636 	1625 	4869

7449 	7450 	7451
176 	1176 	1177
86 	411
2382 	3548 	6512
251 	4836 	4877
251 	4836 	4876
66 	169 	699 	825
994 	2391

128
86 	324 	325
1240 	4884 	5601
500 	837 	1090 	1460 	4883 	5907 	5962 	6883 	6919
648 	1061
4887
4886
2346 	4364
1085 	2699
561 	3661 	5667
2015 	4892
1492 	2015 	3899 	4891
3582 	4985
1932 	1933 	3009
1082

1107 	2191 	2193 	2195 	2702 	4074
2708 	2896
299 	300
2302 	3512 	3513
287 	947 	1125 	1409 	2651 	5141
4903 	6426
1510 	1511 	1709 	1751 	3095 	4902 	6426
4905 	4906 	4907
4904 	4906 	4907
4904 	4905 	4907
630 	1595 	3667 	4904 	4905 	4906
1416 	4689 	5808

1394 	1395 	1481 	1482 	2162 	4911
1394 	1395 	1481 	1482 	2162 	4910
1113 	1119 	1120 	1829 	2211 	2755 	6031 	7252
3424
2399 	2400
2031
376 	974 	3020 	3287 	3288 	4017 	4337 	5892
7195 	7519 	7798 	7799
4295 	4777
4355 	5774


1462
2465 	4924
4923 	6268
138 	1716 	1717 	1873 	2286 	3193 	5047 	5768
3998
38 	756 	945 	1768
4741
3573 	3574
4066
4067 	4932
4931 	6680
858 	4732
818
3590 	4254 	4936
3590 	4254 	4935
232 	4938
232 	4937 	5191

4941
4940

1497 	5622
3027
1191 	3000
1138
1460 	4948
792 	1460 	4947 	5093 	5094 	5095
996 	1543 	1830 	2096 	3394
1491 	1492
1659 	4475 	5028
4596
80 	81 	481 	1753
23 	1189 	1793 	1794
386 	2182 	4956
386 	2182 	4955
4958
4957
3137 	3341 	3342 	4179 	5668 	6210 	7038

2615 	3946
4504
362
960 	961
4427 	4429 	4606
3541
133
3259
695 	1574 	1629 	2216 	2287 	2709 	2991 	3429 	7540
416 	1863 	1865 	2681 	2882 	4089 	6371 	6372
4972 	4973
1029 	4971 	4973 	5793
1029 	4971 	4972 	5793 	5799
1793 	1794 	2308 	4975
2308 	4974 	8008 	8009
2885
3919 	3920
2484
4980
4979
3137 	4179
1674
425 	3127
974 	1879 	3445
4893 	7251
2809
335 	2327
1992 	2072
529 	2917 	4990 	4991
529 	1951 	2917 	3948 	4989 	4991 	5191 	6535
309 	529 	823 	2917 	4989 	4990 	5191 	6535 	7392 	7393
22 	85 	358
1243 	1508 	4356 	5807
4995
3292 	4994



1076 	1449
4548
2387 	5002
2387 	5001
444 	446 	447 	771
3365
2911 	3491 	5006
2911 	5005 	6021 	6901
1340 	4646
1665 	2064 	2065 	2066 	3889 	5322
102 	386 	430 	550 	551 	1981 	2115 	2182 	2222 	2395 	2784 	2851 	3765 	5128 	5250 	7766
571 	572 	7040

5013
3959 	5012
524 	3756
5016
5015
39 	41 	3696 	5054 	5275 	5313
3716 	3717 	4502
4136

2817 	5767
1473 	3422
61 	1852
4392 	5025
4392 	5024
3554
5028
1642 	2770 	3385 	4951 	5027 	6783
465 	2745 	2746

490
331 	500 	3286
2238
494 	495 	1583 	2025 	3275 	4053 	5112 	7029
275 	680 	973 	974 	1822 	1879 	5534 	5737 	6302
2393
3165 	3501 	4336 	5038 	5039 	5740 	5906 	5907 	7724
3165 	5037 	5039
3165 	4687 	4690 	5037 	5038 	5906 	5907 	6096 	6720 	7783
797 	984 	1017 	1758 	3160


472 	1777 	3988 	3989 	5044
472 	1777 	3988 	3989 	5043
719 	1087 	6336
33 	233 	542 	756 	1285 	2591 	3147 	4433
3193 	4925
504 	3666
399 	1181
278 	1588 	2601 	3039 	6452
2827 	4443
377 	1551 	2936 	5375 	7496 	7497 	7736
122 	192 	472 	480 	912 	3003 	3609 	6209
39 	1207 	1265 	1720 	1849 	2961 	3696 	5017 	5275 	5477
1022



1294 	1507 	2183 	4584 	4751 	6020 	6082 	7752 	7753 	7754 	7755

5062 	5063 	5064 	6074
5061 	5063 	5064 	6074
5061 	5062 	5064
5061 	5062 	5063 	5791
108 	5066 	5067
108 	5065 	5067
108 	5065 	5066
2829 	5069 	5070
1247 	2486 	2829 	5068 	5070 	6259
2829 	5068 	5069
366
1492 	5073
1492 	5072
4030 	4549
4030 	4549
3097
77 	490 	494 	673 	1339 	1798 	2056
1072 	5079
1072 	5078
176
1551 	2054
1092 	5083 	6251 	6614 	6784 	7482 	7735 	8024 	8215 	8216
5082 	6251 	6614 	7079 	7731 	7735
1531 	4065
86 	3975 	5086
86 	3975 	5085 	7093
2813 	3627 	4274 	7307
1127
287 	289 	447 	879 	1118 	1125 	1379 	1409 	1410 	1701 	4453 	5141 	5189 	5935
793 	1419 	2722 	3820 	5091 	5092
793 	1419 	2722 	3820 	5090 	5092
793 	1419 	2722 	3820 	5090 	5091
420 	4948 	5094 	5095
792 	3363 	3958 	4948 	5093 	5095 	5585 	8102
2908 	4948 	5093 	5094 	5992 	5993
539 	3841 	3842 	7456
473 	2606 	5190
1246 	1478
2871
388 	2584 	5101
388 	2584 	5100
1797 	2186 	2187 	4279
753 	1796 	2772 	3306 	6386
729 	961 	1302 	6362 	7615
1015 	2553 	2554 	7814 	7815 	7816
600 	1309 	1592 	1602 	3315 	5260 	5269
3742
1083
7260 	7264 	7265
149 	150

5034 	5113 	5114 	6872
5112 	5114
3275 	5112 	5113
2251 	2253
2854
178
1022 	5119
1022 	5118
111 	209 	210 	5121
111 	112 	209 	210 	1491 	1492 	5120
161 	1814 	1852 	8214
1175

113 	5126
113 	5125
729 	6283 	7290
386 	550 	551 	1590 	1981 	2182 	5009 	5132
468 	1774
1488 	5131 	5136
1488 	5130 	5136
1304 	1466 	1547 	1590 	5128
363 	948 	1547 	2216 	2451
2123 	3193
193
5130 	5131
137 	333 	2100 	6086 	7201 	7202
1527 	4232
871
189 	190
287 	288 	289 	947 	1118 	1200 	1409 	1410 	2651 	4901 	5089
121 	947 	1376 	1380
3307 	4160 	4161
485 	486
1346
141 	1535
783 	784 	1826 	2104 	3961 	5148
1826 	5147
5150 	5151
2116 	2223 	3271 	5149 	5151 	6012
429 	3271 	5149 	5150 	7286 	7432 	7433 	7888
3259 	3269 	5153
3259 	5152

4083 	4406 	5156 	8128
4083 	4406 	5155
363 	586 	806 	1170 	2014 	2632 	2773 	4039 	4135 	4156 	5946

291 	6645
168 	3766
6961
38 	1935 	3401
1845 	3299 	7880
1908 	1909
585 	654 	2639
5167
5166
5169
5168
1355 	1356 	6519
1355 	1356 	5172
1355 	1356 	5171

4066
178 	5176
176 	178 	5175 	6110
2106 	2107 	4203 	5178
2106 	2107 	4203 	5177
118 	1378 	7170
4068 	5181
4068 	5180
1437 	4380
1510 	1751
5185
5184 	5644 	6633
4117 	5187
1198 	4117 	5186 	8357
335 	2327
1118 	1409 	5089
473 	2606 	5097
529 	2917 	4938 	4990 	4991 	6535
2650 	2651
185 	663 	925 	1133 	1134 	1694 	3062 	3321 	4392 	5304 	6020 	8221
1326 	2333 	3495 	4611 	8025
5196
5195
5198
5197
1025 	4024 	5200
1025 	4024 	5199
1621

5204
5203
66

5208
5207
695 	2709 	3429 	4758
183 	220 	730 	2945 	3732
1804 	1805


714 	1819 	1820 	1821 	1822 	5534 	6470
541 	1289 	6704
825
1397 	1544 	1546 	5218 	5683
1397 	1544 	1546 	3803 	4685 	5217 	5683 	8289 	8290
3
3262 	5221
3262 	5220

929 	3888 	4157 	7346
591
1453 	5226
1453 	5225
357
682 	5229 	6532
682 	5228 	8295
334 	543 	544 	1768 	2807 	7293
3717 	5232 	5600
3717 	4447 	5231
3505 	3506 	5234 	5235 	5236
3504 	3505 	3506 	5233 	5235 	5236
3505 	3506 	5233 	5234 	5236
3505 	3506 	5233 	5234 	5235 	7886 	7887
591 	1332
3483 	5239
5238

3551 	5353
959 	2581 	5243
489 	959 	2581 	5242 	5379 	7589
1494 	3399 	4504 	7033

213 	6681
52 	513 	529 	545 	546 	1776 	1830 	1831 	2286 	4835 	5861 	7210 	7211

483 	765 	5447 	7285
102 	430 	974 	1981 	2115 	2222 	2395 	2784 	5009 	5465 	7766

86 	325 	7095 	7712 	8307

1606 	1849 	4083 	4145
1064 	2974
77 	490
1536 	2113 	2209 	2210
5259 	7026
5258 	7026 	8007
81 	1309 	1592 	1626 	3315 	5106 	5326 	5379
1471 	5262
1470 	1471 	5261
335 	336
2281

1234 	1235
796 	3281
1347 	5376 	5377 	5444 	5445 	6829
600 	1753 	1868 	5106
782
220 	2773 	4375
1199 	5273 	5274
1199 	5272 	5274
65 	1199 	4412 	4492 	5272 	5273 	5385
1265 	2577 	2961 	3696 	5017 	5054
635
303 	2165 	2989
5545
1040 	1042
5281
5280
416
5284
5283
5286 	5629
5285 	5629
1017 	3596 	7068


747 	1385 	3015 	6523 	7732
5292
1391 	5291
973
5295 	5956
5294 	5956
4108
3137
393 	395 	2601 	2613 	7266
893 	4077 	4586 	4787 	6771 	7159


114 	5303
114 	5302
925 	1133 	1134 	5193 	6760

3766
78 	765 	3376

5310
5309 	6622
3011

41 	491 	1015 	1950 	3918 	4200 	5017
4827 	6198
2782
1558 	6563 	6625 	6727
196 	197 	477 	478 	479 	1570 	1627 	1757 	2991 	3472 	6480
489 	6580
5320
5319

3166 	5008
3777 	5324
5323
114 	116 	290
122 	929 	931 	1626 	5260 	6086 	7201 	7509
2763
1787 	3132 	4431 	7137
1865 	5330
1865 	5329
336 	1596
876 	2140
3712
2382
1267 	1804 	2051
78 	1583 	2107 	3410 	4827
1750

5340 	5341 	5451
5339 	5341
5339 	5340
99 	575
5344 	8240
5343

5347
5346
123 	414 	448 	464 	3364 	3716
184 	630 	1595 	2098 	3213 	6190
1340 	1341 	3042
1804 	1805
582 	940 	2327 	2333
3551 	5241
2387
1699
133 	727
100
5359
5358

3440
484 	1889
1177
2649 	6489


1024

558 	989 	1259
5371
5370
4340
3471
4097 	7717
1551 	5052
5268 	5377 	5444 	5445
5268 	5376

489 	3315 	5243 	5260 	7589
1268
174 	1592 	1803 	2407
37 	105 	920 	922 	1181 	2454 	6894 	7678
708 	2572
26 	920 	1181 	1199
65 	4412 	5274 	6386
1170 	1628 	1629 	2773 	3005 	3273
5917
883 	4753 	7580

4083 	5391 	5392 	7546 	7547
5390 	5392 	7546 	7547
5390 	5391 	6598 	6599
727 	2748
1923
921
40
3718 	5398
3718 	5397 	5748
1052 	1053 	3332 	5400
1052 	1053 	3332 	5399
817 	5402 	5403 	7400 	8147 	8322
5401 	5403
5401 	5402 	7400
4808 	4809
7166
1366
2942
222 	1273
5410 	5411
413 	498 	5409 	5411 	8023
5409 	5410

424 	426 	3701

280 	4075
5526

1679 	5419 	5420
620 	1679 	5418 	5420 	7158
1679 	5418 	5419
5422 	5423 	6823 	6824
1020 	5421 	5423 	6761 	6823 	6824
5421 	5422
4795

1226 	1863 	1895 	3371 	3964 	5427 	6071 	7084
1863 	1895 	3371 	5426
1420 	5429
1420 	5428
1533

271 	3858
5434
5433
3698
655 	1639 	2943 	6846 	7215


1984 	7615
232

2543

5268 	5376 	5445
5268 	5376 	5444
2419 	7088
483 	5249
1118 	4536 	5449
1118 	4536 	5448
545 	546 	548
5339
3124 	3125
5454
5453 	8223
33 	34 	2785 	3131 	3147 	3980
4319 	5533
5458
5457
39 	3410
1442 	1640 	1641 	1816 	1853 	2441 	5461 	5462
1641 	5460 	5462
1641 	5460 	5461
1224 	2966 	2967
1515 	1595 	1615 	3139 	3596 	4489 	6313 	7137
430 	853 	2115 	2222 	2395 	5250 	5931
1634 	2397 	5467
5466 	7901 	7950 	7951 	7952 	7953
2232

123
1697 	4626 	8311

3396 	5975 	6697 	6698 	6699
800


5054
365
5480
5479
3905
5483
5482
1389 	1655
5486 	5884 	7713
5485 	5884 	7713
376
3545 	3546
5490
5489
282 	283 	6146 	7905
678 	1403 	3094 	5968

5495
5494
5497 	5599
5496
1446 	2527

4616 	5983 	7583 	7584
3249
5503
5502
604 	1294 	1602 	2228
3541 	5506
3541 	5505 	5591
490 	882
118
895 	5510
895 	5509
3172 	5512
3172 	5511

5515
5514
2562
1697 	3890
276
5520
2621 	5519 	7676
1095 	5532
3910
5524 	5525
5523 	5525
5523 	5524 	6665
5416
5528
5527 	8267
2468 	5530
2468 	5529

1095 	5521
996 	2096 	5456
680 	1822 	5035 	5214
5536 	5537
5535 	5537
5535 	5536
2690 	8054
156 	4249
5541 	5542
5540 	5542
5540 	5541

1169 	2867
4035 	5278

790
5549
5548
1076 	2621 	4066
747 	4509
5553
5552
363
5556 	5557
5555 	5557 	7407
5555 	5556
3465

5561 	7013 	7014
5560 	7013 	7014


5565
5564
1679
1076 	5568
1076 	5567
1980 	1981 	3629 	3631 	5570
1980 	1981 	3629 	5569 	7808
1940 	3931
4021
886 	1879 	5630 	7714 	7715
1103 	4785 	5805
284 	1711 	6061 	6062
967 	1510 	1511 	5577 	5578
967 	1510 	1511 	5576 	5578
967 	1510 	1511 	5576 	5577
1966 	4182 	5580
1966 	4182 	5579
4782 	4787 	5582 	6528
4782 	5581 	6063 	6816 	6817
1128 	3944
5585
3363 	5094 	5584 	8102
1274 	1629 	4801 	5587 	6928
5586

516 	517 	3028 	4840
4817 	6255
5506
1721 	2373
1400 	7501
2305
1671 	1673 	5596
1671 	1673 	5595 	8021 	8022
5598
5597
5496
5231
4883


4838
1609 	4583 	5606
1609 	4583 	5605
2887 	2888
1103 	4785
3291 	3866 	5610 	6975
3291 	4200 	5609 	6975 	8146

1191 	1526 	3590 	6281
1596 	6687 	6688 	6689
450 	2822

382
2770
3461
184 	847 	1169 	5899 	6981

1841 	4200
23 	1497 	4943 	5822
3177 	3178 	3179 	3607
450
1494 	3399 	8012 	8163
4193 	6715 	6779


2821 	5285 	5286 	5882 	7504
886 	4822 	5573 	7714 	7715 	8270
1403 	5632 	6303 	6304
1403 	5631 	6303 	6304 	7945
3910
2809 	2824 	6306
674 	723 	732 	1000 	6184 	7347
1019
2260 	4293 	5638 	5639
2260 	4293 	5637 	5639
2260 	4293 	5637 	5638
5641
5640
2513 	7221
5644
5185 	5643 	6633
5646 	5647
5645 	5647
5645 	5646
760 	1251
545 	546 	547
940 	1602
382 	1851
729 	730 	1114 	2945 	3323
2470 	5654 	5655
2470 	5653 	5655
2470 	5653 	5654
365
895 	5658
895 	5657
1254 	1640 	1641 	2439 	2440 	2555 	4625 	4756 	7145 	7146



550
4484 	5665 	5666
4484 	5664 	5666
4484 	5664 	5665 	7083
4890
3137 	4179 	4959
2317
5671 	5672
5670 	5672
1853 	5670 	5671 	6564
3573 	3574
554 	4787 	4788
967 	1510 	1511 	1751 	1823 	1824 	5969
2193 	5677
2193 	5676
5679 	5680 	5681 	6745 	6746 	7009
5678 	5680 	5681
5678 	5679 	5681
5678 	5679 	5680
1949 	3233
1397 	1544 	1546 	5217 	5218
3103

309 	5687 	5688 	5689 	5690 	5691 	5692 	5693 	5694 	5695 	5696 	5697 	5698 	5699 	5700 	5701 	5702 	5703
309 	5686 	5688 	5689 	5690 	5691 	5692 	5693 	5694 	5695 	5696 	5697 	5698 	5699 	5700 	5701 	5702 	5703
309 	5686 	5687 	5689 	5690 	5691 	5692 	5693 	5694 	5695 	5696 	5697 	5698 	5699 	5700 	5701 	5702 	5703
309 	5686 	5687 	5688 	5690 	5691 	5692 	5693 	5694 	5695 	5696 	5697 	5698 	5699 	5700 	5701 	5702 	5703
309 	5686 	5687 	5688 	5689 	5691 	5692 	5693 	5694 	5695 	5696 	5697 	5698 	5699 	5700 	5701 	5702 	5703
309 	5686 	5687 	5688 	5689 	5690 	5692 	5693 	5694 	5695 	5696 	5697 	5698 	5699 	5700 	5701 	5702 	5703
309 	5686 	5687 	5688 	5689 	5690 	5691 	5693 	5694 	5695 	5696 	5697 	5698 	5699 	5700 	5701 	5702 	5703
309 	1484 	2592 	4333 	5686 	5687 	5688 	5689 	5690 	5691 	5692 	5694 	5695 	5696 	5697 	5698 	5699 	5700 	5701 	5702 	5703 	6241
309 	5686 	5687 	5688 	5689 	5690 	5691 	5692 	5693 	5695 	5696 	5697 	5698 	5699 	5700 	5701 	5702 	5703
309 	5686 	5687 	5688 	5689 	5690 	5691 	5692 	5693 	5694 	5696 	5697 	5698 	5699 	5700 	5701 	5702 	5703
309 	5686 	5687 	5688 	5689 	5690 	5691 	5692 	5693 	5694 	5695 	5697 	5698 	5699 	5700 	5701 	5702 	5703
309 	5686 	5687 	5688 	5689 	5690 	5691 	5692 	5693 	5694 	5695 	5696 	5698 	5699 	5700 	5701 	5702 	5703
309 	5686 	5687 	5688 	5689 	5690 	5691 	5692 	5693 	5694 	5695 	5696 	5697 	5699 	5700 	5701 	5702 	5703
309 	5686 	5687 	5688 	5689 	5690 	5691 	5692 	5693 	5694 	5695 	5696 	5697 	5698 	5700 	5701 	5702 	5703
309 	5686 	5687 	5688 	5689 	5690 	5691 	5692 	5693 	5694 	5695 	5696 	5697 	5698 	5699 	5701 	5702 	5703
309 	5686 	5687 	5688 	5689 	5690 	5691 	5692 	5693 	5694 	5695 	5696 	5697 	5698 	5699 	5700 	5702 	5703
309 	5686 	5687 	5688 	5689 	5690 	5691 	5692 	5693 	5694 	5695 	5696 	5697 	5698 	5699 	5700 	5701 	5703
309 	5686 	5687 	5688 	5689 	5690 	5691 	5692 	5693 	5694 	5695 	5696 	5697 	5698 	5699 	5700 	5701 	5702
1520 	3656 	5705 	5706 	5846
5704 	5706
5704 	5705

2163 	3826

446 	961 	1118 	1326 	2148 	3014 	5776 	7979

793 	5713
793 	5712
5715 	7020
5714
3925
705 	1721 	5747 	6737
2267 	2268 	3307
1024 	3310 	3769 	4648

775 	1148 	5722
775 	1148 	5721
5724 	5725
5723 	5725
5723 	5724

3163 	5728 	5729 	7585 	7586
3163 	5727 	5729 	7585 	7586
3163 	5727 	5728
5731 	5732
1913 	2974 	5730 	5732 	5937 	5938
5730 	5731
345 	347 	349 	2933 	3562 	7862
39
629
4475 	5737
921 	974 	1879 	4475 	5035 	5736 	6006 	6302

167 	5792
5037 	5741 	5742
5740 	5742 	6084 	7028
5740 	5741 	6084 	7028
4518
1768 	2653 	4689
978 	1609
140
1125 	2718 	3364 	3716 	5717
3718 	3719 	5398
479 	992
4643 	4645
1697
184
2251 	2253 	3285
3167
101
4400

1274 	5759
1114 	1274 	1331 	2782 	3006 	3134 	3323 	4014 	5758 	6878
105 	3139 	4027
997
2048 	2425 	2427 	4224 	7442

4763 	5928
7677
1837
2817 	5021
138 	2286 	4925
1787
5771 	5772
5770 	5772
5770 	5771
1685 	3967 	4504
4919
137 	333 	655 	852 	1844
961 	5710
611 	1497
4427 	4429
6292 	6293 	6294 	8020
1607 	5781 	5782 	6493 	6666 	6853
1607 	5780 	5782 	6666
1607 	5780 	5781 	8220
1858 	5784 	5785 	5786
1858 	5783 	5785 	5786
1858 	5783 	5784 	5786
1858 	5783 	5784 	5785
1602 	1710 	4750
1291 	2271 	3428 	5789 	6876
1291 	2271 	3428 	5788 	6876 	7923

5064
5739
1029 	4972 	4973
745 	996 	2818 	2819 	8001 	8002
3979
3329 	3784
1541 	7370
268 	4768
4973
5801 	5802 	6052 	6053
5800 	5802
5800 	5801 	6052 	6053

1515 	4484 	4485 	6887
1103 	4187 	4785 	5574 	7119
1111 	3940
1243 	1508 	4993
4689 	4908
1412 	1659
34 	615 	925 	2067 	4194 	7008


3700 	6986 	6992 	6993
164 	165 	1331 	1600 	2266 	2870 	5815
74 	164 	165 	1331 	1539 	5814 	6889 	7533
6501
195 	511 	1454 	2207
6649
5820
5819
65 	1738 	4867
23 	5622
973 	1169
1623 	5825
1623 	5824
38 	955 	3068 	4200 	5839 	6370
43 	1285 	7208
388 	5829 	6943
5828
3830 	3853
225 	2966 	2967
4200 	4475

4643
301
6117 	7052 	7345 	7452 	7453
245
241
723 	955 	3751 	4475 	5826 	6038 	6039
3454 	5841 	6068
3454 	5840 	6068
4169
3275 	6295
676 	2277
170 	1458 	3416
5704 	6271 	8019
1986 	6031

4691
1554 	1555
447 	458 	479 	3257
2690 	4637 	5853 	5854 	6762
4637 	5852 	5854 	7287
4637 	5852 	5853
4245 	5856
4245 	5855 	6092 	6093
676 	2407

4817
2870 	4713
52 	529 	545 	546 	1830 	4835 	5247 	5862 	7210 	7211
52 	545 	546 	5861
5864 	5865 	5866
5863 	5865 	5866
5863 	5864 	5866
5863 	5864 	5865
331 	1090 	1460 	4716 	6883
3054

500 	618 	5871
500 	618 	5870

3225 	3338 	3439

1659 	4652
570 	2208
1956 	2619 	3817 	4318
335
2318 	3358 	7365
312
213
2821 	5629 	6711 	6712 	7504
2212
5485 	5486 	5885 	5886
5884 	5886
5884 	5885
1434 	1991
1225 	3374
1423 	5890
1423 	5889
3020 	3287 	3288 	4337 	5892
3020 	3287 	3288 	4337 	4916 	5891
4113

4500

4394
479 	676 	1309 	1592 	3378
847 	2285 	5619 	6981
42 	445 	1255 	6898
847 	6981

499 	2369 	5904
499 	5903

3165 	5037 	5039 	5907
500 	837 	1090 	1460 	3165 	4884 	5037 	5039 	5906 	6883
2455 	5909
2455 	5908
1527 	3050 	3402
2828 	5912
5911
765 	3426

768 	1678
132
5387

86 	87 	3975 	5920
86 	87 	648 	671 	1888 	3975 	5919
141 	2542
1125 	1515 	4502 	6313

574 	575 	931 	4455

2791
113
4763 	5764
916 	2787
135 	6010
430 	853 	2115 	2222 	5465
2610 	2611 	2612

504 	4554 	4555 	6725
1410 	2719 	5089
7746 	7747 	7748
1913 	2974 	5731 	5938
5731 	5937
3184
3033
1024 	1617 	1618 	3997
845
1815 	2814
6880
4629 	5946
363 	2632 	4039 	4629 	5157 	5945
468

2487 	5950
2487 	5949
4680 	5952
4680 	5951
1062 	2974
5955
5954
5294 	5295
1623

1180 	1934
503 	8350
2108 	4516
990 	4884 	6919
2757 	5964
2180 	2181 	2757 	5963 	7414

2424 	5967
2424 	3160 	3595 	4320 	4321 	5966 	7234
86 	678 	1403 	3094 	5492
1823 	1824 	5675
4081 	7571 	8292
1891 	3342
756 	2334
3944 	3945

5473
4025 	7812
5978 	5979 	5980
5977 	5979 	5980
5977 	5978 	5980
5977 	5978 	5979 	7909
432 	2163 	2164 	4818
2266 	6865 	6866
4616 	5500
664 	5985
664 	5984

1655 	5988
1655 	5987
1914
1336 	1337 	3055
27 	868
1642 	2908 	5095 	5993 	6298
1642 	2908 	5095 	5992 	7053 	7054 	7538

194 	2888 	3141 	5996
194 	2888 	5995
1465 	4271 	5998
1465 	4271 	5997
2081
1510 	2323

787 	4827
6004
6003
1274 	3134 	4400
921 	1879 	5737
3873
6009
6008
5930
4169
2116 	2223 	3271 	5150

2259
2116 	6016 	6017
2116 	6015 	6017 	6591
2116 	6015 	6016
2293 	2295 	6019
2293 	2295 	6018
185 	4584 	5059 	5193 	6082 	7754
5006
1006
3440
827 	828 	829
1047
615 	762 	925 	1958
447 	478 	479 	3378 	6113 	7499
2344
504
3102
1113 	1119 	1120 	1986 	4912 	5847 	7241 	7252
6033
6032
2350 	3051 	4547 	7941 	8341
39 	2600 	2956 	4151 	6036 	7373 	8053 	8176
2600 	3035 	6035 	7187 	8176
493 	494
723 	5839 	6039
723 	5839 	6038
122 	123
1000 	3147 	7342
1817 	2284 	4493 	6043
1817 	2284 	3033 	4493 	6042 	8073
871
1025 	6046 	6047
1025 	6045 	6047
1025 	6045 	6046

4823 	4824 	4825
985 	3473
350
5800 	5802 	6053
5800 	5802 	6052
6055 	6056
6054 	6056
6054 	6055 	7718 	8095
3552 	3553 	3930
2688 	4443 	6059
2688 	4443 	6058 	7604

5575 	6062
5575 	6061
5582 	6816 	6817
2619 	3073 	3948 	7498
284 	1711 	1764 	3366 	8248 	8339 	8340
4608 	6067
4608 	6066
3454 	5840 	5841 	7134 	7135
3948

1226 	1863 	1895 	3964 	5426 	7084
3265 	6073
3265 	6072
5061 	5062
617 	3286
787 	1018 	1019
6078
6077 	6332
2022 	6578
4691

67 	1694 	2025 	2363 	2364 	4584 	5059 	6020 	7752 	7753 	7754 	7755
14 	1747
5741 	5742 	7028
1244
122 	480 	929 	1626 	2100 	3850 	5137 	5326 	7201 	7202
3666
6089 	6090
6088 	6090
6088 	6089
1020 	1021 	7716
4245 	5856 	6093
4245 	5856 	6092
4082 	6095
4082 	6094
4690 	5039 	7783


2573 	6117

2430 	2431 	6714 	8159
6103
193 	6102
900
1612 	2156 	2650 	2651 	3363 	4071 	7078
1575
569
2203
291 	292
176 	794 	5176 	7152
3145
1577
6027

1508 	2363
36 	37 	1831
2573 	5836 	6099
3603 	4427 	4429 	7989

2549 	2551
4799

615 	925 	1454 	1616
6125 	6138
6124 	6136 	6137 	6138 	6556 	8003


712 	1537 	6129
712 	1537 	6128
2365 	6131 	6132
2365 	6130 	6132
2365 	6130 	6131
6407
1914 	4303
3087
6125 	6137 	6556
6125 	6136 	6556
4060 	6124 	6125
2443
111 	4120
1099 	1180 	1934 	6142 	7891 	7892 	7893 	8286
1099 	1180 	1934 	6141
7386
947 	1092 	2318 	2688
4711
283 	5491 	7905
1667
303 	691

1407 	6151 	7967
1407 	6150 	7967
549 	2509
252 	853 	2011 	2253 	3071 	4118 	7171 	8070
3207
6156
6155
366
6159
4669 	6158 	6828
6161 	6162
6160 	6162
6160 	6161
6616
1420 	1422 	1425 	1719
3043 	3652 	6166
3043 	3652 	6165
2634
2564
815

337
6173
6172

4708 	4816 	6176 	6177
4708 	4816 	6175 	6177
4708 	4816 	6175 	6176
3027
869 	2435 	2436 	2935
1495 	3015 	4014
516 	757 	1179 	4659 	7939
624 	1193 	2959 	6183 	6971
624 	2959 	6182 	6971
732 	1000 	5635

1914
1304 	1466 	4244
477 	478 	1570 	1627 	3472 	6189 	6486
447 	477 	478 	1570 	1627 	3472 	6188 	6467 	6468 	6480 	6486 	7050
630 	1595 	2098 	5349
456 	457 	6192
456 	457 	6191
3901 	3902
1163 	6195
6194
37 	1831
1837 	7297
4827 	5314
2248
3776 	6955


2861
3307 	6205 	6206
3307 	4161 	6204 	6206
3307 	4161 	6204 	6205
1293 	1304 	6208
1293 	1304 	1466 	6207 	7603
122 	472 	480 	1392 	3003 	3378 	3732 	5053 	7935
3341 	3342 	4959 	7038
430 	853 	2115 	2222 	6317 	6399 	7545
2090 	2409 	7723
2199 	6214
1580 	2198 	2199 	6213
3448
6217 	6218
6216 	6218
907 	6216 	6217 	6590 	6742
703
6221
6220
2723
6224 	7633
6223

975 	1106 	1107 	1455 	1697 	6227
1106 	1455 	6226
2251 	2252 	2253

6231
6230
974 	4119
3063
1685 	3484
6236
6235
2316 	3860
2184 	6239
2184 	6238
4068 	6423 	7077
2592 	5693
6243
6242

473 	2606 	6246
473 	632 	1410 	2606 	3948 	6245
541 	1951
6249 	6250 	7209
6248 	6250 	7209
6248 	6249
5082 	5083 	6614
6253
6252

5590
6257
6256

2829 	5069
4325 	4327
331
3523
159
4083
274
763 	6267
763 	6266
4924

4168 	4169
526 	2318 	4829 	5846 	6535 	7302

2750 	2752 	6274
2750 	2752 	6273
468 	499 	6276
468 	499 	3271 	6275 	7041 	7463

3098 	3099 	4391
4391

949 	1191 	3590 	5612 	6282
949 	6281
729 	5127 	6362
592
6286
6285
806 	1057 	2870 	7291

886 	1879 	2641 	4548
774 	2984
1018
5779 	6293 	6294
5779 	6292 	6294
5779 	6292 	6293
2766 	2941 	5843
213
3028
5992
103 	2827
514 	1599
491 	3442 	3918 	4203
974 	1879 	5035 	5737
1403 	5631 	5632 	6304 	7945
1403 	5631 	5632 	6303
1510 	1511 	1751
2809 	5634
160
3373
7255 	7256 	7257
2477 	2478 	7634
6312
6311
1515 	1615 	3596 	5464 	5922 	7137
3959
3436
853 	6317
853 	6211 	6316 	7545
6319
6318
260 	649
4437
3483

2688 	6325 	6326 	7607
2688 	6324 	6326 	7607
6324 	6325
7900
1549 	1550
1804 	2814 	6330 	6331
1804 	6329 	6331
1804 	6329 	6330
6078
871 	925 	938 	6334 	8335
925 	938 	6333
792
719 	1087 	5045
3507 	3508
6339 	6340 	6341
6338 	6340 	6341
3776 	6338 	6339 	6341
6338 	6339 	6340
6343
6342
111 	6345 	6346
111 	6344 	6346
111 	6344 	6345

4426
2124 	2125
1721
1077 	1078 	3627
2305 	3584
3907 	3908
997
501 	1179 	7035
613 	1003 	6656
2389
1215
362 	424 	558
2922
501
729 	1281 	5104 	6283
4278
974 	2773 	3903 	3904

1879
6368 	6369
6367 	6369
6367 	6368
883 	929 	955 	4027 	4122 	4200 	5826 	7761 	8252
1865 	1914 	4970 	6372
1865 	1914 	4970 	6371
251 	967
827 	836

4643 	6377 	6378
4643 	6376 	6378
4643 	6376 	6377
6380
6379
538 	540
524 	1443 	6383
280 	524 	1443 	3635 	4601 	6382
3842
489 	569 	2069 	7259
1796 	3306 	5103 	5385
3700
185 	2350
1508 	6390
1508 	6389
922 	1639 	6392
922 	1639 	6391


406 	1035
1804 	1805
759
386 	1370
430 	2115 	2222 	2395 	6211


57
2393 	7993
760 	2720
911 	1956
1254 	1641 	2555
6133
2019
382 	384 	6410
382 	384 	6409

856 	6413
856 	6412

1373
6417
6416
3342

2409 	4312
2817 	3342 	4081
3801 	3802
4068 	6240
86 	4612 	4613

4902 	4903
941 	6428
941 	3359 	3942 	6427
73
691 	3363 	3364
3949 	4400 	6432
3949 	4400 	6431
6434
446 	6433
3208 	6563 	7278



8107

3129 	4198
6443
6442
3051 	3584 	3585
6446
6445
602

876
6573
699
1588 	2601 	3039 	5050

2905
993 	1285 	1980 	1982 	3199
4344
1699
3037
2253 	6460
2253 	6459
6462
6461
6464
6463
52 	545 	546 	547
193
447 	1570 	1590 	6189 	6468 	6480 	7050
447 	1570 	1590 	6189 	6467 	6480 	7050
130 	840 	1803 	2047 	2048 	3612 	4388 	6526 	6661
714 	1819 	1822 	5214
3384
6473 	7102
6472

1328 	1744 	2023 	2936 	4117
1580 	1581 	2198 	2453 	4488
7262
276 	1391 	2791 	7214 	8207
4412
447 	1570 	1627 	2991 	3472 	5317 	6189 	6467 	6468 	7050
3842 	6482
3842 	6481
2888
6485 	6505
6484 	6505
103 	477 	478 	929 	1570 	2827 	3472 	6188 	6189
3456 	4595
168
2649 	5364
1255 	1257
6492 	6493
6491 	6493
1607 	5780 	6491 	6492 	6666
714 	827 	828 	7261
1756 	2323 	4788 	6745
1816 	8273

6499
6498
468
5816 	6502
6501
18
499 	501 	1570 	2645 	3379
6484 	6485
317 	1849 	2667

441 	6509
441 	6508
6511
6510
2382 	3548 	4875
1386 	4547
629 	1351
6516 	6517 	6518
6515 	6517 	6518
6515 	6516 	6518
6515 	6516 	6517
1355 	1356 	5170

276 	1968 	4832
1208
5290
814
840 	6526
840 	1803 	6469 	6525
440
3470 	5581 	6529
3470 	6528
2999
4734
682 	5228 	6533 	6534
6532 	6534
6532 	6533
529 	823 	2917 	4990 	4991 	5191 	6271 	7846
1387 	2606
140

6540 	6541 	6542
6539 	6541 	6542
6539 	6540 	6542
6539 	6540 	6541
473 	925 	947 	1336 	1411 	1940
113 	7344 	7938
897
1646
6548 	6549 	6550
6547 	6549 	6550
6547 	6548 	6550
6547 	6548 	6549
376 	707 	1963 	2678 	7217

1555

712 	1240
6125 	6136 	6137
895
4258
1342 	6560 	6561
1342 	6559 	6561 	6570 	8353
1342 	6559 	6560

4644 	5316 	6435 	6564 	6625 	6727 	7103 	7278 	7279
1853 	5672 	6563
911 	4406

357 	6568
183 	357 	601 	4745 	6567
7280
6560 	8353
2153
114 	116 	220 	4654 	6635 	6636
6450


3284
62
3578 	6079
1254 	4202 	4204
765 	1536 	2210 	5318
826 	897
1151 	1448
625 	6584 	6585
625 	6583 	6585
625 	6583 	6584
1206
900 	1059
836 	1641 	2555

907 	908 	6218
213 	2116 	6016

4117

2150
4301

5392 	6599 	7543 	7544
5392 	6598
1060 	8280
3076
235 	1694
1151
277
1131 	2139 	3013 	3795 	4689 	7074

1542

6610
6609

6613
6612
5082 	5083 	6251 	7735
707 	1891 	1963
6163
4117 	6618 	6619
4117 	6617 	6619
4117 	6617 	6618
6621
6620
5310

403 	867 	2853
5316 	6563
1298 	2459 	2993
949
156 	869
6630
6629
1322
4631
5185 	5644
1746 	4103
114 	116 	220 	4654 	6572 	6636
114 	116 	220 	4654 	6572 	6635
1635
4619
469 	2639 	6640
469 	2639 	6639
6642
6641
1981
1592
5159
815


5818
64 	1294 	6651
64 	1294 	6650
1832 	1833 	6653
1832 	6652

1082
613 	1003 	6356

1117 	1892 	2907
928
1510 	1511 	3095 	8187
130 	6469

584
2465
5525
1607 	5780 	5781 	6493 	7192 	7193
6668 	8300
1277 	1808 	6667 	8300
6670
6669
1690
100 	959 	1584 	1585
3331
2696 	2697 	6675 	6676
2696 	2697 	6674 	6676
2696 	2697 	6674 	6675
85 	358 	1843 	7940
6679
6678
4932 	7719
213 	5246
2267 	4362 	6683
2267 	4362 	6682
1404 	6685
1404 	6684
1397 	3748 	4716 	7001
1596 	5613 	6688 	6689
1596 	5613 	6687 	6689
1596 	5613 	6687 	6688
702 	2712
252 	1130
4087 	4688 	6693
3388 	4087 	4688 	6692
6695 	6696
6694 	6696
3269 	6694 	6695 	6721 	6722
5473 	6698 	6699
5473 	6697 	6699
5473 	6697 	6698
2409
4120
6703
6702
5215

4338
742 	1563 	6708 	6709 	7089 	7968
6707 	6709
6707 	6708

5882 	6712
5882 	6711

2430 	2431 	6101
5626
2255
289 	4792
6719
6718
4687 	5039
3269 	6696 	6722
3269 	6696 	6721
194 	1592 	6724
194 	1592 	6723
4554 	4555 	5934
712
5316 	6563
611 	4504
2429
1326 	2120

6733
6732


918 	1949 	3233 	4413
705 	1721 	5717
1885 	1886
4427 	4429 	6740 	8080
4427 	4429 	6739

907 	6218

3 	3428
1756 	5678 	6495 	6746
5678 	6745
6748
6747
1579
730 	3323 	6751
730 	2945 	3323 	6750
86 	100 	2853 	2854
716 	778 	1289 	2087

830 	1435
573 	3738 	4107
6758 	6759
6757 	6759
6757 	6758
5304
1020 	5422
2690 	5852 	7805 	7806
6764
6763
4025
6842 	6843 	6844 	6845
1796 	3306
3655

841 	1940 	4830 	7965 	7966
1443 	4077 	4787 	5299 	7159
360
6774
6773
287 	2156 	6776
287 	6775 	8217
2069 	4431 	4489
911
5626
6781
6780
4083 	8346
5028 	7385
1078 	1092 	3627 	5082 	8024
213 	679 	2837 	3490 	6786
213 	6785
526

6790 	6791 	6792 	6793 	6794 	6795 	6796 	6797 	6798 	6799 	6800 	6801 	6802 	6803 	6804 	6805 	6806 	6807 	6808 	6809 	6810 	6811 	6812
6789 	6791 	6792 	6793 	6794 	6795 	6796 	6797 	6798 	6799 	6800 	6801 	6802 	6803 	6804 	6805 	6806 	6807 	6808 	6809 	6810 	6811 	6812
6789 	6790 	6792 	6793 	6794 	6795 	6796 	6797 	6798 	6799 	6800 	6801 	6802 	6803 	6804 	6805 	6806 	6807 	6808 	6809 	6810 	6811 	6812
6789 	6790 	6791 	6793 	6794 	6795 	6796 	6797 	6798 	6799 	6800 	6801 	6802 	6803 	6804 	6805 	6806 	6807 	6808 	6809 	6810 	6811 	6812
6789 	6790 	6791 	6792 	6794 	6795 	6796 	6797 	6798 	6799 	6800 	6801 	6802 	6803 	6804 	6805 	6806 	6807 	6808 	6809 	6810 	6811 	6812
6789 	6790 	6791 	6792 	6793 	6795 	6796 	6797 	6798 	6799 	6800 	6801 	6802 	6803 	6804 	6805 	6806 	6807 	6808 	6809 	6810 	6811 	6812
6789 	6790 	6791 	6792 	6793 	6794 	6796 	6797 	6798 	6799 	6800 	6801 	6802 	6803 	6804 	6805 	6806 	6807 	6808 	6809 	6810 	6811 	6812
6789 	6790 	6791 	6792 	6793 	6794 	6795 	6797 	6798 	6799 	6800 	6801 	6802 	6803 	6804 	6805 	6806 	6807 	6808 	6809 	6810 	6811 	6812
6789 	6790 	6791 	6792 	6793 	6794 	6795 	6796 	6798 	6799 	6800 	6801 	6802 	6803 	6804 	6805 	6806 	6807 	6808 	6809 	6810 	6811 	6812
6789 	6790 	6791 	6792 	6793 	6794 	6795 	6796 	6797 	6799 	6800 	6801 	6802 	6803 	6804 	6805 	6806 	6807 	6808 	6809 	6810 	6811 	6812
6789 	6790 	6791 	6792 	6793 	6794 	6795 	6796 	6797 	6798 	6800 	6801 	6802 	6803 	6804 	6805 	6806 	6807 	6808 	6809 	6810 	6811 	6812
6789 	6790 	6791 	6792 	6793 	6794 	6795 	6796 	6797 	6798 	6799 	6801 	6802 	6803 	6804 	6805 	6806 	6807 	6808 	6809 	6810 	6811 	6812
6789 	6790 	6791 	6792 	6793 	6794 	6795 	6796 	6797 	6798 	6799 	6800 	6802 	6803 	6804 	6805 	6806 	6807 	6808 	6809 	6810 	6811 	6812
6789 	6790 	6791 	6792 	6793 	6794 	6795 	6796 	6797 	6798 	6799 	6800 	6801 	6803 	6804 	6805 	6806 	6807 	6808 	6809 	6810 	6811 	6812
6789 	6790 	6791 	6792 	6793 	6794 	6795 	6796 	6797 	6798 	6799 	6800 	6801 	6802 	6804 	6805 	6806 	6807 	6808 	6809 	6810 	6811 	6812
6789 	6790 	6791 	6792 	6793 	6794 	6795 	6796 	6797 	6798 	6799 	6800 	6801 	6802 	6803 	6805 	6806 	6807 	6808 	6809 	6810 	6811 	6812
6789 	6790 	6791 	6792 	6793 	6794 	6795 	6796 	6797 	6798 	6799 	6800 	6801 	6802 	6803 	6804 	6806 	6807 	6808 	6809 	6810 	6811 	6812
6789 	6790 	6791 	6792 	6793 	6794 	6795 	6796 	6797 	6798 	6799 	6800 	6801 	6802 	6803 	6804 	6805 	6807 	6808 	6809 	6810 	6811 	6812
6789 	6790 	6791 	6792 	6793 	6794 	6795 	6796 	6797 	6798 	6799 	6800 	6801 	6802 	6803 	6804 	6805 	6806 	6808 	6809 	6810 	6811 	6812
6789 	6790 	6791 	6792 	6793 	6794 	6795 	6796 	6797 	6798 	6799 	6800 	6801 	6802 	6803 	6804 	6805 	6806 	6807 	6809 	6810 	6811 	6812
6789 	6790 	6791 	6792 	6793 	6794 	6795 	6796 	6797 	6798 	6799 	6800 	6801 	6802 	6803 	6804 	6805 	6806 	6807 	6808 	6810 	6811 	6812
6789 	6790 	6791 	6792 	6793 	6794 	6795 	6796 	6797 	6798 	6799 	6800 	6801 	6802 	6803 	6804 	6805 	6806 	6807 	6808 	6809 	6811 	6812
6789 	6790 	6791 	6792 	6793 	6794 	6795 	6796 	6797 	6798 	6799 	6800 	6801 	6802 	6803 	6804 	6805 	6806 	6807 	6808 	6809 	6810 	6812
6789 	6790 	6791 	6792 	6793 	6794 	6795 	6796 	6797 	6798 	6799 	6800 	6801 	6802 	6803 	6804 	6805 	6806 	6807 	6808 	6809 	6810 	6811

2423

5582 	6063 	6817
5582 	6063 	6816
432 	2163 	2164 	4560 	4818
6820
6819


5421 	5422 	6824
5421 	5422 	6823
2793
153 	3276 	4812

6159
1347 	5268
2305 	3584 	6831 	6832
2305 	3584 	6830 	6832
2305 	3584 	6830 	6831
2745 	2746 	4118
450 	6835
450 	6834


6839
6838
4193

6766 	6843
6766 	6842
6766 	6845
6766 	6844
23 	575 	1793 	1794 	2048 	5436 	7215 	7600
2537 	6848
2537 	6847
3718 	3719
350 	1762
1076
1428
1607 	5780
6855 	6856 	6857
6854 	6856 	6857
6854 	6855 	6857
6854 	6855 	6856

419 	490 	1339
1341 	3042
2422
2273
559 	560
4245
1602 	5982 	6866
414 	1602 	2782 	5982 	6865
1480
1342 	4457 	6869
1342 	4457 	6868
436 	6871
436 	6870
2952 	5112
6874
6873
4157
1291 	2271 	5788 	5789
4287 	4495 	6879 	7926
3323 	5759
4287 	4495 	6877
5944


1090 	1460 	4884 	5867 	5907
570 	1309 	1466 	1547

170 	1458 	3416
1515 	5804 	7179
2346
1331 	5815
1179 	2271 	3427 	8234 	8235
1061 	1887
86 	100 	101 	2707 	3939
1203
920 	5382
8129 	8130
4134

445 	1255 	5900
2116 	6952
6901 	7629
1072 	4108 	4312 	5006 	6900 	7376 	7377 	7802 	7803

1531 	6904 	7630
1531 	6903

6907 	6908
6906 	6908
6906 	6907
6910
6909

1923

3324 	6915
3324 	6914
1368 	6917
1368 	6916
2897
1460 	4884 	5962
6921
6920
2096


489 	3888
1541 	6927
1541 	6926
4801 	5586
6930 	6931
6929 	6931
6929 	6930
493 	494
2356 	6934
2356 	6933
1853 	1920
541 	2864 	6937
6936

1090 	6940
6939
6942
6941
388 	5828
3319 	3320
1785 	2445
536 	1778 	4699
6948
6947
37 	861
6953 	6968

2116 	2291 	6899
6950 	6963 	6964 	6968

3776 	6200
6957
6956
2255
2369
1038 	1194
5161
1754
6953 	6964
6953 	6963
167 	1130 	7133
992 	1200 	2936

6950 	6953
2757
2757
621 	622 	624 	2959 	3423 	6182 	6183
1326 	2454
126 	2069 	7259
23 	611 	1793 	2048 	4504
3291 	5609 	5610
1932

1176 	6979 	6980
6978 	6980
1176 	6978 	6979
847 	5619 	5899 	5901
8192
6984 	7024 	7524 	7525 	7526
6983
1314
5813
2251 	4630 	4631 	4632 	6988 	8111
4630 	4631 	4632 	6987
4631 	4632
744 	777 	1258 	1811 	4622 	4623

5813 	6993
5813 	6992
6995
6994
4120
2910 	3212
177 	432
25 	26 	7000
25 	26 	6999 	7272 	7273
4716 	6686
1985 	7638

1677 	7155 	7156 	7157 	7946 	7947
4782
1137 	1688 	1824 	3719 	7729

34 	2067 	5810
1128 	1536 	5678
117 	1701

665
5560 	5561 	7014
5560 	5561 	7013

3756 	7017
3756 	7016
7019 	8093
7018
5714



6983
2584
5258 	5259
883
5741 	5742 	6084
495 	5034

3298 	7032
3298 	7031
1494 	3399 	5244

501 	6355
7037
7036
4959 	6210

5010
468 	3271 	3430 	6276 	7463
2123
7044 	7045
7043 	7045
7043 	7044
7047
7046
1609 	7049
1609 	7048
447 	509 	1570 	1590 	1826 	4799 	6189 	6467 	6468 	6480 	7974
329
5836
5993 	7054
5993 	7053
7056
7055
1234 	1235
3881
2448 	2449
2869 	7061
2869 	7060

2014 	2632
473 	1940 	3097 	4314 	4624
2111 	3572
7067
7066
3596 	5287
2723 	7070
2723 	7069
1685

337 	3879
2139 	3013 	3795 	6605
7076
7075
6240
1612 	4071 	6105
1940 	3931 	5083
3755 	3813
419 	1336 	1940

5666
1863 	1895 	5426 	6071
7086
7085

2419 	5446
742 	6707
7091
7090
1369
5086

1896 	5252 	8307

7098
7097
103 	996 	1257
1113 	7101 	7928
7100
6472
2232 	6563 	7104 	7105 	7107 	7116 	7258 	7596 	7597 	7598
7103 	7105 	8045
7103 	7104
1296 	4267
712 	4391 	7103 	7116
7109 	7110 	7111 	7112
7108 	7110 	7111 	7112
7108 	7109 	7111 	7112
7108 	7109 	7110 	7112
7108 	7109 	7110 	7111
490 	2056 	7114
490 	7113
3501
7103 	7107

3736 	4685
1103 	4785 	5805

7397
1630

1018 	1019
7126
7125

3750 	7129
809 	810 	874 	3750 	7128 	8132 	8133
752 	4609
4123 	4124
1408 	3772 	7873
6965
6068 	7135
6068 	7134
852 	4822
1125 	1515 	1889 	2158 	3721 	5328 	5464 	6313
164 	852 	1615 	3370 	3596 	7922
1213 	7140
1213 	7139
1201 	1202 	4038
2140 	2141 	7143
7142
662 	3331
1254 	1640 	2439 	4625 	4756 	5659 	7146
1640 	2439 	4625 	5659 	7145
403 	867 	7148
403 	867 	7147
7150
7149
1385
176 	6110
7154
7153 	8183 	8184
7004 	7156 	7157 	8212
7004 	7155 	7157
7004 	7155 	7156 	7946 	7947
1612 	1679 	5419
4077 	4787 	5299 	6771


1723
7164
7163
453 	455 	754 	755
5405
236
152
545 	546 	1753
118 	1378 	5179
2253 	6153

185
92 	763
3696 	3697

1294
293 	1784
6887
7541
1815
478
1294 	2183
21 	3048 	7185
21 	3048 	7184

3035 	6036
2763
7190
7189
622 	3423 	4339
6666 	7193
6666 	7192
2116 	2291
4917
787 	4827
2347

1612 	4351 	7200
1612 	4351 	7199
929 	2100 	5137 	5326 	6086 	7202 	7509
2100 	5137 	6086 	7201
938 	940 	3530


1247 	2528

1285 	5827 	8241
6248 	6249
52 	529 	545 	546 	1830 	4835 	5247 	5861 	7211
52 	529 	545 	546 	1830 	4835 	5247 	5861 	7210
533
2861 	4275
6478
5436 	6846
931 	1664 	1861
376 	1963 	6551
2835
7220
7219
2513 	5642
37

1052 	1053


7228
7227
1102 	3940 	4402 	7230 	7231 	7232 	7233
1102 	3940 	4402 	7229 	7231 	7232 	7233
1102 	3940 	4402 	7229 	7230 	7232 	7233
1102 	3940 	4402 	7229 	7230 	7231 	7233
1102 	3940 	4402 	7229 	7230 	7231 	7232
1541 	3160 	3595 	4320 	4321 	5967 	7720 	7721
7236
7235
2409 	4312 	4796
284 	1711 	3392
1703

1986 	6031
3155 	3156 	7243
3155 	3156 	7242

2836
2305
1584
4504
8247
1082
4985
1113 	1119 	1120 	3014 	4912 	6031
3613 	7254
3613 	7253
6309 	7256
6309 	7255 	7257
6309 	7256
7103
126 	569 	2069 	6385 	6973
5109 	7264 	7265
714 	828 	6494
480 	3003 	6477
1536 	2113 	2210
5109 	7260 	7265
5109 	7260 	7264
1609 	2601 	5298 	7789 	7819
94 	910 	4310
1547
147 	743 	7270
147 	743 	7269
317 	861 	1849
7000 	7273
7000 	7272

245 	922 	7276
245 	922 	7275
695 	2287 	3429
4644 	6435 	6563 	7279
6563 	7278
6569
704 	1720
529 	545
278 	1149 	1716
38 	2567 	7838
5249
5151
5853

2651 	3104 	3363
729 	5127
806 	1057 	2870 	6287
607 	972 	4298
1639 	2807 	5230
4718
7774 	7775
1240 	3770
1837 	6197
1601 	4535 	7618
3212
4108
2487
2318 	3358 	6271

7305
7304

2813 	5087

4624
2560
7312
7311
2139
7315
7314
1936
335 	1016
4312
3857 	3858 	4179 	4679 	7320 	7321
3857 	3858 	4179 	4679 	7319 	7321
3857 	3858 	4179 	4679 	7319 	7320
694 	1196
1128
700 	2855 	3822
2471
958 	2770
1077 	1078 	3627

4575
699 	7692

695 	2287 	3429
1020 	1021
7335
7334
945 	1731
2253 	7338
2253 	7337


2116
86 	671 	1888 	6041

6544
5836
655 	2452 	3888 	4157 	4322 	5223
114 	674 	5635
251 	1621
183 	2586
277
362 	472 	1777 	3003
1329 	1655
1733 	2844
1733
2109
1090 	1462 	3516
1237
2773 	7359 	7360
2773 	7358 	7360
2773 	7358 	7359
4350 	7362 	7408
4350 	7361
529 	545 	546 	4835 	7364
546 	7363
5879
1299
1076 	3728 	3841
1072

1541 	5797 	8072
38 	2567 	4126
787 	3126
39 	2956 	3057 	4151 	6035
121 	2126 	7375
121 	2126 	7374
6901 	7377
6901 	7376
7379 	7380
7378 	7380
7378 	7379
854 	7382
854 	7381
1936
275 	973
6783
6143
3097
1612 	1679
911 	4242

4547
309 	4991 	7393
309 	2791 	4991 	7392 	8081
302 	3673 	7395
302 	3673 	7394
3366
7121

1415
5401 	5403

2111 	4149 	4368

236 	3731
1519 	1523

5556
4350 	7361
4606
2150

165 	4517
1273
2180 	2181 	2757 	5964
1514 	2895 	4689 	8018
7417
7416
2094
1237
7917

3028


1392
931 	1664
1200
791
2822
4002 	4290
146
5151 	7433
5151 	7432
7435
475 	7434
7437
7436

133
2 	607 	8329 	8330
4224
130 	2048 	2427 	5762

158
1022

7448
7447
4872 	7450 	7451
4872 	7449 	7451
4872 	7449 	7450
5836 	7453
5836 	7452
630

1076 	3841 	3842 	5096

2543 	2853
3190

162 	1009
315 	739 	920
468 	6276 	7041
7465 	7466
7464 	7466
7464 	7465
7468
7467
911 	4314
94 	7471 	7472
94 	7470 	7472
94 	7470 	7471
260 	649 	7474 	7475
260 	649 	7473 	7475
260 	649 	7473 	7474
3331


7480
7479
2897
526 	2026 	5082 	8015 	8215 	8216
555
204 	1448 	7485
204 	1448 	7484

1693 	3471 	7488
1693 	3471 	7487
518 	996 	1411 	1454

335
7493 	7494 	7495
7492 	7494 	7495
7492 	7493 	7495
7492 	7493 	7494
5052 	7497
5052 	7496 	7736
6064
6027

1400 	5593


611 	2821 	5629 	5882

7507 	7508
7506 	7508
7506 	7507
929 	5326 	7201
7511
7510
1266

815 	3647 	7515
815 	3647 	7514
4605 	7994
233 	806 	2885
1643
4917


1440 	1441 	7523
1440 	1441 	7522
6983 	7525 	7526
6983 	7524 	7526
6983 	7524 	7525
7528
7527
1 	881
449 	451
992 	1200 	2936 	3892
177
1331 	1539 	5815
7535 	7536 	7537
7534 	7536 	7537
7534 	7535 	7537
7534 	7535 	7536
5993
1369
1574 	4969
7180
615 	762 	925 	4536
6598 	7544
6598 	7543
853 	6211 	6317
5390 	5391 	7547
5390 	5391 	7546


1928
2621
7553
7552
7555
7554
7557
4447 	7556 	7761
184 	192 	1800 	2190 	2194 	2452 	3213
815
518 	1454
7562
7561
3503 	3506 	7564
3503 	3506 	7563
897 	7566
897 	7565
1541 	2288
3215 	4019
4694 	7570
4694 	7569
4081 	5970
1959
1706 	2710
7575 	7848 	7849
7574 	7842 	7843 	7844 	7845 	7848 	7849 	7850
7577
7576
4702 	7579
4702 	7578
4753 	5388

410 	4462 	4463 	4464
5500 	7584
5500 	7583
5727 	5728 	7586
5727 	5728 	7585

1170
489 	5243 	5379
336 	7591
336 	7590
80 	506 	1735
441 	2274 	2882 	4599 	7984
1984
1592
7103 	7597 	7598
7103 	7596 	7598
7103 	7596 	7597
4699
23 	949 	1793 	1794 	6846 	8202


1293 	1304 	6208
6059
672
584 	812 	7610 	7611
2688 	6324 	6325
7609
7608
812 	7606 	7611
812 	7606 	7610
3064
363 	1170 	2069 	4263
406 	1898 	1969 	2379 	3033 	7707 	7708 	7709 	7780 	7781
729 	5104 	5439

843 	945 	1057 	7618
945 	1057 	1601 	1731 	4535 	7298 	7617

1574

3535 	7623 	7624 	7625 	7929 	8239
7622 	7624 	7625
7622 	7623 	7625
7622 	7623 	7624

2347
177 	432
6900
1531 	6903

1247 	1248 	4642
6223
2478 	6310
3828 	7636 	7637
3828 	7635 	7637
3828 	7635 	7636
1985 	7002
1940 	3931
291 	4095
3627

7644 	7645
7643 	7645
7643 	7644

8104
116
4332 	4793
517 	7651
517 	7650
7653
7652
1229
3611 	7656
3611 	7655
2111 	3572

933 	3244
2624 	2625
763
2049 	3828


2302
590 	591
591 	1332
3945
7670
7669
2702 	2858

3863
3145
1321
2621 	5520
5765
105 	3448 	5382
4608 	7680
4608 	7679

2429
1226 	2102
499
950
1423

7689
7688
448 	606 	607 	2937 	4298 	7691
606 	607 	972 	4264 	4298 	7690 	8158 	8257 	8258
699 	7330
2251 	2253

1408

80
806 	1140

2425 	2426 	2427
3828
2489
2819 	7704
2819 	7703
4856 	7706
4856 	7705
406 	1898 	7614 	7708 	7709
406 	1898 	7614 	7707 	7709
406 	1898 	7614 	7707 	7708
3250

86 	325 	5252
5485 	5486
886 	5573 	5630 	7715
886 	5573 	5630 	7714
1020 	2979 	6091 	7877
5374
6056
6680
1541 	7234 	7721
1541 	7234 	7720
3940
2090 	2409 	6212
3501 	4336 	5037
7726 	7727
7725 	7727
7725 	7726
229 	1246 	2502 	4385
1137 	1824 	7006
3644 	4794
5083
3015 	5290
290

5082 	5083 	6614
5052 	7497
1131
7739
7738
1317 	3968
3281

1425
341
1254 	3410 	4053 	4200 	4202
5936 	7747 	7748
5936 	7746 	7748
5936 	7746 	7747
1620
7751
7750
4584 	5059 	6082 	7753 	7754 	7755
4584 	5059 	6082 	7752 	7754 	7755
4584 	5059 	6020 	6082 	7752 	7753 	7755
4584 	5059 	6082 	7752 	7753 	7754
43 	974
2285
161
1858 	4517 	7760
1858 	4517 	7759
929 	4122 	4447 	6370 	7557 	8252
2819
1554 	1555
0
751
430 	2222 	5009 	5250
785
927 	1336 	3055
4245 	4687 	7770
4245 	4687 	7769
362
7773
7772
7295 	7775
7295 	7774
7777
7776


1898 	2379 	7614 	7781
1898 	2379 	7614 	7780 	8298 	8299
4038
4690 	5039 	6096

1697 	1885
213 	2116
1752 	2318
507
1609 	7266
306 	563

884 	942 	943
3590
1885
1224
7797
7796
4917 	7799
4917 	7798

111
6901 	7803
6901 	7802
3076 	4543
6762 	7806
6762 	7805
670 	2116
1981 	3629 	5570

91 	3871

4025 	5976
615 	1454 	1522
5105 	7815 	7816
5105 	7814 	7816
5105 	7814 	7815

4086
7266
1329
611
7823
7822
7825
7824
7827 	7828
7826 	7828
7826 	7827


550 	551
7833
7832

3672
163 	1212
1264 	2316 	3343
38 	7284
620 	3766

3255
7575 	7843 	7844 	7845
7575 	7842 	7844 	7845
7575 	7842 	7843 	7845
7575 	7842 	7843 	7844
529 	6535

7574 	7575 	7849 	7850
7574 	7575 	7848
7575 	7848


3028
3512
526
353
2141
2543 	2853 	2854
1443
2060

346 	347 	349 	5733
2799 	2800
4167

2835 	3439 	7897


3689 	4735
2814

3215 	4019
3772 	7132
3134 	3254


1020 	2979 	7716
1495

5163
4672 	4674 	7882 	7883
4672 	4674 	7881 	7883
4672 	4674 	7881 	7882
3905
4114 	4116
5236 	7887
5236 	7886
429 	5151
114 	2839
1366
1180 	1934 	6141 	7892 	7893
1180 	1934 	6141 	7891 	7893
1180 	1934 	6141 	7891 	7892


615 	762 	925 	8148
2835 	3439 	7866
3871
3225 	3339
6327
5467 	7902 	7903 	7950 	7951 	7952 	7953
7901 	7903
7901 	7902

283 	5491 	6146
3741

4484
5980
4449 	7911
4449 	7910
432
4081
7915
7914

7420
132
1723
2172 	2173

7138
178 	1291 	2271 	5789
714 	7925
714 	7924
6877

1113 	7100
3535 	7622 	7930 	7931 	8239
3535 	7929 	7931
3535 	7929 	7930



480 	1392 	3378 	3732 	6209

4134 	8174
6544
516 	4659 	6181
615 	1326 	1454 	1522 	6677
1805 	4547 	6034 	8341

7944
7943
1403 	5632 	6303
7004 	7157 	7947
7004 	7157 	7946
852

5467 	7901 	7951 	7952 	7953
5467 	7901 	7950 	7952 	7953
5467 	7901 	7950 	7951 	7953
5467 	7901 	7950 	7951 	7952

55 	115 	2768


2946
623 	3192

7962 	7963 	7964
7961 	7963 	7964
7961 	7962 	7964
7961 	7962 	7963
6770 	7966
6770 	7965
1407 	1423 	6150 	6151
742 	1563 	6707
2799 	2800
2799 	2800
2944
4698
243 	3961
509 	1590 	7050
7976 	7977
7975 	7977
7975 	7976

5710
4728 	4730 	7981
4728 	4730 	7980
912
1021
2882 	7593
2837 	3390
99

2584
3603 	6118
493 	494 	882 	3410 	4750
7992
7991
2393 	6403
7516
7996
7995
7998 	7999
7997 	7999
7997 	7998
119
745 	996 	5794 	8002
745 	996 	5794 	8001
6125

2032 	8006
2032 	8005
5259
2308 	4975 	8009
2308 	4975 	8008
3594 	8011
3594 	8010
5625
8014
8013
7482
3713 	8017
3713 	8016
1671 	2895 	7415
5846
5779
5596 	8022
5596 	8021
498 	5410
1092 	5082 	6784
2333 	3495 	4611 	5194
996 	1951 	8027 	8028
996 	1951 	8026 	8028
996 	1951 	8026 	8027
747
1007
4023 	4024 	4025
292
2770
2501
268 	1473
1891


167
846 	847
2951
8043
8042

7104
193
484


825 	8051
825 	8050

6035
2690 	5538
714
8057
8056
1735 	3781 	8059
1735 	3781 	8058
94 	1753 	1869


4660
1309 	1466 	1547 	3589
8066
8065
1277 	8068
1277 	8067
699
6153
1243
7370
1817 	3033 	6043
125
170 	1458
1803 	3612
376 	707 	1722 	2678
192 	912
592
4427 	4429 	6739
2791 	7393
911 	8083
911 	8082
1697 	8085
1697 	8084
8087 	8088
8086 	8088
8086 	8087
3938 	8090
3938 	8089
8092
8091
7018

6056
90 	2888


8100 	8101
8099 	8101
8099 	8100
3363 	5094 	5585

7647

2454
6439
2728
365
3525
2251 	6987
1727


1038 	1189

4052 	8118
4052 	8117
908
1577 	1816
329

1778 	4699 	4700

61 	1852
306
4504
4406 	5155
6895 	8130
6895 	8129
169
809 	810 	874 	929 	7129 	8133
809 	810 	874 	929 	7129 	8132
2024
1327
2667 	8137
2667 	8136
8139 	8140
8138 	8140 	8319
8138 	8139 	8319
8142 	8143 	8144 	8145
8141 	8143 	8144 	8145
8141 	8142 	8144 	8145
8141 	8142 	8143 	8145
8141 	8142 	8143 	8144
484 	1330 	3291 	5610
5401
615 	925 	7896
445 	3149
1884
3253

241 	8154
241 	8153
721
1467

607 	4264 	7691
2430 	2431 	6101
3048 	3291 	3878
8162
8161
5625
4478
1787 	8166
1787 	8165
1817 	8168
1817 	8167
2387
1092
713 	1208
1563
1932 	1933
7937
331
2600 	6035 	6036
4475

751



7154 	8184
7154 	8183
1373 	1374
3342
1511 	3095 	6660
8189 	8190
8188 	8190
8188 	8189

6982
112

1007
4498 	8197 	8198
4498 	8196 	8198
4498 	8196 	8197

160
973 	2632
949 	7600
8204 	8205 	8206 	8274 	8275
8203 	8205 	8206
8203 	8204 	8206
8203 	8204 	8205
276 	2911 	6478
2427


882 	4053
7155
2944
161 	5122
5082 	7482 	8216
5082 	7482 	8215
287 	6776
336 	569
2159
5782
3062 	4392 	5193
193
5454
2373
197 	1900

1850
866 	1147
2951

1929 	4083
1735
558 	3009
1179 	2271 	6890 	8235
1179 	2271 	6890 	8234
1170 	2068 	2070
524
4610
3535 	7622 	7929
5343
7208

1435
2799 	2800
2799 	2800
1243
7249
6065
8250
8249

929 	4122 	6370 	7761
369
3273
227 	768 	4622 	8256
227 	768 	4622 	8255
607 	4264 	7691 	8258
607 	4264 	7691 	8257
2387 	8260
2387 	8259

8263
8262
2318 	4829
1753 	3278
3160
5528
3265
336
886 	5630
1476 	3584 	8272
1476 	3584 	8271
6496
8203 	8275
8203 	8274

911
8279
8278
6600
8282
8281
8284
8283
1380
1180 	1934 	6141
3574

3803 	4685 	5218 	8290
3803 	4685 	5218 	8289
2318
4081 	5970
8294
8293
5229
1678

7781 	8299
7781 	8298
6667 	6668


3874 	8304
3874 	8303
550 	551
2400 	2401
5252 	7095
3946 	8309
3946 	8308
766 	953
4626 	5471
613
84 	8314
84 	8313

949
8318
8317
8139 	8140
8321
8320
817 	5401
393 	395 	2613
2799 	2800
2515
509
1695 	1697 	8328
1695 	1697 	8327
607 	7440 	8330
607 	7440 	8329
996 	4052
8333
8332
24
938 	6333

8338
8337
1764 	6065 	8340
1764 	6065 	8339
4547 	6034 	7941
8343
8342
236
66
4083 	6782
783 	8348
783 	8347

503 	5960
4314 	4624

6560 	6570
524

1660
1198 	5187
8359 	8360
8358 	8360
8358 	8359
