1
0 	616
3 	4 	5 	6
2 	4 	6 	25 	1250 	1265 	1271 	1298 	1299 	1300 	1312 	1407 	1469 	1529 	1532 	1536 	1539 	1547 	1612 	1932 	1933 	1934 	1935 	1936 	1937 	1938 	1939 	1940 	1941 	1942 	1943 	1944 	1946 	1947 	1949 	1950 	1951 	1952 	1953 	1954 	1955 	1956 	1957 	2581 	2837 	4040 	4044 	5736 	8334
2 	3 	5 	6 	5827
2 	4 	1273 	1292 	1293 	1294 	1784 	1942 	2712 	2715 	2718 	2719 	6235 	6236 	6238
2 	3 	4 	1268 	5736 	8334 	9144 	9851 	9944
8 	9
7 	4612
7 	1743 	4612
11 	12
10 	12 	337 	1282 	7351 	7352 	7557 	7558 	7559 	7560 	7561
10 	11 	7351 	7352
14 	15 	16 	17
13 	15 	17 	8708
13 	14 	16 	772 	8336 	8709 	9317
13 	15 	17 	772 	8336
13 	14 	16 	772 	6795 	8709
19
18 	696
21
20 	9878
23 	24 	25 	26 	27 	28 	29 	30 	31 	32 	33 	34 	35 	36 	37 	38
22 	24 	25 	26 	27 	28 	29 	30 	31 	32 	33 	34 	35 	36 	37 	38 	4526
22 	23 	25 	26 	27 	28 	29 	30 	31 	32 	33 	34 	35 	36 	38 	221 	228 	447 	664 	1274 	1717 	1756 	1757 	1777 	1837 	1840 	1842 	1843 	1844 	1846 	2209 	3176
3 	22 	23 	24 	26 	27 	29 	30 	31 	32 	33 	34 	35 	36 	37 	38 	337 	662 	1250 	1265 	1267 	1270 	1271 	1273 	1274 	1299 	1300 	1309 	1311 	1312 	1407 	1525 	1526 	1527 	1528 	1530 	1532 	1533 	1534 	1535 	1537 	1538 	1539 	1543 	1545 	1546 	1547 	1550 	1551 	1552 	1561 	1570 	1612 	1756 	1800 	1932 	1933 	1934 	1936 	1937 	1939 	1940 	1941 	1942 	1944 	1946 	1948 	1949 	1950 	1952 	1953 	1954 	1956 	1957 	2026 	2120 	2121 	2636 	2638 	2640 	2711 	2712 	2714 	2716 	2719 	2837 	2838 	3031 	3096 	3173 	3174 	3289 	3943 	3989 	4352 	4353 	4739 	4818 	5146 	5147 	5148 	5149 	5150 	5151 	5152 	5153 	5154 	5155 	5156
22 	23 	24 	25 	27 	28 	29 	30 	31 	33 	34 	35 	36 	37 	38 	447 	981 	1837 	1840 	1843 	2181 	2182
22 	23 	24 	25 	26 	29 	30 	31 	32 	33 	35 	36 	37 	38 	1274 	1746 	1754 	1756 	1767 	1771 	1773 	4812 	9606
22 	23 	24 	26 	29 	30 	31 	33 	34 	36 	37 	220 	221 	222 	223 	224 	225 	226 	227 	228 	664 	1274 	1717 	1839 	1846 	1847 	4526
22 	23 	24 	25 	26 	27 	28 	30 	31 	32 	33 	34 	35 	36 	37 	38 	224 	447 	1165 	1274 	1717 	1746 	1748 	1749 	1750 	1751 	1753 	1754 	1755 	1756 	1759 	1760 	1763 	1764 	1765 	1767 	1768 	1770 	1771 	1775 	1776 	1777 	1837 	1840 	1842 	1843 	1844 	2181 	2182 	2695 	3270 	7212 	9955
22 	23 	24 	25 	26 	27 	28 	29 	31 	32 	33 	34 	35 	36 	38 	221 	224 	226 	228 	249 	337 	446 	447 	476 	664 	841 	1033 	1115 	1116 	1165 	1263 	1264 	1267 	1269 	1274 	1276 	1281 	1284 	1714 	1715 	1717 	1746 	1748 	1749 	1750 	1751 	1752 	1753 	1754 	1755 	1756 	1757 	1758 	1759 	1760 	1761 	1763 	1764 	1765 	1767 	1770 	1771 	1775 	1776 	1777 	1836 	1837 	1840 	1841 	1842 	1843 	1844 	1846 	1848 	1850 	1851 	2181 	2209 	2481 	2694 	3176 	3594 	3795 	4822 	6301 	7191 	7562 	8775 	8779 	8985 	9391 	9838 	9989 	9990
22 	23 	24 	25 	26 	27 	28 	29 	30 	32 	33 	34 	35 	36 	37 	38 	220 	221 	222 	223 	224 	225 	227 	228 	702 	981 	1714 	1812 	1837 	1839 	1840 	1843 	2176 	2177 	2178 	2179 	2180 	2181 	2182
22 	23 	24 	25 	27 	29 	30 	31 	33 	35 	36 	37 	38
22 	23 	24 	25 	26 	27 	28 	29 	30 	31 	32 	34 	35 	37 	38 	221 	447 	664 	1274 	1756 	1777 	1837 	1842 	1843 	1844 	1848 	2181 	2182 	7323 	7324 	9472
22 	23 	24 	25 	26 	28 	29 	30 	31 	33 	36 	37 	38 	221 	224 	446 	447 	664 	1165 	1274 	1714 	1717 	1746 	1748 	1749 	1750 	1751 	1753 	1754 	1755 	1757 	1759 	1760 	1763 	1764 	1765 	1766 	1767 	1768 	1770 	1771 	1773 	1775 	1776 	1777 	1837 	1840 	1842 	1844 	1848 	2181 	2182 	2692 	2695 	7509 	8601
22 	23 	24 	25 	26 	27 	29 	30 	31 	32 	33 	36 	37 	38
22 	23 	24 	25 	26 	27 	28 	29 	30 	31 	32 	34 	35 	37 	38 	221 	447 	664 	981 	1837 	1843 	1848 	2181 	2182
22 	23 	25 	26 	27 	28 	29 	31 	32 	33 	34 	35 	36 	38 	221 	447 	664 	1274 	1715 	1717 	1756 	1757 	1767 	1777 	1837 	1840 	1842 	1843 	1844 	2181 	4822
22 	23 	24 	25 	26 	27 	29 	30 	31 	32 	33 	34 	35 	36 	37 	221 	224 	228 	404 	446 	447 	1116 	1165 	1274 	1714 	1717 	1746 	1748 	1749 	1750 	1751 	1753 	1754 	1755 	1756 	1757 	1758 	1759 	1760 	1763 	1764 	1765 	1766 	1767 	1768 	1770 	1771 	1773 	1775 	1776 	1777 	1835 	1837 	1840 	1842 	1843 	1844 	1848 	2181 	2182 	2692 	2694 	2695 	4526 	4822 	7509 	8601 	9809
40
39 	162 	181 	402 	639 	672 	854 	873 	919 	959 	1000 	1050 	1360 	2319 	2685 	3227 	3232 	3448 	3673 	4207 	4363 	5594 	5699 	5719 	5769 	5846 	5903 	6021 	6028 	6327 	6421 	6424 	6425 	6590 	6603 	6975 	7695 	7697 	7698 	8416 	8523 	8594 	8653 	8962 	9036 	9216 	9272 	9323 	9343 	9540 	10082 	10109 	10140 	10155 	10174 	10185 	10279 	10332 	10333 	10334 	10335
42 	43 	44 	45 	46 	47 	48 	49 	50 	51 	52
41 	44 	767 	793 	794 	795 	1419 	1421 	3930 	3931 	3933 	9239
41
41 	42
41 	46 	47 	48 	49 	52 	8025
41 	45 	47 	48 	49 	52
41 	45 	46 	48 	49
41 	45 	46 	47 	49 	52
41 	45 	46 	47 	48 	52
41
41 	307
41 	45 	46 	48 	49
54
53 	280
56 	57 	58 	59 	60 	61 	62
55 	58 	60 	62 	125 	126 	173 	390 	398 	400 	408 	451 	455 	467 	469 	474 	477 	481 	484 	485 	489 	491 	597 	620 	621 	623 	627 	628 	629 	631 	632 	634 	635 	636 	637 	735 	743 	777 	778 	781 	810 	811 	1033 	2135 	2136 	2139 	2703 	3227 	3346 	3971 	3973 	3974 	3975 	3976 	3977 	3978 	3980 	4203 	4207 	4549 	4550 	4554 	4668 	4670 	4673 	4679 	4830 	4924 	5670 	5821 	5825 	5994 	6257 	6394 	6637 	6746 	6858 	6867 	6907 	7990 	7991 	8114 	8300 	9125
55 	126 	198 	479 	777 	780 	831 	1058 	2034 	2036 	4772 	4773 	5016 	7010 	7737 	10647
55 	56 	60 	62 	123 	125 	173 	390 	398 	408 	451 	467 	470 	474 	477 	481 	483 	484 	485 	488 	489 	491 	510 	566 	597 	623 	624 	627 	628 	632 	634 	635 	636 	638 	719 	720 	723 	726 	743 	781 	810 	812 	817 	1033 	2135 	2136 	2138 	2139 	2213 	3516 	3518 	3973 	3975 	3976 	4203 	4207 	4208 	4550 	4679 	5059 	5292 	5559 	5670 	5700 	5749 	6393 	6394 	6746 	6858 	8114 	9480 	10075 	10668 	10677
55 	199 	200
55 	56 	58 	62 	398 	400 	451 	467 	470 	481 	483 	484 	510 	2066 	2135 	2138 	2139 	4550 	4679 	5433
55 	9315
55 	56 	58 	60 	173 	234 	309 	390 	400 	451 	455 	467 	470 	474 	476 	477 	483 	484 	485 	488 	489 	491 	510 	608 	611 	628 	631 	720 	760 	767 	1026 	1028 	1033 	1038 	1057 	2096 	2136 	2138 	2140 	2771 	3881 	3883 	4550 	4679 	4684 	5161 	5437 	5529 	5530 	5547 	5568 	5693 	5700 	5749 	5895 	6258 	6393 	6618 	6807 	8123 	8451 	8659 	8716 	8963 	8964 	8965 	8966 	8967 	8968 	8969 	8970
64 	65 	66
63 	1509 	4030 	9577
63
63
68 	69
67 	69 	371 	959
67 	68 	371
71 	72
70 	72
70 	71 	299 	300 	371
74 	75 	76
73 	342 	4447 	5697 	5904 	5905 	5906 	5907 	5908 	5909 	5910 	5911
73
73
78 	79 	80 	81 	82 	83
77 	80 	1144 	1153 	1159 	1160 	1667 	1726 	2687 	4282 	4283 	4284 	4285 	4287 	4289 	4663 	7297
77 	80 	83 	3454 	8648 	10090
77 	78 	79 	81 	82 	83 	5035
77 	80 	82 	5035
77 	80 	81 	83
77 	79 	80 	82
85 	86 	87
84
84 	87
84 	86 	6064
89
88 	569 	571 	575 	576 	579 	1217 	1228 	1230 	1235 	1615 	1688 	1706 	2636 	2641 	2642 	3522 	3607 	4794 	4796 	5030 	6091 	6092 	7878 	8687 	9509
91 	92 	93 	94 	95 	96
90 	92 	93 	94 	95 	96 	371 	1498 	1499
90 	91 	93 	94 	95 	96 	193 	371 	1498 	1499 	5544 	8111
90 	91 	92 	94 	95 	96
90 	91 	92 	93 	95 	96
90 	91 	92 	93 	94 	96
90 	91 	92 	93 	94 	95
98
97 	915 	4301
100 	101
99 	337 	1083 	1263 	1265 	1268 	1270 	1281 	1282 	1288 	1292 	1293 	1294 	1357 	1473 	1723 	1841 	1892 	2581 	2711 	2716 	2717 	2718 	2891 	2892 	2894 	2895 	2897 	2898 	3010 	3126 	3127 	3940 	4035 	4036 	4037 	4038 	4039 	4040 	4041 	4042 	4043 	4044 	4045 	4046 	4047
99
103 	104 	105 	106 	107 	108 	109 	110 	111 	112 	113 	114 	115 	116 	117 	118 	119 	120 	121 	122 	123
102 	104 	105 	106 	107 	108 	109 	110 	111 	112 	113 	114 	115 	116 	117 	118 	119 	120 	121 	122 	123
102 	103 	105 	107 	108 	109 	111 	112 	118 	119 	121 	122 	123 	724 	1121 	2788 	2789 	2790 	2791 	2792 	2793 	2794 	2795 	2796 	2797 	2798
102 	103 	104 	106 	107 	108 	109 	110 	111 	112 	113 	114 	115 	116 	117 	118 	119 	120 	121 	122 	123
102 	103 	105 	108 	109 	110 	111 	112 	113 	114 	115 	116 	117 	118 	119 	120 	121 	122 	123
102 	103 	104 	105 	108 	109 	111 	112 	118 	119 	121 	122 	123 	724 	2791 	2793 	2797 	2798 	4129 	4130
102 	103 	104 	105 	106 	107 	109 	110 	111 	112 	113 	114 	115 	116 	117 	118 	119 	120 	121 	122 	123 	4129
102 	103 	104 	105 	106 	107 	108 	110 	111 	112 	113 	115 	116 	117 	118 	119 	120 	121 	122 	123
102 	103 	105 	106 	108 	109 	111 	112 	113 	114 	115 	116 	117 	118 	120 	121 	122 	123 	839
102 	103 	104 	105 	106 	107 	108 	109 	110 	112 	113 	115 	116 	117 	118 	119 	120 	122 	123
102 	103 	104 	105 	106 	107 	108 	109 	110 	111 	114 	115 	116 	117 	118 	119 	120 	121 	122 	123
102 	103 	105 	106 	108 	109 	110 	111 	114 	115 	116 	117 	118 	120 	121 	122 	123 	4129
102 	103 	105 	106 	108 	110 	112 	113 	115 	116 	117 	118 	120 	121 	122 	123
102 	103 	105 	106 	108 	109 	110 	111 	112 	113 	114 	116 	117 	118 	120 	121 	122 	123
102 	103 	105 	106 	108 	109 	110 	111 	112 	113 	114 	115 	117 	118 	120 	121 	122 	123
102 	103 	105 	106 	108 	109 	110 	111 	112 	113 	114 	115 	116 	118 	120 	121 	122 	123
102 	103 	104 	105 	106 	107 	108 	109 	110 	111 	112 	113 	114 	115 	116 	117 	119 	120 	121 	122 	123
102 	103 	104 	105 	106 	107 	108 	109 	111 	112 	118 	121 	123 	724 	2791 	2793 	2797 	2798
102 	103 	105 	106 	108 	109 	110 	111 	112 	113 	114 	115 	116 	117 	118 	121 	122 	123
102 	103 	104 	105 	106 	107 	108 	109 	110 	112 	113 	114 	115 	116 	117 	118 	119 	120 	122 	123 	4129
102 	103 	104 	105 	106 	107 	108 	109 	110 	111 	112 	113 	114 	115 	116 	117 	118 	120 	121 	123
58 	102 	103 	104 	105 	106 	107 	108 	109 	110 	111 	112 	113 	114 	115 	116 	117 	118 	119 	120 	121 	122 	478 	487 	720 	724 	726 	3515 	3516 	5432 	5597 	5749 	5912 	6325 	6416 	6767 	8576 	9017 	9039 	9040 	9041
125 	126 	127 	128
56 	58 	124 	126 	127 	128 	396 	408 	470 	484 	620 	626 	628 	636 	777 	781 	3770 	3975 	3978 	3980 	4554 	4668 	4670 	5559 	6741 	7990
56 	57 	124 	125 	127 	128 	390 	468 	469 	475 	635 	735 	778 	779 	780 	781 	3978 	4668 	4670 	4772
124 	125 	126 	128
124 	125 	126 	127
130 	131 	132 	133 	134 	135 	136 	137
129 	131 	132 	1605 	2119 	2313 	2592 	3084 	6581 	7980 	8559 	10496 	10534 	10606
129 	130 	132 	136 	137 	1276 	1605 	1606 	3388 	3615 	3616 	3881 	4317 	4477 	5493 	6790
129 	130 	131 	134 	136 	1605 	1606 	3615 	3620 	3881 	4477
129 	135 	136 	5851
129 	132 	8510
129 	133
129 	131 	132 	133 	871 	8662
129 	131 	1604 	2980 	6050
139 	140 	141 	142 	143
138 	142
138 	141 	143 	3372
138 	140 	143 	10596
138 	139 	1252
138 	140 	141
145 	146 	147 	148 	149 	150 	151 	152 	153 	154 	155 	156
144
144
144
144 	5924 	5925 	8028 	9291 	9349 	9350
144 	151 	2078 	2079 	2080 	8132 	10123 	10124
144 	1337 	2088 	2408 	2423 	3049 	3607 	4290 	4291 	4292
144 	149 	2078 	2079 	2080 	4776 	4961 	7501 	8132 	8142 	9499 	10123 	10124
144
144
144 	241 	249 	252 	258 	379 	569 	577 	770 	950 	1017 	3586 	3606 	3618 	3797 	3800 	3815 	4173 	4716 	4874 	5166 	5211 	5258 	5322 	5691 	5840 	5970 	5971 	5972 	5973 	5974 	5975 	5976 	5977 	5978 	5979 	5980 	5981
144
144 	6043
158
157 	371 	2669 	2670 	8537
160
159 	436 	437 	438
162
40 	161
164 	165 	166 	167 	168 	169 	170 	171
163 	165 	166 	168 	169 	170 	171 	394 	396 	398 	479 	601 	1176 	2469 	2475 	5486 	5985 	6263 	6435 	6436
163 	164 	166 	167 	169 	170 	171 	392 	398 	2475 	5486 	5985 	6806 	10320 	10655 	10656
163 	164 	165 	167 	5486 	9131 	9132
163 	165 	166 	168 	169 	170 	171 	392 	6263 	6264 	6806 	6905 	6906
163 	164 	167
163 	164 	165 	167 	170 	3850 	5985 	7344
163 	164 	165 	167 	169 	171 	389 	390 	398 	722 	1027 	2468 	2469 	2470 	2471 	2472 	2473 	2474 	2475
163 	164 	165 	167 	170 	398 	5486 	5985 	6263 	6806 	6906
173
56 	58 	62 	172 	390 	467 	477 	481 	510 	2135 	2140 	5572 	6807 	10224
175
174 	503 	710 	2392 	2393 	2394 	2395
177 	178 	179 	180
176 	178
176 	177 	179 	4034 	5552
176 	178 	4348
176
40
183
182 	193 	2199 	6343
185
184 	6134
187 	188
186 	980
186
190
189 	800
192 	193
191
92 	183 	191 	236 	372 	540 	861 	863 	891 	922 	973 	1019 	1052 	1481 	2242 	2331 	2659 	2806 	3055 	3225 	3836 	3999 	4596 	4815 	4873 	5428 	5614 	5837 	5838 	5868 	5945 	6161 	6204 	6521 	6693 	6700 	6743 	6744 	6824 	6882 	6884 	6899 	6981 	7071 	7184 	7366 	7574 	7724 	7783 	7967 	8093 	8580 	8610 	8760 	8890 	8953 	9056 	9099 	9199 	9234 	9248 	9375 	9489 	9605 	9801 	10176 	10255 	10316 	10357 	10580 	10627 	10645 	10660
195 	196
194 	196 	8572
194 	195 	412 	8572
198
57 	197 	484 	504 	505 	506 	509 	510 	777 	780 	1330 	1652 	1653 	4465 	4673 	5016 	5572 	6713 	6714 	9251 	9252 	9253 	9254
59 	2034
59
202 	203 	204 	205 	206 	207 	208 	209 	210 	211 	212 	213 	214 	215 	216
201 	203 	204 	205 	206 	207 	208 	209 	210 	211 	212 	213 	214 	215 	216 	8915 	8916
201 	202 	204 	205 	206 	207 	208 	209 	210 	211 	212 	213 	214 	215 	216 	8916
201 	202 	203 	205 	206 	207 	208 	209 	210 	211 	212 	213 	214 	215 	216 	6527 	8006 	8915 	8916 	10584
201 	202 	203 	204 	206 	207 	208 	209 	210 	211 	212 	213 	214 	215 	216
201 	202 	203 	204 	205 	207 	208 	209 	210 	211 	212 	213 	214 	215 	216 	1051 	8915 	8916
201 	202 	203 	204 	205 	206 	208 	209 	210 	211 	212 	213 	214 	215 	216 	8915 	8916
201 	202 	203 	204 	205 	206 	207 	209 	210 	211 	212 	213 	214 	215 	216 	8006
201 	202 	203 	204 	205 	206 	207 	208 	210 	211 	212 	213 	214 	215 	216 	8006
201 	202 	203 	204 	205 	206 	207 	208 	209 	211 	212 	213 	214 	215 	216 	1051 	8915 	8916
201 	202 	203 	204 	205 	206 	207 	208 	209 	210 	212 	213 	214 	215 	216 	1051 	6282 	8006 	8089 	8915 	8916 	10584
201 	202 	203 	204 	205 	206 	207 	208 	209 	210 	211 	213 	214 	215 	216 	6282 	6925 	7444 	8006 	9283
201 	202 	203 	204 	205 	206 	207 	208 	209 	210 	211 	212 	214 	215 	216 	8916
201 	202 	203 	204 	205 	206 	207 	208 	209 	210 	211 	212 	213 	215 	216 	8915 	8916
201 	202 	203 	204 	205 	206 	207 	208 	209 	210 	211 	212 	213 	214 	216 	8006
201 	202 	203 	204 	205 	206 	207 	208 	209 	210 	211 	212 	213 	214 	215 	8915 	8916
218 	219
217 	2411 	3636 	6827 	8410 	9288 	9468 	9825 	9826 	9827
217 	2760 	3279 	3280 	3281 	3282 	3283
28 	31 	221 	222 	223 	224 	225 	226 	227 	228
24 	28 	30 	31 	33 	34 	36 	37 	38 	220 	222 	223 	224 	225 	226 	227 	228 	462 	664 	1274 	1714 	1716 	1837 	1839 	1846 	1847 	2182 	3199 	4517
28 	31 	220 	221 	223 	224 	225 	226 	227 	228 	1274 	1714 	1839 	1846 	1847
28 	31 	220 	221 	222 	224 	225 	226 	227 	228 	1839
28 	29 	30 	31 	34 	38 	220 	221 	222 	223 	225 	226 	227 	228 	447 	1165 	1274 	1714 	1717 	1746 	1747 	1748 	1749 	1750 	1751 	1752 	1753 	1754 	1755 	1756 	1757 	1759 	1760 	1761 	1762 	1763 	1764 	1765 	1766 	1767 	1769 	1770 	1771 	1773 	1774 	1775 	1776 	1777 	1778 	1839 	1846 	1847 	1848 	1849 	2163 	2164 	3843 	3844
28 	31 	220 	221 	222 	223 	224 	226 	227 	228 	664 	1839 	9018 	9019
28 	30 	220 	221 	222 	223 	224 	225 	227 	228 	664 	1274 	1839 	1846 	1847 	6291 	6404 	10006 	10148 	10215 	10615
28 	31 	220 	221 	222 	223 	224 	225 	226 	228 	664 	1274 	1839 	1846 	1847 	9018 	9019
24 	28 	30 	31 	38 	220 	221 	222 	223 	224 	225 	226 	227 	337 	447 	1165 	1274 	1746 	1753 	1754 	1758 	1765 	1774 	1777 	1786 	1800 	1834 	1835 	1838 	1839 	1846 	1847 	1851 	2479 	2480 	2481 	3461 	3594 	4321 	4660 	4913 	5212 	5213 	5871 	7162 	8128 	8370 	9166 	9169 	9170 	9171 	9172
230 	231 	232 	233 	234 	235
229 	232 	233 	235
229
229 	230 	233 	235
229 	230 	232
62 	229 	631 	720 	767 	1026 	1027 	1032 	1033 	1034 	1039 	1292 	5527 	5528 	5529 	5530 	5531
229 	230 	232 	1422
193
238 	239
237 	239 	2088 	4095 	4096 	4577 	6101 	8130 	8602 	9055 	10019
237 	238 	252 	258 	298 	315 	417 	2966 	3048 	3908 	4096 	5674 	6064 	8023 	8078 	8130 	8405 	8573 	8602 	9048 	9049 	9050 	9051 	9052 	9053 	9054 	9055
241
154 	240 	577 	2323 	3543 	3607 	3815 	4858
243 	244 	245
242
242 	245 	5377 	5495 	5743 	5744 	8098
242 	244 	5377 	5495
247
246 	3390 	4483 	6601 	8122
249 	250 	251 	252 	253 	254 	255 	256 	257 	258
30 	154 	248 	252 	337 	405 	458 	476 	529 	883 	884 	885 	887 	904 	950 	1033 	1095 	1263 	1264 	1267 	1269 	1274 	1276 	1281 	1282 	1284 	1286 	1836 	2506 	2609 	3002 	3049 	4946 	5233 	5691 	5855 	5856 	5857 	5971 	6053 	6064 	6516 	6566 	6575 	6594 	6871 	6974 	6998 	7341 	8245 	8541 	8607 	8608 	8609 	8768 	8838 	8943 	8998 	9011 	9054 	9114 	9147 	9347 	10133 	10134 	10135 	10136 	10137 	10138 	10139
248 	252 	254 	256 	1637 	4946
248 	256 	4946
154 	239 	248 	249 	250 	254 	337 	676 	680 	995 	1281 	1282 	1637 	2199 	2242 	3397 	3797 	4173 	4938 	5431 	5697 	5910 	5975 	6161 	6230 	6303 	7573 	7574 	7575 	7576 	7577 	7578 	7579 	7580
248 	2597
248 	250 	252 	256 	1075 	1634 	1636 	1637 	1639 	3397 	4277 	4278 	4279 	4280 	4329 	4504 	4946 	5741 	7588 	9015
248
248 	250 	251 	254 	1223 	1635 	2597 	4945 	4946 	8045
248
154 	239 	248 	315 	530 	901 	904 	949 	3014 	4178 	4435 	4611 	5232 	5233 	5731 	5976 	6095 	6097 	6524 	6839 	7171 	9339 	9452
260 	261 	262 	263 	264
259 	264 	2882 	5987 	5988 	5989 	7866 	9245 	9279 	9880
259
259
259
259 	260
266
265 	417
268 	269 	270 	271 	272 	273
267
267 	3838 	3839 	3840
267 	273 	10397
267
267 	4665 	5157
267 	270
275
274 	2816
277
276 	606 	608 	796 	1076 	1077 	1078 	1079 	1080 	2654 	9255 	9256 	9257 	9258 	9259
279
278 	6770
54 	281 	282 	283 	284 	285 	286 	287 	288 	289
280
280 	6502
280
280 	6756
280 	289
280 	6192
280 	6192
280
280 	285 	9294
291
290 	651 	655 	658 	8463
293
292 	1284
295
294 	1491 	1492 	1576 	1577 	1579 	1580 	1582 	1586 	1588 	1909 	1912 	2230 	3069 	3966
297
296 	5593 	5594
239
72 	300 	301
72 	299
299
303 	304 	305
302 	8122
302
302 	5445 	5446
307 	308
51 	306 	1065 	4348 	5812 	6982 	7217 	7825 	8157 	8158 	8159 	8160
306 	5812
62 	310 	311 	312 	313 	314 	315 	316 	317 	318 	319 	320 	321 	322 	323
309 	315 	320 	321 	915 	1570 	2313 	3499 	3500 	4301 	4867
309 	1619 	3375 	3380 	3381 	3382 	6110 	6893 	9628 	9629
309 	5731
309 	317 	322 	1025 	2313 	2591 	6278 	8787 	9217 	9834 	10102
309 	358 	628 	752 	755 	757 	762 	765 	772 	5217 	5218 	5219
239 	258 	309 	310 	320 	321 	915 	944 	1658 	3048 	3049 	3499 	3500 	3799 	6053 	6054
309 	1268 	9162
309 	313 	319 	760 	1229 	1570 	1894 	2059 	2234 	2284 	2416 	2428 	2591 	2593 	2596 	3015 	3018 	3020 	4135 	6278 	8069 	8355 	8787 	9834 	10395
309 	3375 	3380 	3381 	3382 	6893 	6894 	8788
309 	317 	321 	563 	866 	1229 	1307 	1560 	1562 	1570 	1800 	1909 	1913 	2127 	2134 	2170 	2230 	2232 	2233 	2234 	2425 	2438 	2439 	2594 	3013 	3014 	3015 	3016 	3017 	3018 	3019 	3020 	3021 	3022
309 	310 	315 	321 	3014 	3499 	3500 	6988 	6989 	6990 	6991 	6992
309 	310 	315 	319 	320 	1229 	1570 	2593 	3014 	3020 	3499 	3500 	4713 	6371 	6626 	6989 	6991 	6992 	7598 	7599
309 	313 	1663 	2591 	4751 	5085 	5429 	5456 	6107 	6108 	6109 	6110
309 	3024 	5602
325
324 	879 	7545
327
326 	6978 	6979 	6981 	7269
329
328 	6122 	9943
331 	332 	333
330 	332 	1185 	5393
330 	331
330
335 	336 	337 	338
334 	337 	338
334 	337 	338 	7852
11 	25 	30 	100 	228 	249 	252 	334 	335 	336 	338 	966 	1116 	1250 	1263 	1264 	1265 	1267 	1268 	1269 	1270 	1271 	1273 	1274 	1281 	1282 	1284 	1293 	1294 	1298 	1302 	1303 	1306 	1307 	1308 	1309 	1310 	1311 	1312 	1337 	1347 	1357 	1430 	1439 	1440 	1441 	1525 	1526 	1527 	1528 	1529 	1530 	1532 	1533 	1534 	1535 	1536 	1537 	1538 	1539 	1540 	1541 	1542 	1543 	1545 	1546 	1547 	1548 	1549 	1550 	1551 	1552 	1561 	1620 	1623 	1723 	1841 	1880 	1882 	1883 	1884 	1885 	1886 	1888 	1889 	1890 	1891 	1942 	1947 	2026 	2107 	2189 	2191 	2192 	2383 	2443 	2581 	2638 	2711 	2715 	2716 	2891 	2892 	2894 	2895 	2896 	2897 	2898 	2975 	2976 	3002 	3029 	3034 	3071 	3341 	3426 	3524 	3845 	3869 	3949 	3960 	3965 	4035 	4038 	4039 	4040 	4070 	4136 	4138 	4216 	4232 	4339 	4471 	4588 	4656 	4657 	4658 	4659 	4660 	4661 	4662 	5431 	6230 	7538 	7852 	8257 	8437 	8438 	8448 	9365 	9434 	9490 	9686 	9892 	9978 	10053 	10183 	10226 	10431 	10432 	10433 	10434 	10435
334 	335 	336 	337 	2052 	7852
340
339 	6030
342
74 	341
344 	345 	346
343
343
343 	368 	6034 	6035 	6037 	8849 	8850 	8851 	8852 	8853
348 	349 	350
347
347 	350 	3146 	5056 	5057
347 	349 	3146 	5056 	5057 	7159
352 	353 	354 	355 	356
351 	354 	355 	356 	1205 	1206
351 	355
351 	352 	355 	356 	841 	959 	1205 	1206 	8594 	9957 	10110
351 	352 	353 	354 	356
351 	352 	354 	355 	1205 	1206
358
314 	357 	607 	628 	696 	749 	754 	755 	756 	759 	761 	762 	767 	775 	5217 	5218 	5486 	6190 	8435
360 	361
359 	2414 	9739 	9859 	9860 	9861 	9862
359
363
362 	5767
365
364 	733 	1489 	4004 	4006 	4008 	6251 	6450 	6608 	9124
367 	368
366 	368
346 	366 	367 	6034 	6035 	6036 	6037 	8670 	8849 	8850 	8852 	8853 	9496 	9497 	9669 	10358 	10359 	10360
370 	371
369
68 	69 	72 	91 	92 	158 	369 	555 	1351 	1433 	1901 	2817 	2819 	3738 	3739 	4596 	4897 	5132 	5604 	5954 	6233 	6234 	6285 	6309 	6874 	7038 	7452 	8578 	8655 	8714 	8880 	9096 	9280 	9411 	9454 	9878 	10071 	10117 	10118 	10375 	10417 	10418
193
374
373 	3706 	3812 	8095
376 	377
375 	556 	557 	558 	559 	560 	561 	562 	563 	564 	565 	566
375 	9324
379 	380
154 	378 	380 	577 	7434 	9309
378 	379 	3607 	4176 	8872
382
381 	959
384
383 	1618 	1622 	1624 	7230 	7675
386 	387 	388
385 	387 	6588 	6589
385 	386 	959
385
170 	390 	391 	392 	393 	394 	395 	396 	397 	398 	399 	400
56 	58 	62 	126 	170 	173 	389 	391 	393 	396 	398 	399 	400 	465 	466 	467 	468 	469 	470 	471 	472 	473 	474 	475 	476 	477 	478 	479 	480 	481 	482 	483 	484 	485 	486 	487 	488 	489 	490 	491 	492
389 	390 	393 	394 	396 	399 	466 	1376 	1377 	1378 	1379
165 	167 	389 	5002 	6806 	8901
389 	390 	391 	399
164 	389 	391 	397 	5486
389
125 	164 	389 	390 	391 	399 	626 	5486
389 	394 	2475 	5486 	8831
56 	58 	60 	164 	165 	170 	171 	389 	390 	400 	466 	467 	488 	651 	722 	754 	780 	1423 	2135 	4550 	4772 	4773 	5895 	8451 	8865 	8866
389 	390 	391 	393 	396 	6987
56 	60 	62 	389 	390 	398 	467
402
40 	401 	6076 	6077
404
38 	403 	456 	5603 	9140 	9261 	10570
249
407 	408
406 	408 	10214
56 	58 	125 	406 	407 	467 	470 	483 	622 	623 	624 	627 	628 	630 	632 	634 	635 	636 	637 	638 	735 	743 	779 	781 	810 	811 	817 	823 	1033 	2213 	3210 	3211 	3212 	3213 	3219 	3220 	3221 	3227 	3228 	3229 	3230 	3973 	3975 	3976 	3978 	4203 	4207 	4554 	4667 	4827 	5556 	5559 	5560 	5561 	5821 	6746 	7990 	7991 	10214 	10336 	10516 	10607 	10614
410 	411 	412 	413 	414 	415 	416 	417 	418 	419 	420 	421 	422 	423 	424 	425 	426 	427 	428
409 	425 	896 	899 	900 	901 	1022
409 	425 	898 	1818 	3807 	3808 	3809 	6280 	6842 	6977 	7006 	7009 	8055 	8688
196 	409 	416 	418 	425 	901 	3811 	5143
409
409
409
409 	412 	418 	425 	1818 	3807 	3808 	3809 	3810 	3811
239 	266 	409 	425 	428 	788 	896 	897 	901 	2069 	2071 	2088 	2222 	2437 	2673 	3049 	4435 	5415 	5727 	6053 	6054 	6464 	6856 	7794 	7796 	10055 	10161 	10179
409 	412 	416 	425 	3811 	5181 	5595 	5596
409 	2430
409
409 	8650 	10249
409 	427 	2778 	5356 	5357
409 	428 	7280 	8107
409
409 	410 	411 	412 	416 	417 	418 	427 	896 	897 	899 	901 	1818 	3811 	6280 	6842 	6977 	9244
409 	4380
409 	422 	425 	524 	650 	689 	898 	1855 	2063 	2088 	2217 	2219 	2222 	2430 	2437 	2840 	3001 	3732 	3734 	4582 	6510 	7797 	8229 	8379 	8398 	8823 	8841 	9560 	9642 	10024 	10256
409 	417 	423 	901 	4010 	6288 	6381 	6382
430
429 	1445 	1458 	1463
432 	433
431 	1273 	1607 	1609 	1610 	1611 	2366 	2720 	4649 	5759 	5991 	8604 	8807 	9313 	9314 	10200
431 	4649 	5759 	5991 	8604 	8807 	9313 	9314
435
434 	4282 	4284 	4286 	4288 	5717 	6336 	7126
160 	6750 	8591
160 	5130
160 	6735 	6751 	6830 	7063 	8664 	9173 	10162
440 	441
439 	4560 	6715 	6716
439 	1486 	1602 	4560 	5138
443 	444 	445
442 	444 	445 	3699
442 	443 	3699
442 	443 	3699 	5830
30 	34 	38 	447 	448
24 	26 	29 	30 	33 	34 	36 	37 	38 	224 	228 	446 	664 	701 	702 	1117 	1165 	1274 	1714 	1716 	1717 	1746 	1747 	1748 	1749 	1750 	1751 	1752 	1753 	1754 	1755 	1756 	1758 	1760 	1763 	1764 	1765 	1767 	1768 	1770 	1771 	1774 	1775 	1776 	1777 	1837 	1840 	1842 	1843 	1844 	1848 	2164 	2181 	2182 	2480 	2695 	3594 	4518 	6953 	10486
446 	10003 	10602
450 	451 	452 	453 	454 	455
449 	4679
56 	58 	60 	62 	449 	452 	453 	455 	481 	485 	513 	2301 	2302 	2303 	4675 	4684 	5433 	5434 	5437 	5439 	5545 	5568 	5770 	5771 	5772 	5773 	6247 	6540 	6544 	8450 	9066 	9116 	10475
449 	451 	453 	454 	513 	2138 	2301 	2302 	2303 	5042 	5043 	5432 	5434 	5437 	5439 	5440 	5565 	5566 	5567 	5568 	5773 	6540 	6544 	6546 	6702 	7583 	9066 	10227 	10228
449 	451 	452 	455 	513 	2138 	2303 	4684 	5437 	5568 	6487 	6540 	6544
449 	452 	820 	821
56 	62 	449 	451 	453 	2138 	2301 	2302 	2303 	4675 	5432 	5433 	5434 	5435 	5436 	5437 	5438 	5439 	5440
404
458
249 	457 	527 	530 	3451 	8722
460
459 	2587 	2588 	2890
462
221 	461 	1714 	2204 	2205 	3198 	3199 	4449 	4450 	4451 	4452 	4453 	4517 	6887 	7016 	7758
464
463 	6524
390 	476 	1473 	3210 	3218 	3219 	3220 	3227 	3228
390 	391 	398 	478 	487 	722
56 	58 	60 	62 	173 	390 	398 	400 	408 	470 	474 	476 	477 	481 	483 	484 	485 	489 	510 	634 	810 	2136 	2138 	2139 	2140 	3975 	4550 	5560 	5749 	5885 	5895 	6258 	6807 	6858 	8450 	8451
126 	390 	469 	470 	479 	780 	1056 	1057 	1058
56 	126 	390 	468 	470 	778 	780 	3975 	3978 	4550 	4772 	4773 	5672 	9304 	9305
58 	60 	62 	125 	390 	408 	467 	468 	469 	481 	483 	626 	638 	1713 	2136 	2140 	4772 	5016 	6887 	6888
390
390 	2136
390 	490 	5581
56 	58 	62 	390 	467 	477 	484 	485 	2034 	2140 	4684 	8451
126 	390 	484 	779 	780 	2468 	3975 	4550 	4668 	5160 	6409 	7337
30 	62 	249 	390 	465 	467 	489 	628 	775 	1116 	1117 	1119 	1263 	1264 	1267 	1269 	1274 	1276 	1282 	1284 	1286 	1473 	1836 	2531 	3209 	3210 	3211 	3212 	3213 	3214 	3215 	3216 	3219 	3220 	3227 	4825 	4827 	5217 	5486 	5545 	5548 	5549 	5700 	5701 	5702 	5703 	5704
56 	58 	62 	173 	390 	467 	474 	481 	483 	485 	489 	796 	2135 	2136 	2138 	2139 	4203 	4549 	4550 	4679 	5749 	5825 	6807 	8451 	10080
123 	390 	466 	487 	718 	719 	720 	721 	722 	723 	724 	725 	726
57 	164 	390 	468 	4550 	4772 	4773
390
56 	58 	60 	173 	390 	451 	467 	470 	477 	483 	485 	489 	640 	713 	753 	778 	2095 	2136 	2138 	3530 	4550 	5557 	5749 	5990 	6246 	6807 	6858 	7955 	7956 	7958 	8716 	8717
390 	722
58 	60 	62 	390 	408 	467 	470 	477 	481 	484 	489 	628 	638 	2135 	2139 	4550 	4679 	4684 	6393 	6763 	6867
56 	58 	60 	62 	125 	198 	390 	467 	474 	475 	483 	488 	628 	811 	1057 	2135 	2136 	2139 	3975 	4208 	4550 	4679 	5749 	5895 	6807 	10186
56 	58 	62 	390 	451 	467 	474 	477 	481 	489 	2135 	2136 	2138 	2140 	4550 	6807 	8859 	8860
390 	7014
123 	390 	466 	478 	563 	722 	724 	2348 	3393 	4676 	5077 	7093
58 	62 	390 	398 	484 	489 	777 	780 	4550 	5016 	5481 	5749
56 	58 	62 	390 	467 	476 	477 	481 	483 	485 	488 	510 	798 	2136 	2139 	2140 	4550 	4679 	6972 	8114
390 	473 	492
56 	58 	62 	390 	4465
390 	490
494
493 	2849 	10248
496 	497 	498 	499
495
495 	520 	521 	522 	523 	524 	525 	526 	1268 	2500 	4339 	4340 	8898 	9388 	9389 	9390 	10525
495 	8756
495 	5510
501
500 	6815 	6831 	6832
503
175 	502 	710 	2394 	3607
198 	505 	506 	507 	508 	509 	510
198 	504 	509 	1653 	6712 	7103
198 	504 	509 	4376 	4465 	6712 	6713 	6714
504
504
198 	504 	505 	506 	510 	870 	4465 	4673 	5706 	6712 	6713 	6714 	9251 	10524
58 	60 	62 	173 	198 	467 	489 	504 	509 	2135 	3791 	5572 	5825 	6736
512 	513 	514 	515 	516 	517
511 	1575
451 	452 	453 	511 	2138 	2301 	2302 	2303 	5435 	5437 	5438 	5439 	5440 	5565 	5566 	5567 	5568 	6305 	6349 	6540 	6541 	6542 	6543 	6544 	6545 	6546 	6547 	6548
511
511 	516 	4715 	7266 	7267 	7268
511 	515 	530 	591 	1209 	1575 	2087 	2089 	2678 	4435 	6241 	6326
511 	1575
519
518 	7865
497 	521 	522 	523 	524 	525 	526
497 	520 	525 	7118
497 	520 	523 	524 	525 	526 	2152 	2842
497 	520 	522 	524 	525 	526 	1268 	1556 	1561 	1564 	1565 	1566 	1567 	1568 	1571 	1572 	1862 	2152 	2500 	2842 	3849 	4337 	4339 	4340 	4341 	7118 	7299 	7300 	8898 	9388 	9389 	9390 	10525
427 	497 	520 	522 	523 	525 	1551 	1556 	1560 	1561 	1564 	1565 	1567 	1568 	1571 	1572 	1854 	1855 	2152 	2840 	2842 	3001 	3732 	3735 	5500 	6106 	7118 	7279 	7992 	8086 	8238 	8239 	9453 	9555 	9556 	9557 	9558 	9559 	9560
497 	520 	521 	522 	523 	524 	5968 	8954
497 	520 	522 	523 	2152 	2841 	2842
458 	528 	529 	530
527 	530 	901 	2217 	5686 	5790 	7133
249 	527 	4128 	5811 	5976 	6053
258 	458 	516 	527 	528 	690 	692 	2008 	3048 	3451 	5232 	5233 	5234 	5235 	5238 	5674 	5682 	5684 	6054 	6065 	6095 	6640 	7170 	7498 	7500 	8651 	8896 	8897 	9810 	10666
532
531 	5444 	5529 	5885 	6894
534 	535 	536 	537 	538
533 	535 	536 	537 	538 	2199 	2200
533 	534 	536 	537 	538 	917 	2199 	2200 	8325 	8551 	9282 	10348 	10349
533 	534 	535 	537 	538
533 	534 	535 	536 	538
533 	534 	535 	536 	537
540 	541
193 	539
539
543 	544
542 	544 	2533 	3160 	5047 	5048 	5049 	5050 	5051 	5052 	5053 	5054
542 	543 	5048 	9226
546 	547 	548 	549
545 	547 	548 	549 	1807 	10163 	10539
545 	546 	8108 	9956 	10342
545 	546 	549 	708
545 	546 	548
551 	552 	553
550 	552 	553 	1825 	2037 	2038 	2040 	2041 	2042 	2043 	2044 	6112 	6113 	6114
550 	551 	553 	1825 	3597 	5931 	5932 	5935 	6112 	6113 	6114 	8642 	8643
550 	551 	552
555
371 	554 	841 	6971 	6981 	7241 	7242
376
376
376 	559 	560 	561 	562 	563 	566
376 	558 	560 	562 	566
376 	558 	559 	562 	563 	565 	566 	5852 	5853
376 	558 	563 	564
376 	558 	559 	560 	563 	566 	5852
319 	376 	487 	558 	560 	561 	562 	565 	566 	651 	652 	653 	656 	659 	1121 	1177 	1620 	1710 	1713 	1728 	1729 	1779 	1961 	2443 	2701 	2779 	3032 	3141 	3935 	4051 	4281 	4334 	4525 	4899 	4901 	5277 	5852 	5853 	5894 	5895 	6808 	7484 	7625 	8138 	8354 	8422 	9460 	9511 	9512 	9513 	9514 	9515 	9516 	9517
376 	561 	565
376 	560 	563 	564 	566
58 	376 	558 	559 	560 	562 	563 	565 	5852 	5853 	7469 	7470
568
567 	1006 	6093
89 	154 	570 	571 	572 	573 	574 	575 	576 	577 	578 	579
569 	573 	576 	578 	727 	3968 	5638 	6147 	8548 	8833
89 	569 	1217 	1225 	1226 	1227 	1228 	1229 	1231 	1232 	1233 	1234 	1235 	1686 	1688 	2641 	4568 	4792 	4793 	4794 	4795 	4796
569
569 	570 	574 	576 	578 	579 	4792 	5025 	6368 	8721
569 	573 	576 	578 	579 	4792
89 	569 	2642 	5992 	5993
89 	569 	570 	573 	574 	578 	579 	1228
154 	241 	379 	569 	917 	2323 	3025 	3543 	3606 	3607 	3815 	4173 	4174 	4178 	4716 	4873 	4874 	5198 	5258 	5840 	5973 	5974 	5979 	5981
569 	570 	573 	574 	576 	579 	5030 	5798
89 	569 	573 	574 	576 	578 	1228 	3759
581 	582 	583 	584 	585
580 	582 	584 	585
580 	581 	583 	5320 	10501
580 	582 	584 	585
580 	581 	583
580 	581 	583 	5320
587
586 	879 	4307 	5116 	5866 	6094 	6319 	6755 	7061 	7330 	7933 	8129 	8283 	8588 	8639 	8668 	8669 	8705 	8738 	8739 	8740 	8741 	8742 	8743 	8744 	8745 	8746 	8747 	8748 	8749 	8750 	8751 	8752 	8753 	8754 	8755
589
588 	5827
591
516 	590 	806 	1188 	1695 	1697 	2087 	2089 	2091 	4435 	5520 	7482 	8792 	9192
593 	594
592 	8992 	8993
592 	879 	5564 	6815 	6831 	10393
596 	597
595 	8766 	8767
56 	58 	595 	620 	621 	624 	635 	636 	743 	781 	811 	872 	992 	2703 	3971 	3972 	3973 	3974 	3975 	3976 	3977 	3978 	3979 	3980
599 	600
598 	600 	3192 	3193 	3194 	3195 	6026 	6027
598 	599 	3192 	3193 	3194 	3195 	6026 	6027 	6237
164 	602
601 	801
604 	605 	606 	607 	608 	609 	610 	611
603
603
277 	603 	607 	608 	609 	611 	1076 	1078 	1079 	1080 	9442
358 	603 	606 	609 	611 	696 	749 	750 	753 	759 	760 	762 	765 	766 	767 	768 	1414 	1415 	1416 	1417 	1418 	1419 	1420 	1421 	1422 	1423 	1424 	1425 	1426 	1427 	1428
62 	277 	603 	606 	609 	611 	1076 	1078 	1079 	1080 	1735 	9442 	10363
603 	606 	607 	608 	611
603
62 	603 	606 	607 	608 	609 	631 	767 	795 	1028 	1033 	1079 	2096 	5170 	5172 	5174 	5175 	5530
613 	614 	615
612
612
612 	2945 	9750
1 	7485 	7486 	7487 	7488
618 	619
617 	4904 	5502
617
56 	125 	597 	621 	622 	623 	624 	625 	626 	627 	628 	629 	630 	631 	632 	633 	634 	635 	636 	637 	638
56 	597 	620 	624 	636 	781 	1033 	4554 	6048 	8959
408 	620 	625 	634 	637 	1142 	1145 	1151 	1153 	1154 	1155 	1156 	1159 	1160 	1163 	1164 	1459 	3026 	3470 	3578 	3580 	5616 	5618 	5621 	7481
56 	58 	408 	620 	3973 	4207
58 	408 	597 	620 	621 	627 	631 	636 	637 	743 	1033 	3972 	4556 	4993 	5821 	9330
620 	622 	633 	636 	637 	743 	6552 	10275 	10276
125 	396 	470 	620 	628 	811 	993 	3978 	4670 	4673 	6189
56 	58 	408 	620 	624 	628 	632 	638 	743 	781 	3975 	4207 	5453 	6405 	6407 	6408 	6746 	8999 	9022
56 	58 	62 	125 	314 	358 	408 	476 	483 	484 	620 	626 	627 	629 	632 	634 	636 	720 	743 	749 	757 	762 	770 	772 	774 	775 	779 	2139 	3209 	3210 	3211 	3213 	3215 	3216 	3217 	3220 	3221 	3222 	3227 	3228 	3229 	3230 	3971 	4203 	4207 	6907 	8793 	8997
56 	620 	628 	636 	3978 	4668 	6907
408 	620 	6062 	6063
56 	62 	234 	611 	620 	624 	636 	638 	743 	767 	811 	1026 	1028 	2096 	3976 	3980 	4207 	4554 	5529 	6618 	6746 	7089
56 	58 	408 	620 	627 	628 	634 	636 	638 	810 	1033 	3975 	4207 	5554 	5556 	5557 	5560
620 	625 	636 	743
56 	58 	408 	467 	620 	622 	628 	632 	636 	637 	743 	781 	812 	817 	3975 	4203 	4554 	5554 	5555 	5556 	5557 	5558 	5559 	5560 	5561
56 	58 	126 	408 	597 	620 	638 	778 	881 	993 	3975 	4670 	6189 	8300
56 	58 	125 	408 	597 	620 	621 	624 	625 	628 	629 	631 	632 	633 	634 	637 	743 	778 	779 	781 	1033 	3973 	3975 	3976 	3978 	3980 	4203 	4207 	4554 	4668 	4669 	4670 	6746 	6907 	7893 	10091
56 	408 	620 	622 	624 	625 	634 	636 	638 	743 	781 	3470 	5615 	5616 	5617 	5618 	5619 	5620 	5621
58 	408 	470 	483 	620 	627 	631 	632 	635 	637 	743 	781 	1033 	1473 	1711 	3227 	4203 	4207 	4549 	4550 	4551 	4552 	4553 	4554 	4555 	4556
40
481
642
641 	841
644
643 	6880 	9119 	9120
646 	647 	648 	649
645
645 	1494 	2846 	4142
645 	1494 	4142
645 	1801 	1860 	3914 	4522 	5374 	5375 	5376 	5377 	5378 	5379 	5380 	5381 	5382 	5383 	5384 	5385 	5386 	5387 	5388 	5389
427
291 	398 	563 	652 	653 	654 	655 	656 	657 	658 	659
563 	651 	655 	656 	659 	831 	4372 	5079 	5486 	5894 	5895 	5896 	5897
563 	651 	656 	659
651 	659 	5852 	9515
291 	651 	652 	656 	658 	8463
563 	651 	652 	653 	655 	659 	5895 	5896 	6808
651
291 	651 	655 	5078 	7402 	7823 	7824 	8462 	8463
563 	651 	652 	653 	654 	656
661 	662
660
25 	660 	1267 	1270 	1273 	1949 	2714 	2716 	2719 	2893 	4739 	8631 	10047 	10048
664 	665 	666
24 	28 	30 	33 	34 	36 	37 	221 	225 	226 	227 	447 	663 	665 	701 	702 	981 	1837 	2182 	3201 	4450 	4451 	6953
663 	664 	666 	8482
663 	665 	8482
668
667 	918 	919 	2346 	4020 	4021 	4022 	4885 	4992 	5320 	6041 	6766 	8134 	8258 	8772 	9439 	10132 	10330 	10414 	10649 	10650
670
669 	2925 	3253
672 	673
40 	671 	673 	847 	10180 	10196 	10197 	10198
671 	672
675
674 	8961 	8962
252 	677 	678 	679 	680 	681 	682 	683 	684 	685 	686 	687
676 	680 	681 	6072 	6302 	7575 	9178
676
676
252 	676 	677 	681 	3854 	6072 	6303 	6378 	6379 	7575
676 	677 	680
676
676
676
676
676
676 	8526 	8527
689
427 	688 	2222
530 	691 	692
690
530 	690 	3048 	5232 	5238 	5682 	6952 	7170
694
693 	1661 	2453 	3547 	5178 	6654 	8209 	9351 	10203
696 	697
19 	358 	607 	695 	697 	749 	750 	753 	754 	756 	757 	758 	760 	762 	763 	765 	766 	767 	768 	771 	773 	775 	1423
695 	696
699
698 	911 	5388 	10062 	10063
701 	702
447 	664 	700 	702 	1716 	3200 	3201 	4449 	4518 	5460 	8727 	9404
31 	447 	664 	700 	701 	1714 	1717 	1812 	2176 	2177 	2178 	2179 	3198 	3199 	3200 	3201 	3202
704 	705 	706 	707
703 	705 	706 	707 	5802 	6073 	6074 	6242 	6243
703 	704 	8711
703 	704
703 	704
548 	5161
710
175 	503 	709 	2392 	2394 	5416 	5417 	10626
712 	713
711 	713
481 	711 	712 	753
715 	716 	717
714 	716 	717 	6684 	8912
714 	715 	717 	5869 	5870 	5965 	6682 	6683 	6684 	6685 	6686 	6687
714 	715 	716 	6683 	6686 	6687 	8912
478
58 	478 	725 	1960 	4675 	4679 	5884 	5885
58 	62 	123 	234 	478 	628 	726 	767 	1026 	1028 	2096 	4052 	4188 	5749 	6618 	7337 	7470 	7764 	8977 	8978 	8979 	8980
478
170 	398 	466 	478 	482 	487
58 	478 	1960 	4675 	4676
104 	107 	119 	123 	478 	487 	2791 	2793 	2797 	2798 	3515 	7343 	9997
478 	719
58 	123 	478 	720 	2348 	5469
570
729 	730
728 	730 	6665 	9240
728 	729
732 	733
731 	733
365 	731 	732 	1488 	1489
735 	736 	737
56 	126 	408 	734 	781 	810 	5560 	5655
734
734 	848 	7035 	9433
739 	740
738 	4126
738 	2644 	3147 	4125 	4126 	5948 	9799
742
741 	933 	1007 	8666 	9207 	9215
56 	58 	408 	597 	624 	625 	627 	628 	631 	633 	634 	636 	637 	638 	823 	1033 	3973 	3977 	4203 	4207 	4556 	5994 	6745 	6746 	6747
745
744 	4035
747 	748
746 	4305 	9607
746 	755 	5694 	7564 	7568
358 	607 	628 	696 	750 	751 	752 	753 	754 	755 	756 	757 	758 	759 	760 	761 	762 	763 	764 	765 	766 	767 	768 	769 	770 	771 	772 	773 	774 	775 	776
607 	696 	749 	751 	754 	756 	757 	758 	759 	763 	765 	766 	767 	768 	769 	773 	776 	1423 	5613 	8731
749 	750 	753 	754 	765 	767 	769 	775 	1423 	9730 	10238
314 	749 	765 	770 	774 	5218 	9721 	10377 	10653
481 	607 	696 	713 	749 	751 	754 	756 	757 	758 	761 	763 	765 	766 	767 	768 	769 	773 	776 	1079 	6229 	8531 	8532
358 	398 	696 	749 	750 	751 	753 	756 	758 	759 	760 	762 	763 	765 	766 	767 	768 	769 	771 	773 	774 	776 	6452 	6453
314 	358 	748 	749 	762 	772 	4304 	4305 	5218 	5289 	5694 	5695 	6190 	6863 	6864
358 	696 	749 	750 	753 	754 	757 	758 	759 	760 	762 	763 	765 	766 	767 	768 	771 	773 	775 	776 	1423
314 	628 	696 	749 	750 	753 	756 	758 	759 	763 	765 	766 	767 	770 	772 	773 	776 	5218 	5289 	9721
696 	749 	750 	753 	754 	756 	757 	759 	763 	765 	766 	767 	768 	769 	773 	776 	1423
358 	607 	749 	750 	754 	756 	757 	758 	760 	762 	763 	765 	767 	768 	771 	773 	775 	776 	1024 	5847 	6762
62 	317 	607 	696 	749 	754 	756 	759 	761 	767 	771 	775 	1200 	1229 	1309 	1346 	1348 	1419 	1469 	1556 	1560 	1562 	1563 	1567 	1570 	2099 	2123 	2124 	2125 	2126 	2127 	2128 	2131 	2132 	2134 	2343 	2412 	2416 	2417 	2426 	2427 	2428 	2429 	2431 	2432 	2439 	2441 	2444 	2590 	2593 	3020 	3024 	3027 	3173 	3261 	3523 	3630 	3777 	4148 	5486 	7176 	7624 	9566
358 	749 	753 	760 	762 	766 	767 	773 	776 	3110 	6081 	6190 	8652 	9721
314 	358 	607 	628 	696 	749 	754 	755 	756 	759 	761 	765 	767 	772 	775 	5217 	5218 	5289 	6190
696 	749 	750 	753 	754 	756 	757 	758 	759 	765 	767 	768 	773 	776
749
314 	607 	696 	749 	750 	751 	752 	753 	754 	756 	757 	758 	759 	762 	763 	766 	767 	768 	769 	772 	774 	775 	776 	5218
607 	696 	749 	750 	753 	754 	756 	757 	758 	761 	765 	767 	768 	769 	773 	776 	1785 	1909 	1913 	2230 	2233 	3316 	4626 	7752 	9610 	9832 	9972
42 	62 	234 	358 	607 	611 	631 	696 	720 	749 	750 	751 	753 	754 	756 	757 	758 	759 	760 	761 	762 	763 	765 	766 	768 	771 	773 	776 	793 	794 	795 	796 	1017 	1026 	1028 	1033 	1038 	1419 	1421 	1422 	2096 	2771 	3530 	3654 	4050 	4653 	5167 	5168 	5171 	5173 	5483 	5486 	5529 	6016 	6166 	6849 	8123 	8672 	8870 	10098
607 	696 	749 	750 	753 	754 	756 	758 	759 	763 	765 	766 	767 	771 	773 	776 	1024 	6760 	6762
749 	750 	751 	753 	754 	758 	765 	766 	774
154 	628 	749 	752 	757 	774 	2322 	4179 	8758
696 	749 	754 	756 	759 	760 	767 	768 	775 	4811 	8636 	8637 	8879
15 	16 	17 	314 	628 	749 	755 	757 	762 	765 	5217 	5218 	6190 	8336 	9303
696 	749 	750 	753 	754 	756 	757 	758 	759 	761 	763 	766 	767 	768 	776 	8652
628 	749 	752 	754 	765 	769 	770 	5218 	9721 	10376 	10377
358 	476 	628 	696 	749 	751 	756 	759 	760 	762 	765 	771 	1280 	3209 	3210 	3211 	3212 	3213 	3214 	3215 	3216 	3217 	3218 	3219 	3220 	3221 	3222 	3227 	3228 	3229 	3230 	8304
749 	750 	753 	754 	756 	757 	758 	759 	761 	763 	765 	766 	767 	768 	773 	1423 	1427 	2405 	2406 	7757 	8659 	9475
56 	57 	125 	198 	488 	778 	779 	780 	781 	782 	783
56 	126 	469 	481 	635 	636 	777 	781 	869 	1079 	2406 	2458 	2703 	3975 	3978 	4549 	4667 	4668 	4670 	4673 	5487 	6259 	6681 	7064 	7554 	7555 	7556
126 	408 	475 	628 	636 	777 	3975 	4549 	4670 	6907
57 	126 	198 	398 	468 	469 	475 	488 	777 	831 	4550 	4773 	6891
56 	58 	125 	126 	408 	597 	621 	627 	634 	636 	637 	638 	735 	777 	778 	782 	810 	3227 	3973 	3977 	3978 	4203 	4207 	4554 	4556 	4667 	4668 	4670 	4993 	5821 	6746 	7989 	7990 	7991
777 	781 	1151 	1176 	1177 	1250 	1303 	1314 	1337 	1339 	1453 	1473 	1788 	1797 	1801 	2270 	2354 	2357 	2363 	2365 	2528 	2531 	2532 	2538 	2540 	2541 	2544 	2545 	2550 	2553 	2556 	2582 	2753 	2754 	3227 	6216 	9415
777 	993 	4203 	5829 	6405 	6509 	8813 	8814 	8815
785 	786 	787
784 	786 	9904
784 	785 	879 	3385 	3386 	6878 	8923
784 	3386 	6797
417
790
789 	3670 	5248
792
791 	2624 	6918 	7701 	9214
42 	767 	794 	795 	796
42 	767 	793 	795 	796 	1017 	5167 	5171 	5173 	5483
42 	611 	767 	793 	794 	796 	1079 	1419 	5167 	5168 	5169 	5170 	5171 	5172 	5173 	5174 	5175
277 	477 	767 	793 	794 	795 	2139 	6645 	9064
798 	799
489 	797
797
190 	2199
602 	802 	803 	804 	805
801
801 	804 	926 	6951
801 	803 	926 	5629 	5630 	7647 	8041 	8337 	8587
801
591 	807
806
809
808 	2852 	5476 	5477
56 	58 	408 	467 	632 	735 	781 	811 	812 	813 	814 	815 	816 	817 	818 	819
56 	408 	484 	597 	626 	631 	810 	851 	852 	1033
58 	634 	810 	814 	815 	816 	818
810
810 	812
810 	812
810 	812 	818 	5555 	7528 	7679 	9735
58 	408 	634 	810
810 	812 	816 	2455 	5506 	7528 	7529 	7530
810 	4249
454
454
823
408 	743 	822 	6490 	8826 	10083
825
824 	959 	1006 	4276 	6172 	6779 	6780 	6781 	6782 	6783 	6784 	6785 	6786
827
826 	3701 	9231
829 	830 	831
828 	830 	5986
828 	829 	8956
57 	652 	780 	828 	1079 	1960 	5670 	6737 	8389 	10184
833 	834
832 	834 	7023
832 	833 	6914 	6916 	8689 	8690
836 	837 	838
835 	838 	2202 	2203 	2204 	2205
835
835 	836 	2202 	2203 	2204 	2205
110
841
30 	354 	555 	642 	840 	1445 	1801 	2017 	2196 	3359 	3684 	4071 	5532 	5742 	5833 	5954 	5964 	6013 	6056 	6059 	6233 	6234 	6672 	6720 	6880 	7002 	7017 	7076 	7381 	8832 	8911 	9008 	9031 	9032 	9355 	9411 	9412 	9413 	9414
843
842 	1268 	1292 	1293 	1294 	1784 	1902 	1903 	1904 	1905 	1906 	1907 	1908 	1942 	2715 	5736 	5827 	6235 	6236 	6237 	6238 	6320 	6724 	7572
845
844 	2234 	4757
847
672 	846 	6102 	6508 	6711 	8368 	8869 	9284 	9398 	9641 	10170 	10180 	10197 	10198 	10217 	10264 	10265 	10266
737
850
849 	4318 	8217
811 	852 	853
811 	851 	853
851 	852
40 	855 	856 	857
854
854
854
859
858 	4342
861 	862 	863
193 	860 	863 	945 	2961
860 	863 	10130 	10206 	10233
193 	860 	861 	862
865 	866
864 	10355
319 	864 	1307 	3017 	9802
868 	869
867 	869
778 	867 	868 	5487 	6259
509
136
597
40
875 	876 	877
874 	2138 	4684 	5437
874 	877
874 	876 	2138
879
325 	587 	594 	786 	878 	987 	1069 	1070 	1741 	2077 	2331 	2605 	2943 	3098 	3884 	4015 	4019 	4769 	4780 	5060 	5116 	5353 	5466 	5517 	5570 	5580 	5582 	5599 	5625 	5667 	5831 	5915 	6186 	6198 	6208 	6467 	6496 	6550 	6623 	6632 	6634 	6826 	6869 	6876 	6939 	7067 	7843 	8170 	8190 	8196 	8378 	8616 	8732 	8824 	8887 	8903 	8934 	9027 	9201 	9202 	9262 	9332 	9356 	9431 	9483 	9724 	9875 	9942 	10097 	10104 	10128 	10151 	10229 	10271 	10274 	10307 	10316 	10343 	10354 	10370 	10418 	10456 	10462 	10473 	10603 	10637 	10646 	10669 	10670 	10671 	10679
881 	882
635 	880 	4688
880
249 	884 	885 	886 	887
249 	883 	885 	887
249 	883 	884 	887 	6592 	6594 	8607 	8608 	8609 	9608
883 	1040
249 	883 	884 	885 	6592 	6594 	8609 	9608
889 	890
888 	890 	4383 	4386 	4387 	4388 	4389 	4390 	4427 	4429 	4430 	4431 	4432 	4436 	4441 	4446 	5647 	5648 	5649 	6219
888 	889 	930 	2088 	4382 	4383 	4384 	4386 	4387 	4388 	4389 	4390 	4392 	4427 	4428 	4429 	4430 	4431 	4432 	4433 	4434 	4435 	4436 	4437 	4438 	4439 	4440 	4441 	4442 	4443 	4444 	4445 	4446
193
893
892 	1114 	9081 	10241
895
894 	959
410 	417 	425 	897 	898 	899 	900 	901
417 	425 	896 	899 	901 	1022 	5415 	6429 	6774
411 	427 	896 	4400 	8400
410 	425 	896 	897 	900 	901 	1022
410 	896 	899 	901
258 	410 	412 	417 	425 	428 	528 	896 	897 	899 	900 	2437 	2588 	3811 	5471 	5473 	5474 	5596 	5775 	5776 	5777 	5778 	5779 	5780 	5781 	5782 	5783 	5784 	5785 	5786 	5787 	5788 	5789 	5790 	5791 	5792
903 	904 	905 	906 	907 	908
902 	905 	906 	908 	3493 	3494 	3562 	3765 	6250
249 	258 	902 	907 	944 	968 	3014 	3418 	5674 	5850 	6677 	6996 	6998 	8618 	8836 	9302 	10219
902 	903 	906 	908 	3492 	3493 	3494 	6794
902 	903 	905 	908 	3493 	3494 	5999
902 	904 	1045 	3379 	6282 	6528 	9075 	9283 	9572 	9573 	9574 	9623 	9725 	10141
902 	903 	905 	906 	999 	2911 	3493 	3494 	6143 	6153 	7169
910 	911
909
699 	909 	5388 	9824 	10062 	10063 	10225 	10657
913
912 	3014 	5814 	6191
915
98 	310 	315 	914 	5583 	5584 	5585 	5586 	5587
917
535 	577 	916 	1801 	3100 	3607 	3746 	3999 	4856 	4932 	7789 	8428 	8697 	9004 	9732 	10107 	10652
668 	919
40 	668 	918 	8134 	8772
921 	922 	923
920 	5827 	6724
193 	920
920
925 	926 	927 	928
924
803 	804 	924 	8337
924
924
930 	931 	932
890 	929
929 	944 	5592 	5730 	6870
929
742 	934 	935 	936 	937
933 	1007 	1818
933 	1007 	1008 	1010 	9063 	9215
933 	1007
933
939
938 	7669 	7708 	9211 	9212 	9213
941 	942 	943 	944
940 	942 	943
940 	941 	943
940 	941 	942
315 	904 	931 	940 	3014 	6278 	10183
861
947 	948
946
946 	6325 	6415 	6416 	6417 	6418 	8504 	8505 	8506 	8507 	8782 	10644
258 	950
154 	249 	949 	2918 	5972 	8975 	8976
952
951 	959 	6386
954 	955 	956 	957
953 	955 	956 	957 	1454
953 	954 	956 	957
953 	954 	955 	957
953 	954 	955 	956
959
40 	68 	354 	382 	387 	825 	895 	952 	958 	1042 	1048 	1059 	1105 	1172 	1206 	1337 	1406 	1445 	1450 	1509 	1518 	1648 	1801 	1920 	2102 	2188 	2270 	2540 	2546 	2849 	3151 	3191 	3345 	3585 	3664 	4022 	4458 	4463 	4485 	4640 	4703 	5293 	5610 	5692 	5769 	6039 	6162 	6273 	6374 	6384 	6397 	6400 	6638 	6661 	6666 	6667 	6854 	7073 	7151 	7155 	7370 	7381 	7536 	7699 	7791 	7930 	8153 	8215 	8281 	8311 	8318 	8487 	8488 	8592 	8622 	8628 	8692 	8733 	8805 	8819 	9020 	9021 	9069 	9311 	9348 	9500 	9591 	9718 	9769 	9785 	9865 	9924 	9948 	10025 	10069 	10112 	10165 	10240 	10304 	10439 	10471 	10531 	10549 	10557 	10558 	10559 	10560 	10561 	10562 	10563 	10564 	10565 	10566
961
960 	3691 	4538 	4539 	5867
963 	964 	965 	966 	967 	968
962 	967 	968
962 	965 	968 	1190 	1192 	1351 	1892 	1914 	2834 	3296 	3297
962 	964 	966 	968 	1185 	1192 	3296
337 	962 	965 	967 	968 	1185 	1186 	1187 	1190 	1192 	1250 	1309 	1311 	1525 	1526 	1528 	1530 	1533 	1534 	1535 	1536 	1537 	1538 	1539 	1541 	1543 	1545 	1546 	1547 	1548 	1549 	1553 	1914 	1919 	2026 	3296 	3297 	3570 	9369
962 	963 	966 	968 	1190
904 	962 	963 	964 	965 	966 	967 	1190
970
969 	2475
972
971 	5813
193 	974 	975 	976 	977 	978
973
973
973
973
973 	6045
980 	981
187 	979
26 	31 	36 	664 	979 	2181 	2182
983
982 	7576
985 	986
984 	7955
984 	6155
879 	988 	989 	990 	991
987 	6078 	6079 	8556
987
987
987
597 	993 	994
626 	635 	783 	992 	6189
992
252 	996 	997 	998
995 	6835
995 	998 	3800 	7507 	8638
995 	997 	3800
908
40 	1001
1000
1003 	1004
1002
1002 	5547 	5548 	5983 	6768 	6769 	9111 	9143
1006
568 	825 	1005 	7236 	7237 	7238 	7239
742 	934 	935 	936 	1008 	1009 	1010 	1011
935 	1007 	1009 	1010 	1011 	5606 	6749 	8360 	8362
1007 	1008 	6749
935 	1007 	1008 	1011
1007 	1008 	1010 	5606 	5607
1013 	1014 	1015 	1016 	1017
1012 	1014 	1015 	1016 	1017
1012 	1013 	1015 	1016 	1017 	3142 	4968 	4969 	4970 	4971 	4972 	4973 	4974 	4975 	4976
1012 	1013 	1014 	1016 	1017 	3142 	4969 	4972 	4974 	4976 	8538
1012 	1013 	1014 	1015 	1017 	3142 	4972 	4975 	4976
154 	767 	794 	1012 	1013 	1014 	1015 	1016 	3142 	3145 	4581 	4969 	4972 	4974 	4976
1019
193 	1018
1021
1020 	5865
410 	897 	899 	1613
1024
759 	768 	1023 	6760 	6762
313
62 	234 	631 	720 	767 	1027 	1028 	1029 	1030 	1031 	1032 	1033 	1034 	1035 	1036 	1037 	1038 	1039
170 	234 	1026 	1034 	1039 	2475 	3929 	3932 	3934 	3936 	4689 	5528 	5967 	10201
62 	611 	631 	720 	767 	1026 	1033 	1038 	1620 	2096 	5530 	5654 	6618 	8123
1026
1026
1026
234 	1026
30 	56 	58 	62 	234 	249 	408 	611 	621 	624 	632 	636 	638 	743 	767 	811 	1026 	1028 	1116 	1177 	1264 	1274 	1284 	1311 	1337 	1473 	1506 	1801 	1841 	2096 	2771 	3392 	3976 	3980 	4207 	4554 	4627 	5230 	5529 	6618 	6746 	7059 	7089 	8177
234 	1026 	1027 	1039 	3929 	3932 	3934 	3936 	4689 	5139 	6738
1026
1026
1026 	1039
62 	767 	1026 	1028 	1620 	2096 	2533 	5051 	5654 	8060
234 	1026 	1027 	1034 	1037 	1292 	1951 	2475 	3929 	3930 	3931 	3932 	3933 	3934 	3935 	3936
886
1042
959 	1041 	6511 	9012 	9277 	9278
1044 	1045 	1046
1043 	1045 	1046 	1801 	3437 	4938 	6528 	9759
907 	1043 	1044 	1046 	2199 	4360 	4761 	6156 	6765 	6986 	9312 	9760 	10125 	10630 	10654
1043 	1044 	1045 	10514
1048
959 	1047 	4643 	8719 	8720
1050
40 	1049 	6423 	6424 	6425 	6426 	6427
206 	210 	211
193 	1053 	1054 	1055
1052 	1055
1052
1052 	1053
468
62 	468 	484 	2202 	2203 	2204 	5670 	5672 	7356
57 	468 	4682 	4772 	4773 	5557 	5670 	5671 	5672
959 	1060 	1061
1059
1059
1063
1062 	1158 	1250 	1291 	1303 	1337 	1383 	1473 	1788 	1798 	1801 	2404 	2573 	2582 	3453 	7163 	7164
1065
307 	1064 	10498 	10667
1067 	1068
1066 	8994
1066 	4878
879 	1070
879 	1069
1072 	1073 	1074 	1075
1071
1071 	4351 	6043
1071
254 	1071 	1637 	1639 	4277 	4278 	4279 	4280 	6198 	7588
277 	606 	608 	1077 	1078 	1079 	1080
277 	1076 	1078 	1080
277 	606 	608 	1076 	1077 	1079 	1080
277 	606 	608 	611 	753 	778 	795 	831 	1076 	1078 	1080 	1201 	2406 	2683 	5170 	5172 	5174 	5175 	5481 	5483 	5485 	5487 	5535 	8780 	10322 	10323
277 	606 	608 	1076 	1077 	1078 	1079
1082 	1083 	1084 	1085 	1086 	1087
1081 	1084 	1086 	1087
100 	1081 	1086 	1281 	1357 	1473 	1723 	2711 	2716 	2892 	2894 	2897 	2898 	4038 	10372
1081 	1082 	1086
1081
1081 	1082 	1083 	1084 	1087 	7096 	7141 	7142 	7143 	7144
1081 	1082 	1086
1089 	1090 	1091
1088 	1090 	1091 	5845
1088 	1089 	1091 	5463 	10477
1088 	1089 	1090 	5956 	9195
1093
1092 	8900
1095
249 	1094 	1243 	1244 	1725 	2124 	2424 	2638 	2904 	2972 	3269 	3310 	3325 	3892 	3899 	4145 	4153 	4537 	5020 	6572 	6573 	6575 	7125 	7743 	7977 	8434 	9508 	9818 	10466 	10527 	10597
1097
1096 	2233 	8302
1099 	1100 	1101
1098 	1100 	1101 	4662 	5454
1098 	1099 	1101
1098 	1099 	1100 	4662 	5454
1103 	1104
1102 	5833 	5834 	5835
1102 	3684
959 	1106
1105
1108
1107 	3636
1110 	1111 	1112
1109 	1111 	1112
1109 	1110 	1112 	3967 	4378 	8205 	9849 	9850 	9966
1109 	1110 	1111
1114
893 	1113 	1382 	1591 	2689 	2690 	4101 	4497 	5140 	6438 	6439 	6440 	6441 	6442 	6443
30 	1116 	1117 	1118 	1119
30 	38 	337 	476 	1033 	1115 	1263 	1264 	1269 	1274 	1281 	1284 	1337 	1841 	2481
447 	476 	1115 	1263 	1267 	1269 	1430 	1753 	1841 	2479 	8370
1115
476 	1115 	1142 	1145 	1150 	1158 	1164 	1337 	1509 	2703 	3453 	4026 	4027 	4028 	4029 	4030 	4031
1121 	1122
104 	563 	1120 	2246 	3576 	3577 	4525 	4612 	8567 	10042
1120
1124 	1125 	1126 	1127 	1128
1123 	1125 	1126 	1127 	1128 	2790
1123 	1124 	1126
1123 	1124 	1125
1123 	1124
1123 	1124
1130 	1131 	1132 	1133 	1134
1129 	1134 	6791 	6792 	6793
1129 	1132
1129 	1131 	2800
1129 	4061
1129 	1130
1136 	1137 	1138 	1139
1135 	1137 	1138 	1139
1135 	1136 	1138 	1815 	1816 	1817 	1818 	1819 	3044 	6006 	6817 	6820 	6821 	6822 	9815
1135 	1136 	1137 	1139 	1815 	1816 	1817 	1818 	1819 	2207 	6817 	6820 	6822
1135 	1136 	1138 	1816 	1818 	2207 	6568 	6817 	6820 	6822
1141
1140 	1487
622 	1119 	1143 	1144 	1145 	1146 	1147 	1148 	1149 	1150 	1151 	1152 	1153 	1154 	1155 	1156 	1157 	1158 	1159 	1160 	1161 	1162 	1163 	1164 	1165 	1166
1142 	1144 	1152 	1156 	1158 	1159 	1160 	1161 	1162 	1164 	1625 	1626 	1627 	1628 	1629 	1630 	1631 	1632 	1633 	2340 	2483 	2484 	2485 	2736 	2737 	2739 	2740 	2741 	2742 	2743 	2744 	2745 	2746 	2747 	2748 	2749 	2750 	2751 	2752 	3578 	3580 	4282 	4285 	4406 	4407
78 	1142 	1143 	1145 	1151 	1152 	1153 	1155 	1156 	1157 	1158 	1159 	1160 	1161 	1162 	1164 	1625 	1626 	1627 	1628 	1629 	1630 	1631 	1632 	1633 	2340 	2483 	2484 	2485 	2736 	2737 	2738 	2739 	2741 	2742 	2744 	2745 	2746 	2747 	2748 	2749 	2750 	2751 	2752 	3578 	4285 	4288 	4406 	4407 	4923 	5346 	5617 	7413
622 	1119 	1142 	1144 	1151 	1152 	1153 	1154 	1155 	1156 	1157 	1159 	1160 	1161 	1162 	1163 	1164 	1509 	1799 	3578 	5346 	7325 	7326 	7327
1142 	7112
1142 	1509 	1803
1142
1142 	1150
1119 	1142 	1149 	1188 	1509 	1787 	1788 	1789 	1790 	1791 	1792 	1793 	1794 	1795 	1796 	1797 	1798 	1799 	1800 	1801 	1802 	1803 	1804 	1805
622 	782 	1142 	1144 	1145 	1152 	1154 	1155 	1156 	1158 	1159 	1160 	1161 	1162 	1163 	1164 	1250 	1291 	1303 	1445 	1446 	1448 	1450 	1451 	1452 	1453 	1456 	1457 	1798 	1801 	2404 	2573 	2582 	3580
1142 	1143 	1144 	1145 	1151 	1153 	1154 	1155 	1156 	1159 	1160 	1161 	1162 	1163 	1164 	5346
78 	622 	1142 	1144 	1145 	1152 	1154 	1155 	1156 	1157 	1159 	1160 	1162 	1163 	1164 	3578 	4282 	4283 	4284 	4285 	4287 	4289 	4366 	4663 	5346
622 	1142 	1145 	1151 	1152 	1153 	1155 	1156 	1157 	1159 	1160 	1161 	1162 	1163 	1509 	1711 	3578 	3579 	3580 	3581
622 	1142 	1144 	1145 	1151 	1152 	1153 	1154 	1159 	1160 	1161 	1162 	1163 	1164 	2110 	2111 	2112
622 	1142 	1143 	1144 	1145 	1151 	1152 	1153 	1154 	1159 	1161 	1162 	1163 	1343 	1459 	2653 	3580 	9402 	9772
1142 	1144 	1145 	1153 	1154 	1159 	1160 	1162 	1163 	1164 	1712 	5408 	9712
1063 	1119 	1142 	1143 	1144 	1151 	1159 	1160 	1162 	1164 	1250 	1473 	1524 	1554 	1555 	1788 	2089 	2316 	2355 	2404 	2558 	2559 	2560 	2561 	2562 	2563 	2564 	2565 	2566 	2567 	2568 	2569 	2570 	2571 	2572 	2573 	2574 	2575 	2576 	2577 	2578 	2579 	2580 	2581 	2582 	2583 	2584 	2585 	2586
78 	622 	1142 	1143 	1144 	1145 	1151 	1152 	1153 	1154 	1155 	1156 	1157 	1158 	1160 	1162 	1163 	1164 	1473 	1555 	2213 	2355 	2556 	2562 	2564 	2565 	2566 	2567 	2570 	2571 	2579 	2585 	3578 	4282 	4283 	4284 	4285 	4286 	4287 	4288 	4289 	5032 	5346
78 	622 	1142 	1143 	1144 	1145 	1151 	1152 	1153 	1154 	1155 	1157 	1158 	1159 	1162 	1163 	1164 	3578 	4282 	4283 	4284 	4285 	4287 	4289 	4663 	7327
1142 	1143 	1144 	1145 	1151 	1152 	1154 	1155 	1156 	1162 	1163 	3580 	4282 	4288
1142 	1143 	1144 	1145 	1151 	1152 	1153 	1154 	1155 	1156 	1157 	1158 	1159 	1160 	1161 	1164 	3580
622 	1142 	1145 	1151 	1152 	1153 	1154 	1155 	1156 	1157 	1159 	1160 	1161 	3580
622 	1119 	1142 	1143 	1144 	1145 	1151 	1152 	1153 	1155 	1157 	1158 	1159 	1160 	1162 	2094 	2546 	3164 	3578 	3580
29 	30 	34 	38 	224 	228 	447 	1142 	1274 	1717 	1746 	1747 	1748 	1749 	1750 	1751 	1752 	1753 	1754 	1755 	1756 	1757 	1759 	1760 	1761 	1762 	1763 	1764 	1765 	1766 	1767 	1768 	1769 	1770 	1771 	1773 	1774 	1775 	1777 	1778 	1838 	1848 	1849 	1851 	3416 	6340 	7196 	7354 	7355
1142 	7544
1168
1167 	1250 	1310 	1311 	1384 	1386 	1387 	1388 	1389 	1390 	1391 	1392 	1393 	1394 	1395 	1396 	1397 	1398 	1399 	1400 	1401 	1402 	1403 	1404 	1405 	1407 	1408 	1409 	1410 	1411 	1412 	1413 	1467 	1506 	1508 	1511 	1522 	2575 	3168 	3346 	3865 	4002 	5264 	5265 	5347 	7652 	8472 	8508 	8509 	9479 	9531 	9658 	10017 	10464 	10581
1170
1169 	2024 	2025 	2436 	3474 	5952 	6529 	7888 	8038 	8425 	8521 	8996 	9115 	9418 	9706 	9707
1172
959 	1171
1174 	1175 	1176 	1177 	1178 	1179
1173 	1175 	1176 	1177 	1820 	10605
1173 	1174 	1176 	1177
164 	782 	1173 	1174 	1175 	1177 	1178 	1179 	1314 	1339 	1453 	1713 	1797 	1820 	2270 	2348 	2357 	2360 	2528 	2529 	2530 	2531 	2532 	2533 	2534 	2535 	2536 	2537 	2538 	2539 	2540 	2541 	2542 	2543 	2544 	2545 	2546 	2547 	2548 	2549 	2550 	2551 	2552 	2553 	2554 	2555 	2556
563 	782 	1033 	1173 	1174 	1175 	1176 	1178 	1296 	1314 	1339 	1453 	1733 	1739 	1797 	1801 	2270 	2528 	2531 	2532 	2533 	2540 	2541 	2542 	2544 	2545 	2550 	2553 	2556 	2753 	2754 	4379 	4396 	4862 	5318 	7146
1173 	1176 	1177 	1179
1173 	1176 	1178
1181 	1182 	1183 	1184
1180 	2808
1180 	1184 	4947
1180
1180 	1182 	4947
331 	965 	966 	1186 	1187 	1188 	1189 	1190 	1191 	1192 	1193
966 	1185 	1188 	1190 	1192 	1914 	1919 	3296 	3569 	3570
966 	1185 	1190 	1192
591 	1150 	1185 	1186 	1190 	1793 	1798 	1799 	1919 	2270 	3296 	3570 	4494 	4558 	5708
1185
964 	966 	967 	968 	1185 	1186 	1187 	1188 	1192 	1914 	1919 	3570
1185 	7835 	8496 	9876 	9998
964 	965 	966 	1185 	1186 	1187 	1190 	1914 	1919 	2097 	3297 	3570 	5128 	7645 	9369
1185
1195 	1196
1194 	1268 	4425 	6115 	6116 	6117 	6118 	6119 	6120 	6121 	6122 	6123 	6124 	6125
1194
1198
1197 	2942 	5003
1200
760 	1199 	1209 	1217 	1229 	1307 	1309 	1346 	1347 	1348 	1469 	1505 	1560 	1562 	1563 	1567 	1570 	1620 	1800 	1858 	2059 	2099 	2123 	2124 	2125 	2126 	2127 	2128 	2129 	2131 	2132 	2134 	2167 	2171 	2232 	2343 	2412 	2413 	2414 	2415 	2416 	2417 	2418 	2419 	2420 	2421 	2422 	2423 	2424 	2425 	2426 	2427 	2428 	2429 	2430 	2431 	2432 	2433 	2434 	2435 	2436 	2437 	2438 	2439 	2440 	2441 	2442 	2443 	2444
1079 	1202 	1203 	1204
1201 	1203 	1780 	2103 	2398 	2399 	2400 	9903 	10535
1201 	1202 	2398 	2399 	2400 	8074
1201
352 	354 	356 	1206
352 	354 	356 	959 	1205
1208 	1209 	1210
1207 	1209 	1210 	5247 	7873
516 	1200 	1207 	1208 	1210 	1308 	1859 	1888 	2104 	2234 	2426 	2773 	3293 	3636 	5247 	7094 	7760 	7870 	7871 	7872 	7873 	7874 	7875
1207 	1208 	1209 	1859 	2068 	2134 	2292 	7728 	7760 	7873 	7874
1212 	1213 	1214 	1215 	1216 	1217
1211 	1213 	1214 	1215 	1216 	1217 	1250 	1265 	1407 	1529 	1532 	1534 	1536 	1539 	1935 	1937 	1938 	1941 	1946 	1947 	1950 	1954 	1955 	2640 	2835 	2836 	4793 	7918 	8439 	9370
1211 	1212 	1214 	1215 	1216 	1217 	1689 	3060 	3061 	3062 	3063 	3064
1211 	1212 	1213 	1215 	1216 	1217
1211 	1212 	1213 	1214 	1216 	1217 	1689 	3060 	3061 	3062 	3064 	3510 	3511 	5322 	5323 	5324
1211 	1212 	1213 	1214 	1215 	1217
89 	571 	1200 	1211 	1212 	1213 	1214 	1215 	1216 	1225 	1227 	1228 	1229 	1231 	1232 	1233 	1234 	1235 	1567 	1614 	1615 	1686 	1687 	1688 	1689 	1705 	1706 	2108 	2127 	2134 	2432 	2636 	2851 	3173 	3233 	3258 	4568
1219
1218 	2228 	2334 	4126 	4938 	4939 	6908 	8164 	9129 	9130 	9200 	10485
1221
1220 	1665 	1669 	10029 	10030 	10054
1223 	1224
256 	1222 	1224 	7624 	8309
1222 	1223
571 	1217 	1226 	1227 	1228 	1229 	1230 	1231 	1232 	1233 	1234 	1235
571 	1225 	1227 	1229 	1231 	1232 	1234 	1688 	2930 	2931 	5715 	5716 	6014 	8030
571 	1217 	1225 	1226 	1229 	1231 	1233 	1234 	1686 	1688 	2931
89 	571 	576 	579 	1217 	1225 	1231 	1233 	1235 	1615 	1686 	1688 	1742 	2641 	4796
317 	319 	321 	571 	760 	1200 	1217 	1225 	1226 	1227 	1231 	1232 	1234 	1235 	1556 	1557 	1560 	1562 	1563 	1566 	1567 	1570 	1615 	1687 	1688 	1689 	1705 	1706 	1742 	1954 	2127 	2134 	2165 	2206 	2232 	2234 	2416 	2428 	2432 	2438 	2441 	2591 	2592 	2596 	2599 	2773 	3015 	3020 	3173 	3258 	3259 	3260 	3261 	3262 	3263 	3264 	3265 	3266 	3267 	3268
89 	1225 	1231 	1234 	2636 	9395
571 	1217 	1225 	1226 	1227 	1228 	1229 	1230 	1233 	1234 	1235 	1688 	1954 	2636 	2637
571 	1217 	1225 	1226 	1229 	1233 	1235 	1688
571 	1217 	1225 	1227 	1228 	1231 	1232 	1686 	1922 	2931 	3765 	9385 	10517
571 	1217 	1225 	1226 	1227 	1229 	1230 	1231 	1686 	1688 	1989 	4324 	4325 	4326
89 	571 	1217 	1225 	1228 	1229 	1231 	1232 	1615 	1686 	1688 	1689 	1742
1237 	1238 	1239 	1240 	1241
1236 	1239
1236 	1239 	3602 	7636 	9533 	9534 	9535
1236 	1237 	1238 	1240 	1241 	1310 	1867 	1895 	2184 	2187 	2801 	2802 	2926 	2927 	2928 	3367 	3424 	3601 	3602 	3603 	4488 	4650 	4861 	4902 	7318 	7629 	7636 	7922 	8135 	8384 	8385 	9527 	9533 	9534 	9535 	9645 	9660 	9771 	9967 	10018 	10493 	10507 	10508 	10509 	10510
1236 	1239
1236 	1239 	1310 	2187 	2201 	2801 	4902 	8135 	9527 	9645 	9660 	9967 	10018 	10446 	10493
1243
1095 	1242 	1247 	1347 	1365 	2048 	2129 	2209 	3206 	3496 	3705 	3899 	4146 	4537 	4855 	5020 	5082 	5192 	5193 	6009 	7353 	7885 	8459 	9033 	9034 	9812 	9877
1095 	1245
1244 	3325 	4145 	4153
1247 	1248 	1249 	1250 	1251 	1252 	1253 	1254
1243 	1246 	1248
1246 	1247 	1251 	8543 	10528
1246 	1252 	1643 	4074 	8031 	8032
3 	25 	337 	782 	966 	1063 	1151 	1158 	1168 	1212 	1246 	1265 	1268 	1271 	1281 	1298 	1299 	1300 	1301 	1302 	1303 	1304 	1305 	1306 	1307 	1308 	1309 	1310 	1311 	1312 	1347 	1384 	1386 	1387 	1388 	1389 	1390 	1391 	1392 	1393 	1395 	1396 	1397 	1398 	1399 	1400 	1401 	1402 	1403 	1404 	1405 	1407 	1408 	1409 	1410 	1411 	1412 	1413 	1438 	1439 	1440 	1441 	1464 	1465 	1466 	1467 	1468 	1469 	1470 	1471 	1472 	1473 	1506 	1508 	1511 	1522 	1525 	1526 	1527 	1528 	1529 	1530 	1532 	1534 	1535 	1536 	1537 	1538 	1539 	1541 	1542 	1543 	1544 	1545 	1546 	1547 	1548 	1549 	1550 	1551 	1552 	1553 	1561 	1594 	1612 	1620 	1623 	1645 	1685 	1699 	1702 	1788 	1798 	1801 	1872 	1873 	1874 	1875 	1877 	1878 	1880 	1882 	1884 	1885 	1886 	1888 	1889 	1891 	1932 	1933 	1934 	1935 	1936 	1937 	1938 	1939 	1940 	1941 	1942 	1944 	1945 	1946 	1947 	1948 	1949 	1950 	1951 	1952 	1953 	1954 	1955 	1956 	1957 	2026 	2030 	2107 	2270 	2273 	2299 	2316 	2375 	2404 	2582 	2636 	2638 	2640 	2691 	2835 	2836 	2837 	2838 	3002 	3029 	3031 	3033 	3034 	3093 	3096 	3289 	3521 	3524 	3743 	3788 	3942 	3943 	3944 	3945 	3946 	3947 	3948 	3949 	3950 	3951 	3952 	3953 	3954 	3955 	3956 	3957 	3958 	3959 	3960 	3961 	3962 	3963
1246 	1248
142 	1246 	1249 	2294 	4992 	9270 	9753 	10410 	10411
1246
1246 	4704
1256
1255 	4248 	5876 	5877 	5878 	5879 	5880 	5881 	5882 	5883
1258 	1259 	1260 	1261 	1262
1257 	4083 	7192 	7753
1257
1257
1257
1257
30 	100 	249 	337 	476 	1116 	1117 	1264 	1265 	1266 	1267 	1268 	1269 	1270 	1271 	1272 	1273 	1274 	1275 	1276 	1277 	1278 	1279 	1280 	1281 	1282 	1283 	1284 	1285 	1286 	1287 	1288 	1289 	1290 	1291 	1292 	1293 	1294
30 	249 	337 	476 	1033 	1116 	1263 	1269 	1274 	1276 	1281 	1282 	1284 	1337 	1430 	1836 	1841
3 	25 	100 	337 	1212 	1250 	1263 	1268 	1270 	1271 	1281 	1292 	1299 	1300 	1407 	1527 	1529 	1532 	1536 	1539 	1546 	1547 	1594 	1612 	1702 	1932 	1933 	1934 	1935 	1936 	1937 	1938 	1939 	1940 	1941 	1943 	1946 	1947 	1948 	1949 	1950 	1952 	1953 	1954 	1955 	1956 	1957 	2640 	2836 	2838 	3289 	3425 	3943 	3963 	4137
1263 	1287 	3191 	3234 	6193
25 	30 	249 	337 	476 	662 	1117 	1263 	1269 	1270 	1273 	1276 	1281 	1282 	1284 	1286 	1337 	1430 	1841 	2711 	2714 	2716 	2719 	3343 	4738 	4739 	4741 	4742 	4744 	5441 	8315 	10000 	10001
6 	100 	316 	337 	497 	523 	843 	1195 	1250 	1263 	1265 	1270 	1273 	1283 	1288 	1292 	1293 	1294 	1529 	1532 	1539 	1546 	1885 	1932 	1934 	1940 	1942 	1947 	1950 	1956 	2046 	2499 	2581 	2712 	2715 	2718 	2925 	3253 	3289 	3963 	4040 	4060 	4339 	4362 	4818 	5152 	6116 	6122 	6124 	7814 	7953 	8014 	8083 	8437 	8438 	8557 	8933 	9389 	9670 	9671 	9672 	9673 	9674 	9675 	9676
30 	249 	337 	476 	1116 	1117 	1263 	1264 	1267 	1274 	1276 	1281 	1282 	1284 	1286 	3014 	5944 	6718
25 	100 	337 	662 	1263 	1265 	1267 	1268 	1281 	1288 	1292 	1684 	1685 	1702 	2711 	2714 	2716 	2719 	2893 	2960 	3425 	3524 	6852 	10044
3 	25 	337 	1250 	1263 	1265 	1275 	1281 	1285 	1287 	1289 	1299 	1300 	1312 	1346 	1347 	1407 	1469 	1529 	1532 	1549 	1612 	1685 	1885 	1933 	1934 	1935 	1936 	1937 	1938 	1939 	1940 	1944 	1946 	1947 	1948 	1952 	1953 	1954 	1955 	1957 	2636 	2638 	2708 	2837 	2838 	3031 	3033 	3093 	3096 	3132 	3133 	3134 	3136 	3138 	3139 	3289 	3519 	3520 	3521 	3522 	3523 	3524 	3525 	3526 	3527
1263
5 	25 	337 	432 	662 	1263 	1267 	1268 	1281 	1293 	1609 	1610 	1611 	2711 	2712 	2713 	2714 	2715 	2716 	2717 	2718 	2719 	2720
24 	25 	27 	28 	29 	30 	33 	34 	37 	38 	221 	222 	224 	226 	227 	228 	249 	337 	447 	476 	1033 	1116 	1165 	1263 	1264 	1269 	1276 	1281 	1282 	1284 	1337 	1430 	1714 	1717 	1746 	1748 	1749 	1750 	1751 	1753 	1754 	1755 	1756 	1758 	1759 	1760 	1761 	1762 	1763 	1765 	1767 	1769 	1770 	1771 	1772 	1775 	1776 	1777 	1778 	1786 	1834 	1835 	1836 	1837 	1838 	1839 	1840 	1841 	1842 	1843 	1844 	1845 	1846 	1847 	1848 	1849 	1850 	1851
1263 	1271 	1278 	1280 	1285 	1290 	1291 	1473 	3571 	3572 	3573 	3574 	3575
30 	131 	249 	476 	1263 	1264 	1267 	1269 	1274 	1282 	1284 	1286 	1836 	3388 	3881 	8950 	8952
1263 	1685 	8412 	9969 	10040
1263 	1275 	1280 	1285 	1290 	1291 	8143
1263 	3527 	5712 	5713 	8632 	8633 	8634 	8635
775 	1263 	1275 	1278 	1285 	1290
30 	100 	249 	252 	337 	1083 	1116 	1250 	1263 	1264 	1265 	1267 	1269 	1270 	1271 	1273 	1274 	1282 	1284 	1293 	1294 	1298 	1302 	1304 	1306 	1307 	1308 	1309 	1311 	1312 	1337 	1347 	1357 	1430 	1438 	1439 	1440 	1441 	1620 	1623 	1723 	1841 	1942 	1947 	2192 	2443 	2581 	2638 	2711 	2715 	2716 	2892 	2894 	2895 	2896 	2897 	2898 	3341 	3426 	3869 	4035 	4039 	4471 	4656 	4657 	4658 	4659 	4660 	4661 	4662
11 	100 	249 	252 	337 	476 	1263 	1264 	1267 	1269 	1274 	1276 	1281 	1284 	1286 	1357 	1439 	1723 	2711 	2716 	2892 	2894 	2895 	3341 	3426 	3869 	4038 	4039 	4656 	4657 	4660 	4661 	4662 	5431 	6227 	6228 	6229 	6230
1263 	1268 	1293
30 	249 	293 	337 	476 	1033 	1116 	1263 	1264 	1267 	1269 	1274 	1276 	1281 	1282 	5420 	6598 	9319
1263 	1271 	1275 	1278 	1280 	1290 	1291 	3571 	3572 	3573 	3575 	5637
249 	476 	1263 	1267 	1269 	1276 	1282 	1836
1263 	1266 	1271 	1469 	1685 	3033 	3138 	3425 	3519 	3521 	3523 	3526 	3592
100 	1263 	1268 	1270 	1292 	1293 	3425
1263 	1271 	3234
1263 	1275 	1278 	1280 	1285 	1291 	2528 	8873 	10164
1063 	1151 	1263 	1275 	1278 	1285 	1290 	1303 	1642 	1788 	1798 	1801 	2360 	2404 	2573 	2582 	9796
5 	100 	234 	843 	1039 	1263 	1265 	1268 	1270 	1288 	1293 	1294 	1942 	1947 	1951 	2715 	2718 	2854 	2960 	6235 	6236 	6238
5 	100 	337 	843 	1263 	1268 	1273 	1281 	1283 	1288 	1292 	1294 	1525 	1531 	1784 	1942 	1947 	2074 	2557 	2712 	2715 	2719 	5253 	6235 	6236 	6237 	6238 	7245 	8280 	9088 	9951 	10119
5 	100 	337 	843 	1263 	1268 	1281 	1292 	1293 	1784 	1903 	1905 	1906 	1907 	1942 	2715 	2717 	2718 	6235 	6236 	6237 	7952 	7953
1296 	1297
1177 	1295 	1735 	1736 	1737 	1738 	1739 	1961 	2482 	2856 	4379 	5318 	7606 	8569 	9756 	9873 	10209 	10470 	10530
1295
3 	337 	1250 	1281 	1299 	1300 	1301 	1302 	1303 	1304 	1305 	1306 	1307 	1308 	1309 	1310 	1311 	1312
3 	25 	1250 	1265 	1271 	1298 	1300 	1301 	1311 	1312 	1407 	1469 	1529 	1532 	1536 	1539 	1547 	1612 	1932 	1933 	1934 	1935 	1936 	1937 	1938 	1939 	1940 	1941 	1942 	1943 	1944 	1946 	1947 	1948 	1949 	1950 	1951 	1952 	1953 	1954 	1955 	1956 	1957 	2640 	2835 	2837 	2838
3 	25 	1250 	1265 	1271 	1298 	1299 	1301 	1311 	1312 	1393 	1407 	1469 	1529 	1532 	1536 	1539 	1547 	1612 	1932 	1933 	1934 	1935 	1936 	1937 	1938 	1939 	1940 	1941 	1942 	1943 	1944 	1945 	1946 	1947 	1948 	1949 	1950 	1951 	1952 	1953 	1954 	1955 	1956 	1957
1250 	1298 	1299 	1300 	1312
337 	1250 	1281 	1298 	1304 	1305 	1306 	1307 	1311 	1312 	1438 	1439 	1440 	1441 	2002 	2003 	2004 	2339 	4266 	4267 	4268 	4269
337 	782 	1063 	1151 	1250 	1291 	1298 	1310 	1311 	1438 	1473 	1788 	1798 	1801 	2183 	2316 	2404 	2573 	2675 	3570 	3602 	4839
1250 	1281 	1298 	1302 	1305 	1306 	1307 	1309 	1311 	1438 	4523 	4524
1250 	1298 	1302 	1304 	1306 	1307 	1309 	1311 	1438 	1962 	2119 	2989 	2992 	2995
337 	1250 	1281 	1298 	1302 	1304 	1305 	1311 	1312 	1438 	1439 	1440 	1441
319 	337 	866 	1200 	1250 	1281 	1298 	1302 	1304 	1305 	1309 	1311 	1312 	1347 	1438 	1439 	1440 	1561 	1620 	1623 	2083 	2414 	2433 	2443 	2452 	2510 	2922 	3017 	3142 	3261 	3285 	3487 	3819 	3826 	3949 	3994 	4232 	4523 	4948 	4949 	4950 	4951 	4953 	5091 	5093 	5307 	5333 	7025 	7416 	7417 	7418 	7506 	8059 	8275 	10522 	10544 	10577
337 	1209 	1250 	1281 	1298 	1312 	1438 	1441 	1620 	1859 	1998 	2031 	2117 	2124 	2133 	2522 	2762 	2950 	2951 	2952 	3038 	3285 	3654 	3924 	3925 	6011 	6032 	6350 	6351 	6352 	6353 	6354 	6355 	6356 	6357 	6358 	6359 	6360
25 	337 	760 	966 	1200 	1250 	1281 	1298 	1304 	1305 	1307 	1311 	1312 	1469 	1525 	1526 	1527 	1528 	1530 	1532 	1533 	1534 	1535 	1537 	1538 	1539 	1543 	1545 	1548 	1552 	1563 	1570 	2026 	2126 	2131 	2134 	2343 	2417 	2427 	3923 	5246 	5494 	8193
337 	1168 	1239 	1241 	1250 	1298 	1303 	1311 	1384 	1386 	1387 	1388 	1389 	1390 	1391 	1392 	1393 	1394 	1396 	1397 	1398 	1399 	1400 	1401 	1402 	1403 	1404 	1405 	1407 	1408 	1409 	1410 	1411 	1412 	1413 	1438 	1465 	1466 	1467 	1468 	1471 	1472 	1473 	1506 	1508 	1511 	1522 	1645 	2183 	2184 	2185 	2186 	2187
25 	337 	966 	1033 	1168 	1250 	1281 	1298 	1299 	1300 	1302 	1303 	1304 	1305 	1306 	1307 	1309 	1310 	1312 	1337 	1386 	1387 	1388 	1389 	1390 	1391 	1392 	1393 	1394 	1395 	1396 	1397 	1398 	1399 	1400 	1402 	1403 	1404 	1405 	1408 	1409 	1410 	1411 	1412 	1413 	1438 	1439 	1440 	1441 	1464 	1465 	1466 	1467 	1469 	1470 	1471 	1472 	1473 	1506 	1508 	1522 	1525 	1526 	1527 	1528 	1530 	1532 	1533 	1534 	1535 	1537 	1538 	1539 	1543 	1544 	1545 	1546 	1547 	1551 	1552 	1553 	1620 	1623 	1645 	1875 	1880 	1882 	1883 	1884 	1885 	1888 	1889 	1890 	2026 	2443 	3002 	3031 	3521 	3569 	3604 	3788 	3945 	3956 	3960 	10528
3 	25 	337 	1250 	1271 	1281 	1298 	1299 	1300 	1301 	1302 	1306 	1307 	1308 	1309 	1311 	1438 	1439 	1440 	1441 	1464 	1465 	1466 	1467 	1469 	1470 	1471 	1472 	1473 	1511 	1527 	1529 	1685 	1934 	2636 	2638 	3031 	3033 	3521 	3945 	3956
1314 	1315 	1316 	1317 	1318 	1319 	1320 	1321 	1322 	1323 	1324 	1325 	1326 	1327 	1328
782 	1176 	1177 	1313 	1317 	1337 	1453 	1473 	1711 	1802 	2530 	2531 	2532 	2533 	2537 	2538 	2539 	2541 	2543 	2546 	2547 	2548 	2549 	2553 	2555 	2559 	2754 	2808 	3056 	3345 	4361 	7128 	7129 	7130 	7131 	7132
1313 	1316 	1318 	1319 	1320 	1321 	1322 	1323 	1324 	1325 	1326 	1432 	3290
1313 	1315 	1319 	1321 	1325 	1326
1313 	1314 	1431 	1432
1313 	1315 	1319 	1320 	1322 	1323 	1324 	1326 	1432 	1501 	2606 	3290 	8251
1313 	1315 	1316 	1318 	1320 	1321 	1322 	1323 	1324 	1325 	1326 	3290 	8251
1313 	1315 	1318 	1319 	1321 	1322 	1323 	1324 	1432 	3290 	8251
1313 	1315 	1316 	1319 	1320 	1323 	1324 	1325 	1326 	3290 	8251 	9691 	9692
1313 	1315 	1318 	1319 	1320 	1323 	1324 	1326 	1432 	4012
1313 	1315 	1318 	1319 	1320 	1321 	1322 	1324 	1326 	1432 	3290 	4012 	8251
1313 	1315 	1318 	1319 	1320 	1321 	1322 	1323 	1325 	1326 	1432 	3290 	4012 	8251
1313 	1315 	1316 	1319 	1321 	1324 	1326
1313 	1315 	1316 	1318 	1319 	1321 	1322 	1323 	1324 	1325 	4012
1313
1313
1330
198 	1329 	6267 	7065
1332
1331 	1877 	2733
1334 	1335
1333 	1335 	1921 	3771 	3827 	3911 	6484 	6642 	7531 	7532 	7533 	7534 	7535
1333 	1334 	3911 	7533 	7535
1337 	1338 	1339
150 	337 	782 	959 	1033 	1063 	1116 	1119 	1264 	1267 	1274 	1281 	1311 	1314 	1336 	1339 	1383 	1430 	1841 	2357 	2363 	2365 	2503 	2528 	3002 	3045 	3360 	3453 	3569 	3969 	4628 	4629 	6209 	6210 	6211 	6212 	6213 	6214 	6215 	6216 	6217
1336 	2244 	3651 	6210
782 	1176 	1177 	1336 	1337 	1453 	2270 	2354 	2355 	2528 	2531 	2538 	2542 	2550 	4628 	6210 	6211 	6214 	9911 	9912
1341
1340 	3756 	4666 	8468 	10515
1343 	1344
1156 	1342 	5339 	8987 	9402 	9403
1342
1346 	1347 	1348 	1349
760 	1200 	1271 	1345 	1469 	1563 	1570 	2126 	2127 	2131 	2134 	2343 	2417 	2427 	2431 	2432 	2444 	2589 	3172 	3173 	3174 	3519 	3788 	4845 	8017 	8018 	8019
337 	1200 	1243 	1250 	1271 	1281 	1307 	1345 	1362 	1505 	1538 	1539 	1547 	1551 	1561 	1620 	1623 	2030 	2031 	2191 	2383 	2638 	2826 	2898 	3031 	3033 	3285 	3459 	3504 	3946 	3949 	4537 	4908 	5005 	5006 	5007 	5008 	5009 	5010 	5011 	6228 	6596 	7158 	7258 	7350 	7460 	8116 	8252 	8253 	8254 	8255 	8256 	8257
760 	1200 	1345 	1567 	1859 	2099 	2122 	2123 	2124 	2125 	2126 	2127 	2128 	2129 	2130 	2131 	2132 	2133 	2134
1345
1351
371 	964 	1350 	2834 	3627 	3682 	5083 	5179 	7276 	8696 	9805 	9857 	10461
1353
1352 	1801 	6310 	9936
1355 	1356 	1357 	1358 	1359
1354 	1359 	2582 	5665
1354 	1359 	2582
100 	337 	1083 	1281 	1282 	1354 	1473 	1722 	1723 	2711 	2716 	2892 	2894 	2895 	2898 	4038 	7187
1354 	2582 	5665
1354 	1355 	1356 	2582 	3768 	5665 	7189
40
1362
1347 	1361 	1883 	2638 	4106 	4622 	7406 	7608 	7648 	7847 	8274 	9974
1364 	1365
1363 	1365
1243 	1363 	1364 	5192 	6240
1367 	1368 	1369 	1370 	1371 	1372 	1373
1366 	1369 	1373
1366 	1369 	3536 	7345 	7502 	9820
1366 	1367 	1368 	1373 	2814
1366 	7228
1366
1366
1366 	1367 	1369
1375
1374 	2931 	4187
391
391
391
391
1381
1380 	1529 	2799 	3032 	5123 	8718 	9653 	10067
1114 	1383
1063 	1337 	1382 	3401 	3402 	3683 	6217 	7929
1168 	1250 	1310 	1385 	1386 	1387 	1388 	1389 	1390 	1391 	1392 	1393 	1394 	1395 	1396 	1397 	1398 	1399 	1400 	1401 	1402 	1403 	1404 	1405 	1406 	1407 	1408 	1409 	1410 	1411 	1412 	1413
1384 	4318
1168 	1250 	1310 	1311 	1384 	1387 	1388 	1389 	1390 	1391 	1392 	1393 	1394 	1395 	1396 	1398 	1399 	1400 	1401 	1404 	1405 	1407 	1408 	1409 	1410 	1412 	1413 	1467 	1473 	1506 	1508 	1511 	1522 	4467 	7199 	9503 	9504
1168 	1250 	1310 	1311 	1384 	1386 	1388 	1389 	1390 	1391 	1392 	1393 	1394 	1395 	1396 	1397 	1398 	1399 	1400 	1401 	1402 	1403 	1404 	1405 	1407 	1408 	1409 	1410 	1411 	1412 	1413 	1467 	1473 	1506 	1508 	1511 	1522
1168 	1250 	1310 	1311 	1384 	1386 	1387 	1389 	1390 	1391 	1392 	1393 	1394 	1395 	1396 	1397 	1398 	1399 	1400 	1401 	1402 	1403 	1404 	1405 	1407 	1408 	1409 	1410 	1411 	1412 	1413 	1467 	1473 	1508 	1511 	1522
1168 	1250 	1310 	1311 	1384 	1386 	1387 	1388 	1390 	1391 	1392 	1393 	1395 	1396 	1397 	1398 	1399 	1400 	1401 	1402 	1403 	1404 	1405 	1407 	1408 	1409 	1410 	1411 	1412 	1413 	1467 	1473 	1506 	1508 	1511 	1522 	1644 	1645
1168 	1250 	1310 	1311 	1384 	1386 	1387 	1388 	1389 	1391 	1392 	1393 	1395 	1396 	1397 	1398 	1399 	1400 	1401 	1402 	1403 	1404 	1405 	1407 	1408 	1409 	1410 	1411 	1412 	1413 	1467 	1473 	1506 	1508 	1511 	1522 	1645
1168 	1250 	1310 	1311 	1384 	1386 	1387 	1388 	1389 	1390 	1392 	1393 	1394 	1395 	1396 	1397 	1398 	1399 	1400 	1401 	1402 	1403 	1404 	1405 	1407 	1408 	1409 	1410 	1411 	1412 	1413 	1467 	1473 	1506 	1508 	1511 	1522
1168 	1250 	1310 	1311 	1384 	1386 	1387 	1388 	1389 	1390 	1391 	1393 	1395 	1396 	1397 	1398 	1399 	1400 	1401 	1402 	1403 	1404 	1405 	1407 	1408 	1409 	1410 	1411 	1412 	1413 	1467 	1473 	1506 	1508 	1511 	1522
1168 	1250 	1300 	1310 	1311 	1384 	1386 	1387 	1388 	1389 	1390 	1391 	1392 	1394 	1395 	1396 	1397 	1398 	1399 	1400 	1401 	1402 	1403 	1404 	1405 	1407 	1408 	1409 	1410 	1411 	1412 	1413 	1473 	1508 	1511 	1522 	2094 	3945
1168 	1310 	1311 	1384 	1386 	1387 	1388 	1391 	1393 	1395 	1396 	1397 	1399 	1400 	1401 	1403 	1404 	1405 	1407 	1408 	1409 	1410 	1411 	1412 	1413 	1473 	1506 	1511
1168 	1250 	1311 	1384 	1386 	1387 	1388 	1389 	1390 	1391 	1392 	1393 	1394 	1396 	1397 	1398 	1399 	1400 	1401 	1402 	1403 	1404 	1405 	1407 	1408 	1409 	1410 	1411 	1412 	1413 	1467 	1473 	1506 	1511 	1522
1168 	1250 	1310 	1311 	1384 	1386 	1387 	1388 	1389 	1390 	1391 	1392 	1393 	1394 	1395 	1397 	1398 	1399 	1400 	1401 	1402 	1403 	1404 	1405 	1407 	1408 	1409 	1410 	1411 	1412 	1413 	1467 	1473 	1506 	1508 	1522 	1524
1168 	1250 	1310 	1311 	1384 	1387 	1388 	1389 	1390 	1391 	1392 	1393 	1394 	1395 	1396 	1398 	1399 	1400 	1401 	1403 	1404 	1405 	1407 	1408 	1409 	1410 	1412 	1413 	1467 	1473 	1511 	1522
1168 	1250 	1310 	1311 	1384 	1386 	1387 	1388 	1389 	1390 	1391 	1392 	1393 	1395 	1396 	1397 	1399 	1400 	1401 	1402 	1403 	1404 	1405 	1407 	1408 	1409 	1410 	1411 	1412 	1413 	1467 	1473 	1506 	1508 	1511 	1522 	1645
1168 	1250 	1310 	1311 	1384 	1386 	1387 	1388 	1389 	1390 	1391 	1392 	1393 	1394 	1395 	1396 	1397 	1398 	1401 	1402 	1403 	1404 	1405 	1407 	1408 	1409 	1410 	1411 	1412 	1413 	1467 	1473 	1511 	1522
1168 	1250 	1310 	1311 	1384 	1386 	1387 	1388 	1389 	1390 	1391 	1392 	1393 	1394 	1395 	1396 	1397 	1398 	1401 	1402 	1403 	1404 	1405 	1407 	1408 	1409 	1410 	1411 	1412 	1413 	1467 	1473 	1506 	1508 	1511 	1522
1168 	1250 	1310 	1384 	1386 	1387 	1388 	1389 	1390 	1391 	1392 	1393 	1394 	1395 	1396 	1397 	1398 	1399 	1400 	1402 	1403 	1404 	1405 	1407 	1408 	1409 	1410 	1411 	1412 	1413 	1801
1168 	1250 	1310 	1311 	1384 	1387 	1388 	1389 	1390 	1391 	1392 	1393 	1395 	1396 	1398 	1399 	1400 	1401 	1403 	1404 	1405 	1407 	1408 	1409 	1410 	1411 	1412 	1413 	1467 	1473 	1506 	1508 	1511 	1522
1168 	1250 	1310 	1311 	1384 	1387 	1388 	1389 	1390 	1391 	1392 	1393 	1394 	1395 	1396 	1397 	1398 	1399 	1400 	1401 	1402 	1404 	1405 	1407 	1408 	1409 	1410 	1411 	1412 	1413 	1467 	1473 	1506 	1508 	1511 	1522
1168 	1250 	1310 	1311 	1384 	1386 	1387 	1388 	1389 	1390 	1391 	1392 	1393 	1394 	1395 	1396 	1397 	1398 	1399 	1400 	1401 	1402 	1403 	1405 	1407 	1408 	1409 	1410 	1411 	1412 	1413 	1473 	1506 	1511 	1522
1168 	1250 	1310 	1311 	1384 	1386 	1387 	1388 	1389 	1390 	1391 	1392 	1393 	1394 	1395 	1396 	1397 	1398 	1399 	1400 	1401 	1402 	1403 	1404 	1407 	1408 	1409 	1410 	1411 	1412 	1413 	1467 	1473 	1506 	1511 	1522 	1645
959 	1384
3 	25 	1168 	1212 	1250 	1265 	1271 	1299 	1300 	1310 	1384 	1386 	1387 	1388 	1389 	1390 	1391 	1392 	1393 	1394 	1395 	1396 	1397 	1398 	1399 	1400 	1401 	1402 	1403 	1404 	1405 	1408 	1409 	1410 	1411 	1412 	1413 	1506 	1522 	1532 	1536 	1539 	1547 	1612 	1932 	1933 	1934 	1935 	1936 	1937 	1938 	1939 	1940 	1941 	1942 	1943 	1944 	1946 	1947 	1948 	1949 	1950 	1951 	1952 	1953 	1954 	1955 	1956 	1957 	2640 	2835 	2836 	2837 	2838 	3943
1168 	1250 	1310 	1311 	1384 	1386 	1387 	1388 	1389 	1390 	1391 	1392 	1393 	1394 	1395 	1396 	1397 	1398 	1399 	1400 	1401 	1402 	1403 	1404 	1405 	1407 	1409 	1410 	1411 	1412 	1413 	1467 	1473 	1506 	1508 	1511 	1522
1168 	1250 	1310 	1311 	1384 	1386 	1387 	1388 	1389 	1390 	1391 	1392 	1393 	1394 	1395 	1396 	1397 	1398 	1399 	1400 	1401 	1402 	1403 	1404 	1405 	1407 	1408 	1410 	1411 	1412 	1413 	1467 	1473 	1508 	1511 	1522
1168 	1250 	1310 	1311 	1384 	1386 	1387 	1388 	1389 	1390 	1391 	1392 	1393 	1394 	1395 	1396 	1397 	1398 	1399 	1400 	1401 	1402 	1403 	1404 	1405 	1407 	1408 	1409 	1412 	1413 	1467 	1473 	1506 	1511 	1522
1168 	1250 	1310 	1311 	1384 	1387 	1388 	1389 	1390 	1391 	1392 	1393 	1394 	1395 	1396 	1398 	1399 	1400 	1401 	1402 	1403 	1404 	1405 	1407 	1408 	1409 	1412 	1413 	1467 	1473 	1508 	1511 	1522 	1645
1168 	1250 	1310 	1311 	1384 	1386 	1387 	1388 	1389 	1390 	1391 	1392 	1393 	1394 	1395 	1396 	1397 	1398 	1399 	1400 	1401 	1402 	1403 	1404 	1405 	1407 	1408 	1409 	1410 	1411 	1413 	1467 	1473 	1506 	1508 	1522 	4143 	7607 	8146 	10050 	10582 	10628
1168 	1250 	1310 	1311 	1384 	1386 	1387 	1388 	1389 	1390 	1391 	1392 	1393 	1394 	1395 	1396 	1397 	1398 	1399 	1400 	1401 	1402 	1403 	1404 	1405 	1407 	1408 	1409 	1410 	1411 	1412 	1467 	1473 	1506 	1508 	1511 	1522
607 	2980 	3465 	6611 	6612 	6613 	6614 	6615
607
607 	1428 	5499
607
607 	2010 	2011 	2013
42 	607 	760 	767 	795 	3935
607 	3935
42 	607 	767 	3935
235 	607 	767 	6016 	8870
398 	607 	696 	750 	751 	756 	758 	776
607 	3465 	3930 	6674 	6675 	6676
607
607 	3465
607 	776 	2405 	2406 	2407
607 	1416
1430
337 	1117 	1264 	1267 	1274 	1281 	1337 	1429 	9742
1317
1315 	1317 	1318 	1320 	1322 	1323 	1324 	1954 	2606 	2815 	3290 	4011 	4012
371
1435 	1436 	1437
1434 	1473 	3784 	4405
1434 	1437
1434 	1436
1250 	1281 	1302 	1303 	1304 	1305 	1306 	1307 	1308 	1310 	1311 	1312 	1439 	1440 	1441
337 	1250 	1281 	1282 	1302 	1306 	1307 	1311 	1312 	1438 	1441 	1620 	1725 	2124 	2151 	2152 	2153 	2154 	2155 	2156 	2248 	2249 	2711 	2716 	2765 	2771 	2891 	3487 	3488 	3491 	7443 	7514 	8242 	9777
337 	1250 	1281 	1302 	1306 	1307 	1311 	1312 	1438 	1441 	7087 	7704 	8244 	8877
337 	1250 	1281 	1302 	1306 	1308 	1311 	1312 	1438 	1439 	1440 	1619 	1620 	2521 	2522 	2523 	2524 	2525 	3038 	3654 	3924 	3925
1443 	1444
1442 	3189 	4326 	5358 	7284 	7285 	7286
1442 	3233
430 	841 	959 	1151 	1446 	1447 	1448 	1449 	1450 	1451 	1452 	1453 	1454 	1455 	1456 	1457 	1458 	1459 	1460 	1461 	1462 	1463
1151 	1445 	1448 	1450 	1452 	1453 	1456
1445 	1460
1151 	1445 	1446 	1450 	1452 	1453 	1456
1445
959 	1151 	1445 	1446 	1448 	1451 	1453 	1456 	1457 	7696
1151 	1445 	1450 	1452 	1457
1151 	1445 	1446 	1448 	1451 	1453 	1456 	1457 	5659 	5660 	9047
782 	1151 	1176 	1177 	1314 	1339 	1445 	1446 	1448 	1450 	1452 	1456 	2161 	2270 	2528 	2531 	2532 	2538 	2541 	2542 	2544 	2548 	2550 	2553 	2556 	2753 	2754 	2755 	2756
954 	1445 	1461 	3334 	5144 	5297 	5612 	7311 	8369
1445
1151 	1445 	1446 	1448 	1450 	1452 	1453
1151 	1445 	1450 	1451 	1452 	7696
430 	1445 	1463
622 	1156 	1445 	1802 	2945 	3470 	7631 	8319 	8320
1445 	1447
1445 	1454 	2376 	3685 	4846 	4847 	4848 	4849
1445 	1801 	6000 	8090
430 	1445 	1458
1250 	1311 	1312 	1465 	1466 	1467 	1468 	1469 	1470 	1471 	1472 	1473
1250 	1310 	1311 	1312 	1464 	1466 	1467 	1468 	1471 	1472 	1473 	3956
1250 	1310 	1311 	1312 	1464 	1465 	1467 	1468 	1471 	1472 	1473 	3956
1168 	1250 	1310 	1311 	1312 	1386 	1387 	1388 	1389 	1390 	1391 	1392 	1395 	1396 	1397 	1398 	1399 	1400 	1402 	1403 	1405 	1408 	1409 	1410 	1411 	1412 	1413 	1464 	1465 	1466 	1468 	1471 	1472 	1473 	1508 	1522 	1872 	1873 	1874 	1875 	1877 	1878 	2360 	2691 	3742 	3743 	3744 	3745 	3956 	4049 	4298 	4299 	4300 	7138 	7139 	7740 	8279 	9782 	9783
1250 	1310 	1464 	1465 	1466 	1467 	1470 	1471 	1472 	1473 	2704 	2705 	5390 	8066 	9847
3 	760 	1200 	1250 	1271 	1287 	1299 	1300 	1309 	1311 	1312 	1346 	1464 	1527 	1529 	1550 	1563 	1593 	1934 	2026 	2126 	2131 	2134 	2343 	2417 	2432 	3519 	3521 	3959 	4957 	4958 	4959 	5150
1250 	1311 	1312 	1464 	1468 	1471 	1472 	1473
1250 	1310 	1311 	1312 	1464 	1465 	1466 	1467 	1468 	1470 	1472 	1473 	3956 	4234 	7807
1250 	1310 	1311 	1312 	1464 	1465 	1466 	1467 	1468 	1470 	1471 	1473
100 	465 	476 	638 	782 	1033 	1063 	1083 	1158 	1159 	1250 	1275 	1303 	1310 	1311 	1312 	1314 	1357 	1386 	1387 	1388 	1389 	1390 	1391 	1392 	1393 	1394 	1395 	1396 	1397 	1398 	1399 	1400 	1402 	1403 	1404 	1405 	1408 	1409 	1410 	1411 	1412 	1413 	1435 	1464 	1465 	1466 	1467 	1468 	1470 	1471 	1472 	1506 	1508 	1522 	1547 	1555 	1644 	1645 	1695 	1699 	1788 	1798 	1801 	1909 	1974 	2060 	2213 	2229 	2233 	2355 	2360 	2404 	2423 	2528 	2543 	2546 	2547 	2556 	2562 	2564 	2565 	2566 	2567 	2570 	2571 	2578 	2579 	2582 	2585 	2597 	2647 	2652 	2877 	2892 	2894 	2895 	2898 	3027 	3213 	3214 	3216 	3218 	3219 	3220 	3222 	3227 	3228 	3230 	3453 	3570 	3602 	3956 	4207 	4285 	4396 	4405 	4554 	4670 	4838 	4842 	5230 	5498 	7260 	7385 	8094 	10383
1475 	1476 	1477
1474 	1476 	1477 	9851
1474 	1475 	1477 	6346 	9851
1474 	1475 	1476 	6346 	9005
1479 	1480 	1481 	1482 	1483 	1484
1478 	1480 	1481 	1482 	1483 	1484
1478 	1479 	1481 	1482 	1483 	1484
193 	1478 	1479 	1480 	1482 	1483 	1484 	6655 	6656 	6657
1478 	1479 	1480 	1481 	1483 	1484 	6655 	6656 	6657
1478 	1479 	1480 	1481 	1482 	1484 	6655 	6656 	6657
1478 	1479 	1480 	1481 	1482 	1483
1486
441 	1485 	5138
1141 	3140 	4054 	7733 	7734 	8174
733 	3694 	3695 	6376
365 	733
1491 	1492
295 	1490 	1492 	1579 	1580 	1581 	1584 	1585 	1586 	1587 	1589 	1590 	3066 	3069 	3967
295 	1490 	1491 	1576 	1577 	1578 	1579 	1580 	1581 	1582 	1583 	1584 	1585 	1587 	1588 	1589 	1590 	1912 	3066 	3069 	3967
1494
647 	648 	1493 	6253 	6866 	9122
1496 	1497
1495 	1497 	3325 	10292 	10413
1495 	1496 	2488 	3325 	4145 	4963 	8183 	8206 	8212 	8900 	9693 	9695 	9704 	10292 	10413
91 	92 	1499
91 	92 	1498
1501
1318 	1500
1503
1502 	3282 	6918
1505
1200 	1347 	1504 	1570 	2134 	2638 	2775 	2821 	2822 	2823 	2824 	2825 	2826 	2827 	2828 	2829 	2830
1033 	1168 	1250 	1310 	1311 	1386 	1387 	1389 	1390 	1391 	1392 	1394 	1395 	1396 	1398 	1400 	1402 	1403 	1404 	1405 	1407 	1408 	1410 	1412 	1413 	1473 	1507 	1508 	1509 	1510 	1511 	1512 	1513 	1514 	1515 	1516 	1517 	1518 	1519 	1520 	1521 	1522 	1523 	1524
1506
1168 	1250 	1310 	1311 	1386 	1387 	1388 	1389 	1390 	1391 	1392 	1393 	1396 	1398 	1400 	1402 	1403 	1408 	1409 	1411 	1412 	1413 	1467 	1473 	1506 	1522 	1645 	1699 	2273 	2375 	3363 	3942 	3951 	3962 	4358 	5094
64 	959 	1119 	1145 	1147 	1150 	1154 	1506 	1790 	1792 	1799 	1803 	4026 	4030 	7448 	9784
1506 	2503 	2666 	2667 	2668 	2682 	3922 	3997 	4238 	4239 	4240 	4241 	4242 	4243 	4244 	4246 	4247 	4603 	4608 	4636 	5346 	8319 	8327 	8367
1168 	1250 	1310 	1312 	1386 	1387 	1388 	1389 	1390 	1391 	1392 	1393 	1394 	1395 	1397 	1398 	1399 	1400 	1402 	1403 	1404 	1405 	1408 	1409 	1410 	1411 	1413 	1506 	1522 	2225 	2226 	2711 	2716 	3190 	5142
1506 	1514 	1520
1506 	1515 	1519 	1521 	1523
1506 	1512
1506 	1513 	1519
1506 	5271
1506
959 	1506
1506 	1513 	1515 	1523 	10415
1506 	1512
1506 	1513
1168 	1250 	1310 	1311 	1386 	1387 	1388 	1389 	1390 	1391 	1392 	1393 	1395 	1396 	1397 	1398 	1399 	1400 	1402 	1403 	1404 	1405 	1407 	1408 	1409 	1410 	1411 	1412 	1413 	1467 	1473 	1506 	1508 	1511 	1872 	1873 	1874 	1875 	1877 	1878 	2691 	3743 	4775
1506 	1513 	1519
1158 	1396 	1506 	2361 	2559 	2560 	2577 	2578 	8223 	8303 	9440 	9441
25 	337 	966 	1250 	1293 	1309 	1311 	1526 	1527 	1528 	1529 	1530 	1531 	1532 	1533 	1534 	1535 	1536 	1537 	1538 	1539 	1540 	1541 	1542 	1543 	1544 	1545 	1546 	1547 	1548 	1549 	1550 	1551 	1552 	1553
25 	337 	966 	1250 	1309 	1311 	1525 	1528 	1530 	1532 	1533 	1534 	1535 	1536 	1537 	1538 	1539 	1540 	1541 	1542 	1543 	1544 	1545 	1546 	1547 	1549 	1550 	1552 	1553 	2026 	2030
25 	337 	1250 	1265 	1309 	1311 	1312 	1469 	1525 	1528 	1529 	1530 	1532 	1533 	1534 	1536 	1537 	1539 	1540 	1542 	1543 	1544 	1546 	1547 	1548 	1549 	1550 	1551 	1552 	2026 	2211 	3029 	3030 	3031 	3032 	3033 	3034
25 	337 	966 	1250 	1309 	1311 	1525 	1526 	1527 	1529 	1530 	1532 	1533 	1534 	1535 	1536 	1537 	1538 	1539 	1540 	1541 	1542 	1543 	1544 	1545 	1546 	1547 	1548 	1549 	1550 	1552 	2026 	3029 	3847 	4898 	7157 	8061 	8062
3 	337 	1212 	1250 	1265 	1268 	1271 	1299 	1300 	1312 	1381 	1469 	1525 	1527 	1528 	1530 	1532 	1533 	1536 	1537 	1538 	1539 	1540 	1541 	1542 	1543 	1544 	1546 	1547 	1549 	1550 	1552 	1932 	1933 	1934 	1935 	1936 	1937 	1938 	1939 	1940 	1941 	1942 	1943 	1944 	1946 	1947 	1948 	1949 	1952 	1953 	1954 	1955 	1957 	2026 	2211 	2640 	2835 	2837 	2838 	3031 	3033 	3096 	3340 	3341 	3342 	3343 	3521 	8437
25 	337 	966 	1250 	1309 	1311 	1525 	1526 	1527 	1528 	1529 	1532 	1533 	1534 	1535 	1536 	1537 	1538 	1539 	1540 	1541 	1542 	1543 	1544 	1545 	1546 	1547 	1548 	1549 	1550 	1551 	1552 	1685 	1702 	2026
1293 	1525 	2557
3 	25 	337 	1212 	1250 	1265 	1268 	1271 	1299 	1300 	1309 	1311 	1407 	1525 	1526 	1527 	1528 	1529 	1530 	1533 	1534 	1535 	1536 	1537 	1538 	1539 	1540 	1541 	1542 	1543 	1544 	1545 	1546 	1547 	1548 	1549 	1550 	1551 	1552 	1553 	1561 	1612 	1620 	1623 	1862 	1932 	1933 	1934 	1935 	1936 	1937 	1938 	1939 	1940 	1941 	1942 	1943 	1944 	1946 	1947 	1948 	1949 	1950 	1951 	1952 	1953 	1954 	1955 	1956 	1957 	2026 	2027 	2030 	2031 	2640 	2835 	2836 	2837 	2838 	3029 	3340 	4232 	9376
25 	337 	966 	1309 	1311 	1525 	1526 	1527 	1528 	1529 	1530 	1532 	1534 	1535 	1536 	1537 	1538 	1540 	1542 	1543 	1544 	1545 	1547 	1548 	1549 	1550 	1552 	1553 	3166 	4592 	7968
25 	337 	966 	1212 	1250 	1309 	1311 	1525 	1526 	1527 	1528 	1530 	1532 	1533 	1535 	1537 	1538 	1539 	1543 	1544 	1545 	1546 	1547 	1548 	1551 	1552 	2026 	2636 	2639 	4793 	7917 	7918 	7919
25 	337 	966 	1250 	1309 	1311 	1525 	1526 	1528 	1530 	1532 	1533 	1534 	1537 	1538 	1539 	1543 	1545 	1547 	1552 	2026 	4615 	7338 	8073
3 	337 	966 	1212 	1250 	1265 	1299 	1300 	1407 	1525 	1526 	1527 	1528 	1529 	1530 	1532 	1533 	1537 	1538 	1539 	1540 	1541 	1542 	1543 	1544 	1545 	1546 	1547 	1549 	1550 	1552 	1932 	1933 	1934 	1935 	1936 	1937 	1938 	1939 	1940 	1942 	1943 	1944 	1946 	1947 	1948 	1949 	1950 	1951 	1952 	1953 	1954 	1955 	1957 	2026 	2027 	2031 	2640 	2835 	2837 	2838 	3340 	3341 	3342 	3343 	3344
25 	337 	966 	1250 	1309 	1311 	1525 	1526 	1527 	1528 	1529 	1530 	1532 	1533 	1534 	1535 	1536 	1538 	1539 	1540 	1541 	1542 	1543 	1544 	1545 	1546 	1547 	1548 	1549 	1550 	1552 	1553 	2026 	2030 	2513 	2514 	2515 	2516 	2517 	2518
25 	337 	966 	1250 	1309 	1311 	1347 	1525 	1526 	1528 	1529 	1530 	1532 	1533 	1534 	1535 	1536 	1537 	1539 	1540 	1541 	1542 	1543 	1544 	1545 	1546 	1547 	1548 	1549 	1550 	1552 	2026 	2030 	3029 	3031 	4537 	7224 	9663
3 	25 	337 	966 	1212 	1250 	1265 	1268 	1299 	1300 	1309 	1311 	1347 	1407 	1525 	1526 	1527 	1528 	1529 	1530 	1532 	1534 	1535 	1536 	1537 	1538 	1540 	1541 	1542 	1543 	1544 	1545 	1546 	1547 	1548 	1549 	1550 	1552 	1553 	1612 	1862 	1932 	1933 	1934 	1935 	1936 	1937 	1938 	1939 	1940 	1941 	1942 	1943 	1944 	1946 	1947 	1948 	1949 	1950 	1951 	1952 	1953 	1954 	1955 	1956 	1957 	2026 	2027 	2030 	2031 	2640 	2835 	2837 	2838 	3943 	5350 	5351 	5352 	7616 	9373 	9473 	9630
337 	1525 	1526 	1527 	1528 	1529 	1530 	1532 	1533 	1536 	1537 	1538 	1539 	1541 	1542 	1543 	1544 	1545 	1546 	1547 	1549 	1550 	1552 	1940 	2026 	2515 	2516 	3340 	3341 	3344
337 	966 	1250 	1525 	1526 	1528 	1529 	1530 	1532 	1536 	1537 	1538 	1539 	1540 	1542 	1543 	1544 	1545 	1546 	1547 	1549 	1550 	1552 	1553 	1940 	2026 	2027 	3340 	3341 	3344 	4537 	8575
337 	1250 	1525 	1526 	1527 	1528 	1529 	1530 	1532 	1533 	1536 	1537 	1538 	1539 	1540 	1541 	1543 	1544 	1545 	1546 	1549 	1550 	1552 	1553 	2026 	2027 	2515 	2516 	3341 	3344 	8156
25 	337 	966 	1250 	1309 	1311 	1525 	1526 	1527 	1528 	1529 	1530 	1532 	1533 	1534 	1535 	1536 	1537 	1538 	1539 	1540 	1541 	1542 	1544 	1545 	1546 	1547 	1548 	1549 	1550 	1552 	1553 	2026 	2513 	2514 	2517 	2518
1250 	1311 	1525 	1526 	1527 	1528 	1529 	1530 	1532 	1533 	1534 	1536 	1537 	1538 	1539 	1540 	1541 	1542 	1543 	1545 	1549 	1550 	1552 	2026 	2959 	2960
25 	337 	966 	1250 	1309 	1311 	1525 	1526 	1528 	1530 	1532 	1533 	1534 	1535 	1536 	1537 	1538 	1539 	1540 	1541 	1542 	1543 	1544 	1547 	1549 	1550 	1552 	2026 	2959 	2960
25 	337 	966 	1250 	1265 	1268 	1311 	1525 	1526 	1527 	1528 	1529 	1530 	1532 	1534 	1536 	1537 	1538 	1539 	1540 	1541 	1542 	1543 	1547 	1549 	1550 	1552 	1612 	1885 	1932 	1933 	1934 	1936 	1939 	1940 	1941 	1942 	1948 	1949 	1950 	1953 	1957 	2026 	2640 	2838 	3288 	3289 	3943
3 	25 	337 	966 	1250 	1265 	1299 	1300 	1311 	1347 	1407 	1473 	1525 	1526 	1527 	1528 	1529 	1530 	1532 	1533 	1534 	1535 	1536 	1537 	1538 	1539 	1540 	1541 	1543 	1545 	1546 	1552 	1553 	1801 	1932 	1933 	1934 	1935 	1936 	1937 	1938 	1939 	1942 	1943 	1944 	1947 	1948 	1951 	1952 	1953 	1954 	1955 	1956 	1957 	2026 	2835 	2837 	2838
337 	966 	1250 	1309 	1525 	1527 	1528 	1530 	1532 	1533 	1534 	1537 	1538 	1539 	1543 	1549 	2026
337 	966 	1250 	1271 	1525 	1526 	1527 	1528 	1529 	1530 	1532 	1533 	1536 	1537 	1538 	1539 	1540 	1541 	1542 	1543 	1544 	1545 	1546 	1548 	1552 	1934 	2026 	2638 	3341 	3344 	7157
25 	337 	1250 	1469 	1525 	1526 	1527 	1528 	1529 	1530 	1532 	1533 	1536 	1537 	1538 	1539 	1540 	1541 	1542 	1543 	1544 	1545 	1546 	1552 	1702 	2026 	2106 	3341 	3344 	3521 	4592 	7600
25 	337 	524 	1250 	1311 	1347 	1525 	1527 	1530 	1532 	1534 	1561 	1566 	1620 	1685 	1880 	1882 	1883 	1884 	1885 	1888 	1889 	1891 	1934 	2638 	4232
25 	337 	1250 	1309 	1311 	1525 	1526 	1527 	1528 	1529 	1530 	1532 	1533 	1534 	1535 	1536 	1537 	1538 	1539 	1540 	1541 	1542 	1543 	1544 	1545 	1546 	1547 	1549 	1550 	1553 	2026 	2030 	2031
966 	1250 	1311 	1525 	1526 	1532 	1533 	1537 	1539 	1541 	1542 	1543 	1547 	1552 	2026 	2027 	2028 	2029 	2030 	2031
1158 	1555
1158 	1159 	1473 	1554 	2355 	2556 	2562 	2564 	2565 	2566 	2567 	2570 	2571 	2578 	2579 	2585 	4285 	6535 	6536 	7594
523 	524 	760 	1229 	1557 	1558 	1559 	1560 	1561 	1562 	1563 	1564 	1565 	1566 	1567 	1568 	1569 	1570 	1571 	1572 	1573 	1574
1229 	1556 	1560 	1574 	1706 	2061 	2134 	2432 	2590 	2592 	2594 	2596 	2598 	2773 	2774 	2775 	2902 	3015 	3629 	5073 	5076 	8324
1556
1556
319 	524 	760 	1200 	1229 	1556 	1557 	1564 	1566 	1567 	1570 	1573 	1574 	2134 	2428 	2590 	2591 	2592 	2593 	2594 	2596 	2597 	2599 	2775 	3020 	3260 	3267 	3630 	5073 	9353 	10595
25 	337 	523 	524 	1250 	1307 	1347 	1532 	1551 	1556 	1564 	1565 	1566 	1567 	1568 	1571 	1572 	1573 	1620 	1685 	1885 	1934 	2636 	2638 	3033 	3949 	4229 	4230 	4231 	4232
319 	760 	1200 	1229 	1556 	1563 	1570 	1800 	1934 	2127 	2134 	2233 	2234 	2416 	2427 	2428 	2432 	2438 	2441 	2591 	2593 	2594 	2596 	2597 	2821 	2877 	3019 	3020 	3173 	3260 	3261 	3267 	3628 	3629 	3630 	3631 	3632 	3633
760 	1200 	1229 	1309 	1346 	1469 	1556 	1562 	1570 	1619 	1706 	2126 	2127 	2131 	2134 	2233 	2343 	2417 	2427 	2428 	2430 	2431 	2432 	2441 	2593 	2599 	2636 	3173 	3174 	3261 	3475 	3476 	3477 	3478 	3479 	3502 	3628 	3634 	4962 	7312 	7977 	8570
523 	524 	1556 	1560 	1561 	1565 	1566 	1567 	1568 	1571 	1573 	1574 	2152 	2842 	7118
523 	524 	1556 	1561 	1564 	1566 	1567 	1568 	1571
523 	1229 	1551 	1556 	1560 	1561 	1564 	1565 	1567 	1568 	1571 	1572 	5500 	8211
523 	524 	760 	1200 	1217 	1229 	1348 	1556 	1560 	1561 	1564 	1565 	1566 	1568 	1571 	1572 	2125 	2126 	2131 	2132 	2134 	2590 	3261 	5073 	8471
523 	524 	1556 	1561 	1564 	1565 	1566 	1567 	1571
1556
25 	310 	317 	319 	321 	760 	1200 	1229 	1309 	1346 	1505 	1556 	1560 	1562 	1563 	1619 	1661 	1706 	1800 	2060 	2124 	2127 	2129 	2134 	2233 	2234 	2412 	2416 	2417 	2426 	2427 	2428 	2429 	2432 	2436 	2438 	2439 	2440 	2444 	2590 	2591 	2592 	2593 	2595 	2596 	2597 	2599 	2775 	2821 	2877 	2878 	3018 	3019 	3020 	3173 	3174 	3260 	3261 	3475 	3476 	3477 	3479 	3523 	3629 	3630 	3823 	5412 	7312 	7598 	9529 	9563 	10031 	10428
523 	524 	1556 	1561 	1564 	1565 	1566 	1567 	1568 	1572 	1573
523 	524 	1556 	1561 	1566 	1567 	1571
1556 	1560 	1561 	1564 	1571 	1574 	2206
1556 	1557 	1560 	1564 	1573 	2206 	2773 	2774 	2775
512 	516 	517
295 	1492 	1577 	1578 	1579 	1580 	1581 	1582 	1583 	1584 	1585 	1586 	1587 	1588 	1589 	1590
295 	1492 	1576 	1579 	1580 	1584
1492 	1576 	1579 	1580 	1581 	1582 	1587 	1589 	1912 	3066 	3069 	3081
295 	1491 	1492 	1576 	1577 	1578 	1582 	1583 	1584 	1586 	1587 	1588 	1589 	1590 	3066 	3069 	3967
295 	1491 	1492 	1576 	1577 	1578 	1581 	1582 	1583 	1584 	1586 	1587 	1588 	1589 	1912 	2233 	3039 	3066 	3067 	3068 	3069 	3070 	3071 	3072 	3073 	3074 	3075 	3076 	3077 	3078 	3079 	3080 	3081 	3082 	3083
1491 	1492 	1576 	1578 	1580 	1582 	1583 	1584 	1586 	1587 	1588 	1589 	1590 	1912 	3066 	3069 	3967
295 	1492 	1576 	1578 	1579 	1580 	1581 	1584 	1585 	1586 	1587 	1588 	1589 	1912 	3066 	3069 	3967
1492 	1576 	1579 	1580 	1581 	1584 	1585 	1586 	1587 	1588 	1589 	1590 	3069
1491 	1492 	1576 	1577 	1579 	1580 	1581 	1582 	1583 	1585 	1586 	1587 	1588 	1589 	1590 	1912 	3069
1491 	1492 	1576 	1582 	1583 	1584 	1586 	1587 	1589 	1590 	1912
295 	1491 	1576 	1579 	1580 	1581 	1582 	1583 	1584 	1585 	1587 	1588 	1589 	1590 	3069 	4511
1491 	1492 	1576 	1578 	1579 	1580 	1581 	1582 	1583 	1584 	1585 	1586 	1588 	1589 	1590 	1912 	3069 	3967
295 	1492 	1576 	1579 	1580 	1581 	1582 	1583 	1584 	1586 	1587 	1589 	1590 	3066 	3069
1491 	1492 	1576 	1578 	1579 	1580 	1581 	1582 	1583 	1584 	1585 	1586 	1587 	1588 	1590 	3066 	3069 	3967
1491 	1492 	1576 	1579 	1581 	1583 	1584 	1585 	1586 	1587 	1588 	1589 	3069
1114
1593 	1594
1469 	1592 	3776 	7596 	9033 	9208 	9209
1250 	1265 	1592 	4537
1596 	1597 	1598 	1599 	1600 	1601
1595 	1597
1595 	1596
1595 	1600 	1879 	2061 	2081 	3501 	4149 	4710 	4895 	5115 	7761 	8071 	8494 	9449 	9542 	9543 	9544 	9545 	9546 	9547 	9548 	9549 	9550 	9551 	9552 	9553
1595 	1601 	5943 	7090 	7091 	7092 	8259
1595 	1598
1595 	1599 	7092 	8259
441
1604 	1605 	1606
137 	1603
130 	131 	132 	1603 	3273 	3615 	3881 	4317 	6437 	6790
131 	132 	1603 	3615 	3620 	10171
432 	1608 	1609 	1610 	1611 	1612
1607 	10521
432 	1273 	1607 	1610 	1611 	2366 	2367 	2720
432 	1273 	1607 	1609 	1611 	2366 	2367 	2720 	6111 	7182 	9180 	10676
432 	1273 	1607 	1609 	1610 	2720 	5936
3 	25 	1250 	1265 	1271 	1299 	1300 	1407 	1532 	1539 	1546 	1607 	1932 	1933 	1934 	1936 	1937 	1939 	1940 	1941 	1942 	1944 	1946 	1948 	1949 	1950 	1952 	1953 	1954 	1957 	2836 	2837 	2838 	3943
1022
1217 	1615 	1616 	1617
89 	1217 	1228 	1229 	1235 	1614 	1688 	1689 	1705 	1706 	2108 	2109 	2641 	3258 	3268 	4796 	5030
1614 	2108
1614 	2108 	2109
384 	1619 	1620 	1621 	1622 	1623 	1624
311 	1441 	1563 	1570 	1618 	2141 	2636 	3476 	3477 	3478 	3479 	6892
337 	563 	1028 	1038 	1200 	1250 	1281 	1307 	1308 	1311 	1347 	1439 	1441 	1532 	1551 	1561 	1618 	1623 	1655 	1656 	1709 	1880 	1883 	1884 	1885 	1888 	1889 	1890 	1891 	2151 	2153 	2154 	2155 	2156 	2317 	2414 	2433 	2443 	2452 	2478 	2711 	2891 	2896 	2990 	3002 	3017 	3047 	3285 	3538 	3818 	3819 	3825 	3896 	3949 	3960 	4082 	4948 	4950 	4951 	5088 	5090 	5091 	5092 	5093 	5494 	7443 	7506 	8242 	9613 	10106 	10210
1618
384 	1618 	4927 	7230
337 	1250 	1281 	1307 	1311 	1347 	1532 	1618 	1620 	1655 	1656 	1709 	2313 	2433 	2452 	2510 	2762 	2764 	2765 	3047 	3048 	3049 	3261 	3285 	3538 	3818 	3819 	3825 	4080 	4948 	4950 	4951 	5087 	5088 	5089 	5090 	5091 	5092 	5093
384 	1618 	2032 	4182
1143 	1144 	1626 	1627 	1628 	1629 	1630 	1631 	1632 	1633
1143 	1144 	1625 	1627 	1629 	1630 	1631 	1632 	1633 	2340 	2483 	2484 	2485 	2736 	2737 	2738 	2739 	2740 	2741 	2742 	2743 	2744 	2745 	2746 	2747 	2748 	2749 	2750 	2751 	2752
1143 	1144 	1625 	1626 	1629 	1630 	1631 	1632 	1633 	2340 	2483 	2484 	2485
1143 	1144 	1625 	2340 	2483 	2484 	2485 	4288 	4406 	4923 	5617 	6364 	6365 	7413
1143 	1144 	1625 	1626 	1627 	1630 	1631 	1632 	1633 	2340 	2483 	2484 	2485 	2736 	2737 	2739 	2741 	2745 	2746 	2747 	2748 	2749 	2750 	2751
1143 	1144 	1625 	1626 	1627 	1629 	1631 	1632 	1633 	2340 	2483 	2484 	2485 	2736 	2737 	2738 	2739 	2740 	2741 	2742 	2743 	2744 	2745 	2746 	2747 	2748 	2749 	2750 	2751 	2752
1143 	1144 	1625 	1626 	1627 	1629 	1630 	1632 	1633 	2340 	2483 	2484 	2485
1143 	1144 	1625 	1626 	1627 	1629 	1630 	1631 	1633 	1931 	2340 	2483 	2484 	2485 	2736 	2737 	2738 	2739 	2740 	2741 	2742 	2743 	2744 	2745 	2746 	2747 	2748 	2749 	2750 	2751 	2752
1143 	1144 	1625 	1626 	1627 	1629 	1630 	1631 	1632 	2340 	2483 	2484 	2485
254 	1635 	1636 	1637 	1638 	1639
256 	1634 	4279 	4280 	4329 	4945 	4946 	7032 	7588 	9015 	9885
254 	1634 	1637 	1639 	10076
250 	252 	254 	1075 	1634 	1636 	1639 	4277 	4279 	4280 	7588
1634 	3566
254 	1075 	1634 	1636 	1637 	4277 	4278 	4279 	4280 	4502 	4503 	4504 	4505 	4506 	4507
1641 	1642 	1643
1640 	2507
1291 	1640 	2404 	4024 	7706 	7707 	7708
1249 	1640 	1799 	1803 	2661 	3723 	3890 	3901 	4074 	4075 	4076 	4077 	4078
1389 	1473 	1645 	3213 	3956 	5202 	5203 	8194 	9761
1250 	1310 	1311 	1389 	1390 	1398 	1405 	1411 	1473 	1508 	1644
1647
1646 	2157
959 	1649 	1650 	1651
1648 	1650
1648 	1649
1648
198 	1653 	1654
198 	505 	1652 	1654 	2072 	2073
1652 	1653
1620 	1623 	1656
1620 	1623 	1655
1658
315 	1657
1660 	1661
1659
694 	1570 	1659 	1706 	2134 	2590 	2592 	2636 	3549 	5176 	6008 	6010 	8931 	10203
1663
322 	1662 	2591 	3427 	3433 	5085 	5086 	5391 	5456 	6107 	6108 	6610 	8871
1665 	1666 	1667 	1668 	1669 	1670 	1671 	1672 	1673 	1674 	1675 	1676 	1677 	1678
1221 	1664 	1667 	1669 	1670 	3177
1664 	1667 	1668 	1670 	1672 	1676 	1677
78 	1664 	1665 	1666 	1668 	1670 	1672 	1675 	1676 	1677 	1678 	6432 	7680
1664 	1666 	1667 	1670 	1675 	1676 	1677 	1678
1221 	1664 	1665 	3177 	5958
1664 	1665 	1666 	1667 	1668 	1672 	1675 	1676 	1677 	1678
1664
1664 	1666 	1667 	1670 	1675 	1677
1664
1664
1664 	1667 	1668 	1670 	1672 	1677
1664 	1666 	1667 	1668 	1670
1664 	1666 	1667 	1668 	1670 	1672 	1675
1664 	1667 	1668 	1670
1680 	1681
1679 	1681
1679 	1680 	3242 	8208 	9580
1683
1682 	3236
1270 	1685
1250 	1270 	1271 	1277 	1287 	1312 	1530 	1551 	1561 	1684 	2636 	3031 	3033 	3096 	3524 	8043 	10040 	10044
571 	1217 	1227 	1228 	1233 	1234 	1235 	1687 	1688 	1689
1217 	1229 	1686 	1689 	1954 	6313 	6314 	6315 	6316 	6318 	7244 	8192
89 	571 	1217 	1226 	1227 	1228 	1229 	1231 	1232 	1234 	1235 	1615 	1686 	1706 	2641 	3258 	4568 	4794 	4796 	5025 	5030 	7877 	7878 	7879 	7880
1213 	1215 	1217 	1229 	1235 	1615 	1686 	1687 	1705 	1706 	1954 	2636 	3259 	3273 	3700 	4793 	8127 	9709
1691
1690 	2660 	2661 	2662
1693
1692 	3025 	4717 	8353
1695
591 	1473 	1694 	1801 	2090 	2270 	2527 	3418 	3790 	5836 	5861 	6366 	6367 	7844 	9076
1697
591 	1696 	2087
1699 	1700
1250 	1473 	1508 	1698 	1700 	1897 	2060 	2273 	2531 	2633 	3947 	3962 	4417 	4418 	4419 	4422 	4834 	7385
1698 	1699
1702 	1703 	1704 	1705 	1706 	1707
1250 	1265 	1270 	1530 	1550 	1701 	1703 	1707 	1934 	1937 	3289 	4182 	4183 	4184 	4185
1701 	1702 	1707 	4032 	4182
1701 	5449 	5450
1217 	1229 	1615 	1689 	1701 	1706 	2432
89 	1217 	1229 	1557 	1563 	1570 	1615 	1661 	1688 	1689 	1701 	1705 	1800 	2127 	2134 	2432 	2592 	2593 	2594 	2636 	2774 	3015 	3173 	3262 	4793 	4836 	5151 	5944 	9565
1701 	1702 	1703 	3926 	4182 	4183 	4184 	4185 	4613
1709
1620 	1623 	1708 	2443 	3896 	5088 	6231 	7920 	9112 	9523 	9661 	10004
563 	1711 	1712 	1713 	1714 	1715 	1716 	1717 	1718 	1719
638 	1154 	1314 	1710 	1719 	2348 	2545 	5402 	8088 	9321 	9460 	9621 	9788
1157 	1710
470 	563 	1176 	1710 	2348 	4913
30 	31 	34 	38 	221 	222 	224 	447 	462 	702 	1274 	1710 	1716 	1717 	1718 	1746 	1747 	1748 	1749 	1750 	1751 	1753 	1754 	1755 	1756 	1757 	1759 	1760 	1761 	1762 	1763 	1764 	1765 	1766 	1770 	1771 	1773 	1774 	1775 	1776 	1778 	1846 	1848 	1849 	2113 	2114 	2115 	2163 	2164 	2177 	3198 	3199 	3365 	4449 	4450 	4451 	4452 	4453 	6953 	7140 	7758 	9667
30 	37 	1710 	1716 	1717 	1718 	2177 	2179
221 	447 	701 	1710 	1714 	1715 	1717 	1718 	2177 	2179 	3198 	3199 	4517 	4518
24 	28 	29 	30 	34 	37 	38 	224 	447 	702 	1165 	1274 	1710 	1714 	1715 	1716 	1718 	1746 	1747 	1748 	1749 	1750 	1751 	1752 	1753 	1754 	1755 	1756 	1757 	1759 	1760 	1762 	1763 	1764 	1765 	1766 	1767 	1768 	1769 	1770 	1771 	1773 	1774 	1775 	1776 	1777 	1778 	1812 	1843 	1847 	1848 	1849 	2163 	2164 	2177 	2179 	2180 	2181 	4526
1710 	1714 	1715 	1716 	1717 	2177 	2179
1710 	1711 	3581
1721
1720 	3848 	3849 	4730 	4731 	4732 	4733 	4734 	4735 	4736 	4737
1357 	1723
100 	337 	1083 	1281 	1282 	1357 	1722 	2711 	2716 	2892 	2894 	2895 	2897 	2898 	4038
1725
1095 	1439 	1724 	2124 	2248 	2249 	3487 	3488 	3491 	4265 	9502 	10583
78 	1727
1726 	2300
563 	1729
563 	1728 	4220
1731 	1732
1730 	4394 	4396 	4397
1730 	3039
1177 	1734 	1735 	1736 	1737 	1738 	1739
1733 	1735 	1736
608 	1296 	1733 	1734 	1736 	1738 	4379 	7606 	8569
1296 	1733 	1734 	1735 	1738 	1961 	2392 	4208 	4676 	5487 	7788 	9952 	10469 	10470
1296 	1733 	1739 	7974
1296 	1733 	1735 	1736 	1739 	4379 	5318
1177 	1296 	1733 	1737 	1738 	4379 	8544
1741
879 	1740 	2310 	5470 	6260 	10086
1228 	1229 	1235
9 	1744 	1745
1743 	1745
1743 	1744
27 	29 	30 	34 	38 	224 	228 	447 	1165 	1274 	1714 	1717 	1747 	1748 	1749 	1750 	1751 	1752 	1753 	1754 	1755 	1756 	1757 	1758 	1759 	1760 	1761 	1762 	1763 	1764 	1765 	1766 	1767 	1768 	1769 	1770 	1771 	1772 	1773 	1774 	1775 	1776 	1777 	1778
224 	447 	1165 	1714 	1717 	1746 	1748 	1749 	1750 	1751 	1752 	1753 	1755 	1759 	1760 	1761 	1762 	1763 	1764 	1765 	1768 	1769 	1770 	1774 	1775 	1776 	1777 	1778 	1848 	1849 	2163 	2164
29 	30 	34 	38 	224 	447 	1165 	1274 	1714 	1717 	1746 	1747 	1749 	1750 	1751 	1752 	1753 	1754 	1755 	1756 	1757 	1759 	1760 	1761 	1762 	1764 	1765 	1766 	1767 	1768 	1769 	1770 	1771 	1773 	1775 	1776 	1777 	1778 	1848 	1849 	2163 	2164
29 	30 	34 	38 	224 	447 	1165 	1274 	1714 	1717 	1746 	1747 	1748 	1750 	1751 	1752 	1753 	1754 	1755 	1756 	1757 	1759 	1760 	1762 	1763 	1764 	1765 	1766 	1768 	1769 	1770 	1771 	1773 	1774 	1775 	1776 	1777 	1778 	1848 	1849 	2163 	2164
29 	30 	34 	38 	224 	447 	1165 	1274 	1714 	1717 	1746 	1747 	1748 	1749 	1751 	1752 	1753 	1754 	1755 	1756 	1757 	1759 	1760 	1761 	1762 	1763 	1764 	1765 	1766 	1767 	1768 	1769 	1770 	1771 	1773 	1774 	1775 	1776 	1777 	1778 	1848 	1849 	2163 	2164
29 	30 	34 	38 	224 	447 	1165 	1274 	1714 	1717 	1746 	1747 	1748 	1749 	1750 	1752 	1753 	1754 	1755 	1756 	1757 	1759 	1760 	1761 	1762 	1763 	1764 	1765 	1766 	1767 	1768 	1769 	1770 	1771 	1772 	1773 	1774 	1775 	1776 	1777 	1778 	1848 	1849 	2163 	2164
30 	224 	447 	1165 	1717 	1746 	1747 	1748 	1749 	1750 	1751 	1753 	1755 	1759 	1760 	1762 	1763 	1764 	1765 	1769 	1770 	1771 	1774 	1775 	1776 	1777 	1778 	1848 	1849 	2163 	2164
29 	30 	34 	38 	224 	228 	447 	1117 	1165 	1274 	1714 	1717 	1746 	1747 	1748 	1749 	1750 	1751 	1752 	1754 	1755 	1756 	1757 	1759 	1760 	1761 	1762 	1763 	1764 	1765 	1766 	1767 	1768 	1769 	1770 	1771 	1773 	1775 	1776 	1778 	1849 	5871 	7162 	9853
27 	29 	30 	34 	38 	224 	228 	447 	1165 	1274 	1714 	1717 	1746 	1748 	1749 	1750 	1751 	1753 	1755 	1756 	1757 	1759 	1760 	1761 	1762 	1763 	1765 	1766 	1767 	1768 	1769 	1770 	1771 	1772 	1773 	1775 	1776 	1777 	1778 	1849
29 	30 	34 	38 	224 	447 	1165 	1274 	1714 	1717 	1746 	1747 	1748 	1749 	1750 	1751 	1752 	1753 	1754 	1756 	1757 	1759 	1760 	1761 	1762 	1763 	1764 	1765 	1766 	1767 	1768 	1769 	1770 	1771 	1773 	1774 	1775 	1776 	1777 	1778 	1848 	1849 	2163 	2164
24 	25 	27 	29 	30 	33 	37 	38 	224 	447 	1165 	1274 	1714 	1717 	1746 	1748 	1749 	1750 	1751 	1753 	1754 	1755 	1758 	1759 	1760 	1761 	1763 	1764 	1765 	1767 	1768 	1770 	1771 	1775 	1776 	3237
24 	30 	34 	37 	38 	224 	1165 	1714 	1717 	1746 	1748 	1749 	1750 	1751 	1753 	1754 	1755 	1759 	1760 	1763 	1764 	1765 	1768 	1770 	1771 	1772 	1775 	1776 	1777 	1840 	1850
30 	38 	228 	447 	1274 	1746 	1756 	7562
29 	30 	34 	38 	224 	1165 	1274 	1714 	1717 	1746 	1747 	1748 	1749 	1750 	1751 	1752 	1753 	1754 	1755 	1756 	1757 	1760 	1761 	1762 	1763 	1764 	1766 	1767 	1768 	1769 	1770 	1771 	1773 	1774 	1775 	1776 	1777 	1778 	1848 	1849 	2163 	2164
29 	30 	34 	38 	224 	447 	1165 	1274 	1714 	1717 	1746 	1747 	1748 	1749 	1750 	1751 	1752 	1753 	1754 	1755 	1756 	1757 	1759 	1761 	1762 	1763 	1764 	1765 	1766 	1767 	1768 	1769 	1770 	1771 	1772 	1773 	1774 	1775 	1776 	1777 	1778 	1848 	1849 	2163 	2164
30 	224 	1165 	1274 	1714 	1746 	1747 	1748 	1750 	1751 	1753 	1754 	1755 	1756 	1759 	1760 	1762 	1763 	1764 	1766 	1768 	1769 	1770 	1771 	1773 	1774 	1775 	1776 	1777 	1778 	1848 	1849 	2163 	2164 	3770 	9863
224 	1165 	1274 	1714 	1717 	1746 	1747 	1748 	1749 	1750 	1751 	1752 	1753 	1754 	1755 	1759 	1760 	1761 	1763 	1764 	1765 	1768 	1769 	1770 	1772 	1774 	1775 	1776 	1777 	1778 	1849 	2163 	2164
29 	30 	34 	38 	224 	447 	1165 	1274 	1714 	1717 	1746 	1747 	1749 	1750 	1751 	1752 	1753 	1754 	1755 	1756 	1757 	1759 	1760 	1761 	1762 	1764 	1765 	1766 	1767 	1768 	1769 	1770 	1771 	1772 	1773 	1774 	1775 	1776 	1777 	1778 	1848 	1849 	2163 	2164
29 	30 	34 	38 	224 	447 	1165 	1714 	1717 	1746 	1747 	1748 	1749 	1750 	1751 	1752 	1753 	1755 	1756 	1757 	1759 	1760 	1761 	1762 	1763 	1765 	1766 	1767 	1768 	1769 	1770 	1771 	1773 	1774 	1775 	1776 	1777 	1778 	1848 	1849 	2163 	2164
29 	30 	34 	38 	224 	228 	447 	1165 	1274 	1714 	1717 	1746 	1747 	1748 	1749 	1750 	1751 	1752 	1753 	1754 	1755 	1756 	1757 	1760 	1762 	1763 	1764 	1767 	1768 	1769 	1770 	1771 	1773 	1774 	1775 	1776 	1777 	1778 	1848 	1849 	2163 	2164
34 	38 	224 	1165 	1714 	1717 	1746 	1748 	1749 	1750 	1751 	1753 	1754 	1755 	1759 	1760 	1761 	1763 	1764 	1770 	1771 	1772 	1773 	1775 	1776 	1777 	1850
27 	29 	30 	34 	37 	38 	224 	447 	1165 	1274 	1717 	1746 	1748 	1750 	1751 	1753 	1754 	1755 	1756 	1759 	1760 	1763 	1764 	1765 	1770 	1771 	1775 	1776 	1777 	1850 	3594 	4822 	9838
29 	34 	38 	447 	1165 	1717 	1746 	1747 	1748 	1749 	1750 	1751 	1753 	1754 	1755 	1756 	1757 	1759 	1760 	1761 	1762 	1763 	1764 	1765 	1770 	1771 	1772 	1773 	1774 	1777 	1848 	1849 	2164
224 	1165 	1274 	1717 	1746 	1747 	1748 	1749 	1750 	1751 	1752 	1753 	1754 	1755 	1759 	1760 	1761 	1762 	1763 	1764 	1765 	1770 	1771 	1774 	1775 	1776 	1777 	1778 	1849 	2163 	2164
29 	30 	34 	38 	224 	447 	1165 	1274 	1714 	1717 	1746 	1747 	1748 	1749 	1750 	1751 	1752 	1753 	1754 	1755 	1756 	1757 	1759 	1760 	1761 	1762 	1763 	1764 	1765 	1766 	1767 	1768 	1769 	1771 	1773 	1774 	1775 	1776 	1777 	1778 	1848 	1849 	2163 	2164
27 	29 	30 	34 	38 	224 	447 	1165 	1274 	1714 	1717 	1746 	1748 	1749 	1750 	1751 	1752 	1753 	1754 	1755 	1756 	1757 	1759 	1760 	1761 	1763 	1764 	1765 	1766 	1767 	1768 	1769 	1770 	1772 	1773 	1774 	1775 	1776 	1777 	1778 	1848 	1849 	2163 	2164
1274 	1746 	1751 	1754 	1757 	1760 	1762 	1763 	1766 	1768 	1771 	1776 	1848 	1849
27 	34 	38 	224 	1165 	1714 	1717 	1746 	1748 	1749 	1750 	1751 	1753 	1754 	1755 	1759 	1760 	1761 	1763 	1764 	1765 	1766 	1768 	1770 	1771 	1775 	1776 	1777
224 	228 	447 	1165 	1714 	1717 	1746 	1747 	1749 	1750 	1751 	1752 	1755 	1759 	1760 	1761 	1762 	1763 	1764 	1765 	1768 	1769 	1770 	1771 	1775 	1776 	1778 	1848 	1849 	2163 	2164
29 	30 	34 	38 	224 	447 	1165 	1274 	1714 	1717 	1746 	1747 	1748 	1749 	1750 	1751 	1752 	1753 	1754 	1755 	1756 	1757 	1759 	1760 	1761 	1762 	1763 	1764 	1765 	1766 	1767 	1769 	1770 	1771 	1773 	1774 	1776 	1777 	1778 	1848 	1849 	2163 	2164 	3843
29 	30 	34 	38 	224 	447 	1274 	1714 	1717 	1746 	1747 	1748 	1749 	1750 	1751 	1752 	1753 	1754 	1755 	1756 	1757 	1759 	1760 	1761 	1762 	1763 	1764 	1765 	1766 	1767 	1769 	1770 	1771 	1772 	1773 	1774 	1775 	1777 	1778 	1848 	1849 	2163 	2164
24 	29 	30 	33 	34 	37 	38 	224 	228 	447 	1165 	1274 	1717 	1746 	1747 	1748 	1749 	1750 	1751 	1752 	1754 	1755 	1757 	1759 	1760 	1761 	1762 	1763 	1764 	1765 	1766 	1767 	1768 	1769 	1770 	1771 	1773 	1775 	1776 	1778 	1835 	1837 	1840 	1842 	1844 	1848 	1849
224 	1165 	1274 	1714 	1717 	1746 	1747 	1748 	1749 	1750 	1751 	1752 	1753 	1754 	1755 	1759 	1760 	1761 	1762 	1763 	1764 	1765 	1769 	1770 	1771 	1774 	1775 	1776 	1777 	1849 	2163 	2164
563 	1780
1202 	1779 	7484
1782
1781 	7175
1784
5 	843 	1293 	1294 	1783 	2712 	2715 	2718 	2719 	6235 	6236 	6237
766
228 	1274
1150 	9393
782 	1063 	1150 	1158 	1250 	1291 	1303 	1473 	1798 	1801 	2404 	2531 	2573 	2579 	2582 	3570 	3718 	3719 	3741 	3961 	6158 	9947 	10450
1150
1150 	1509 	1792
1150
1150 	1509 	1790
1150 	1188 	1794 	1918 	2385 	2386 	2387 	2388 	2389 	2577
1150 	1793 	1800 	1914 	1921 	2389
1150
1150
782 	1150 	1176 	1177 	1800 	2528 	2537 	2548 	2553 	2573 	2650 	3773 	4823 	4824
1063 	1150 	1151 	1188 	1250 	1291 	1303 	1473 	1788 	1801 	2404 	2579 	2582 	3570 	5708 	6158 	7390
1145 	1150 	1188 	1509 	1643 	1869 	2503 	2619 	4674
25 	228 	319 	1150 	1200 	1562 	1570 	1706 	1794 	1797 	2123 	2124 	2134 	2438 	2464 	2593 	2775 	3263 	3594 	4169 	4618 	4619 	4620 	4621 	4622
649 	782 	841 	917 	959 	1033 	1044 	1063 	1150 	1151 	1177 	1250 	1291 	1303 	1353 	1401 	1462 	1473 	1547 	1695 	1788 	1798 	2404 	2550 	2573 	2582 	2784 	2785 	2945 	3021 	3364 	3456 	3529 	3570 	3795 	3832 	4100 	4396 	5230 	6158 	7097 	8189 	9138 	9384 	9569 	9679 	10409 	10523 	10654
1150 	1314 	1459 	1804 	2530 	2733 	3114 	9526
1147 	1150 	1509 	1643 	2813 	3533 	9399
1150 	1802 	2530
1150 	2450 	8853 	9423 	9424 	9425 	9426 	9427
1807 	1808
546 	1806 	1808 	9221
1806 	1807
1810
1809 	7374
1812 	1813 	1814
31 	702 	1717 	1811 	2176 	2177 	2178 	2179 	6312 	7936 	7937
1811
1811
1137 	1138 	1816 	1817 	1818 	1819
1137 	1138 	1139 	1815 	1817 	1818 	1819 	6816 	6817 	6818 	6819 	6820 	6821 	6822
1137 	1138 	1815 	1816 	1818 	1819
411 	416 	425 	934 	1137 	1138 	1139 	1815 	1816 	1817 	1819 	2207 	3807 	3808 	6280 	6817 	6820 	7006 	7009
1137 	1138 	1815 	1816 	1817 	1818
1174 	1176
1822 	1823
1821 	1823 	3533
1821 	1822
1825 	1826 	1827
551 	552 	1824 	1826 	1827 	2037 	2038 	2040 	2041 	2042 	2043 	2044 	3597 	4514 	4515 	4516 	5931 	9588 	9589 	9590
1824 	1825 	1827
1824 	1825 	1826
1829
1828 	2949 	3548 	4722
1831
1830 	4186
1833
1832 	2215 	2288 	3584 	4302 	4303 	4645 	4719 	4722 	4728 	4729 	4918 	5401 	7387 	7672 	7883 	7948 	8358 	9073 	10488 	10520
228 	1274
38 	228 	1274 	1777 	9775
30 	249 	476 	1264 	1274 	1276 	1286 	2506 	10642
24 	26 	29 	30 	31 	33 	34 	36 	37 	38 	221 	447 	664 	1274 	1777 	1840 	1842 	1843 	1844 	2181 	2182 	7368
228 	1165 	1274 	1851
28 	31 	221 	222 	223 	224 	225 	226 	227 	228 	1274 	1846 	1847
24 	26 	29 	30 	31 	34 	37 	38 	447 	1274 	1757 	1777 	1837 	1842 	1843 	1844 	1846 	2181 	2182 	6778 	8811 	9791
30 	100 	337 	1033 	1116 	1117 	1264 	1267 	1274 	1281 	1337 	3126 	3127 	3569 	3940 	5240
24 	29 	30 	33 	34 	37 	38 	447 	1274 	1777 	1837 	1840 	1843 	1844
24 	26 	29 	30 	31 	33 	36 	37 	38 	447 	1274 	1717 	1837 	1840 	1842 	1844 	2181 	2182
24 	29 	30 	33 	34 	37 	38 	447 	1274 	1777 	1837 	1840 	1842 	1843
1274 	4217
24 	28 	30 	221 	222 	224 	226 	227 	228 	1274 	1714 	1839 	1840 	1847
28 	221 	222 	224 	226 	227 	228 	1274 	1717 	1839 	1846
30 	33 	34 	36 	38 	224 	447 	1165 	1274 	1714 	1717 	1747 	1748 	1749 	1750 	1751 	1752 	1755 	1759 	1760 	1761 	1763 	1764 	1765 	1768 	1770 	1771 	1772 	1774 	1775 	1776 	1777 	2163 	2164 	7323 	7324
224 	1165 	1274 	1714 	1717 	1747 	1748 	1749 	1750 	1751 	1752 	1753 	1754 	1755 	1759 	1760 	1761 	1762 	1763 	1764 	1765 	1768 	1769 	1770 	1771 	1772 	1774 	1775 	1776 	1777 	1778 	2163 	2164
30 	1274 	1757 	1766 	1767
30 	228 	1165 	1274 	1838 	8517
1853 	1854 	1855
1852 	1855
524 	1852 	1855 	7136 	8380 	10512
427 	524 	1852 	1853 	1854 	2840 	3001 	3002 	3732 	3733 	3734 	3735 	3736 	3737
1857
1856 	5139 	8595 	8596
1200 	1859
1209 	1210 	1308 	1348 	1858 	2412 	2415 	2952 	2973 	8260 	8470 	9210
649
1862
523 	1532 	1539 	1861 	2835 	3340 	4339 	9388 	9389
1864 	1865 	1866
1863 	1865 	3191 	5096
1863 	1864 	3191
1863
1239
1869 	1870 	1871
1799 	1868 	7192 	7193 	7194 	7195
1868
1868
1250 	1467 	1522 	1873 	1874 	1875 	1876 	1877 	1878
1250 	1467 	1522 	1872 	1874 	1875 	1877 	1878 	2691
1250 	1467 	1522 	1872 	1873 	1875 	1877 	1878 	2691 	9526
1250 	1311 	1467 	1522 	1872 	1873 	1874 	1877 	1878 	2360 	2691 	3743 	4049 	7139 	8884 	8885 	10452
1872
1250 	1332 	1467 	1522 	1872 	1873 	1874 	1875 	1878 	2691 	2733 	3113 	3114 	3115 	3116 	3117
1250 	1467 	1522 	1872 	1873 	1874 	1875 	1877 	2691
1598
337 	1250 	1311 	1551 	1620 	1881 	1882 	1883 	1884 	1885 	1886 	1887 	1888 	1889 	1890 	1891
1880 	9925
337 	1250 	1311 	1551 	1880 	1888 	1889 	1890 	3960
337 	1311 	1362 	1551 	1620 	1880 	1884 	1888 	1889 	1891 	3002 	3960 	7656 	8232 	10440
337 	1250 	1311 	1551 	1620 	1880 	1883 	1885 	1888 	1889 	1890 	8295
337 	1250 	1268 	1271 	1311 	1546 	1551 	1561 	1620 	1880 	1884 	1886 	1888 	1889 	1890 	2033 	2638 	3008 	3960 	4783 	4784 	4785 	4786 	4787 	4788 	4789
337 	1250 	1880 	1885 	1888 	1889
1880 	10010
337 	1209 	1250 	1311 	1551 	1620 	1880 	1882 	1883 	1884 	1885 	1886 	1889 	1890 	2419 	3631 	3632 	7609 	9023 	9024 	10016
337 	1250 	1311 	1551 	1620 	1880 	1882 	1883 	1884 	1885 	1886 	1888 	1890
337 	1311 	1620 	1880 	1882 	1884 	1885 	1888 	1889
337 	1250 	1551 	1620 	1880 	1883 	3002 	4783 	9554 	9700 	9701
100 	964 	1893
1892
317
1239
1897
1699 	1896 	2273
1899
1898 	3718 	7897 	9840
1901
371 	1900 	5072 	5774 	6022 	6023 	7939 	7940 	7941 	7942 	7943 	7944
843 	1903 	1904 	1905 	1906 	1907 	1908
843 	1294 	1902 	1904 	1905 	1906 	1907 	1908
843 	1902 	1903 	1905 	1906 	1907 	1908
843 	1294 	1902 	1903 	1904 	1906 	1907 	1908 	6320
843 	1294 	1902 	1903 	1904 	1905 	1907 	1908
843 	1294 	1902 	1903 	1904 	1905 	1906 	1908
843 	1902 	1903 	1904 	1905 	1906 	1907
295 	319 	766 	1473 	1910 	1911 	1912 	1913
1909 	2230 	7805 	7910
1909
295 	1492 	1578 	1580 	1581 	1582 	1584 	1585 	1587 	1909 	2230 	3066 	3069 	3072 	3073 	3075 	3076 	3078 	3079 	3081 	3967 	4003 	5231
319 	766 	1909 	2230 	3877 	3878
964 	966 	1186 	1190 	1192 	1794 	1915 	1916 	1917 	1918 	1919 	1920 	1921
1914 	2385 	6478
1914 	6478 	8009
1914 	6478
1793 	1914
966 	1186 	1188 	1190 	1192 	1914 	3296 	3570
959 	1914 	6478 	6479
1334 	1794 	1914 	2530 	3771 	3772 	3773
1233
1924 	1925
1923 	1925 	5340 	5341
1923 	1924
1927 	1928 	1929 	1930
1926 	1928 	1929 	1930 	3173 	3988 	7813 	8081 	8082
1926 	1927 	1929 	2260 	2261 	2262 	2263
1926 	1927 	1928 	2263
1926 	1927 	4791
1632
3 	25 	1250 	1265 	1268 	1299 	1300 	1407 	1529 	1532 	1536 	1539 	1546 	1547 	1612 	1933 	1934 	1935 	1936 	1937 	1938 	1939 	1940 	1941 	1942 	1943 	1944 	1946 	1947 	1948 	1949 	1950 	1951 	1953 	1954 	1955 	1956 	1957 	2019 	2640 	2835 	2836 	2837 	2838 	3319 	3519 	4474 	4844 	4845 	7106 	7595 	7776 	9609
3 	25 	1250 	1265 	1271 	1299 	1300 	1407 	1529 	1532 	1536 	1539 	1546 	1547 	1612 	1932 	1934 	1935 	1936 	1937 	1938 	1939 	1940 	1941 	1942 	1943 	1944 	1946 	1947 	1948 	1949 	1950 	1951 	1952 	1953 	1954 	1956 	1957 	2640 	2835 	2836 	2837 	2838 	3943
3 	25 	1250 	1265 	1268 	1271 	1299 	1300 	1312 	1407 	1469 	1529 	1532 	1536 	1539 	1546 	1547 	1549 	1551 	1561 	1562 	1612 	1702 	1932 	1933 	1935 	1936 	1937 	1938 	1939 	1940 	1941 	1942 	1943 	1944 	1946 	1947 	1948 	1949 	1950 	1951 	1952 	1953 	1954 	1955 	1956 	1957 	2640 	2835 	2836 	2837 	2838 	3289 	3343 	3943 	3963
3 	1212 	1250 	1265 	1271 	1299 	1300 	1407 	1529 	1532 	1536 	1539 	1547 	1932 	1933 	1934 	1936 	1937 	1938 	1940 	1941 	1942 	1943 	1944 	1946 	1947 	1949 	1950 	1953 	1955 	1957 	2640 	2835 	2838 	3340 	3343
3 	25 	1250 	1265 	1271 	1299 	1300 	1407 	1529 	1532 	1536 	1539 	1546 	1547 	1612 	1932 	1933 	1934 	1935 	1937 	1938 	1939 	1940 	1941 	1942 	1943 	1944 	1946 	1947 	1948 	1949 	1950 	1951 	1952 	1953 	1954 	1955 	1956 	1957 	2640 	2836 	2837 	2838 	3943
3 	25 	1212 	1250 	1265 	1271 	1299 	1300 	1407 	1529 	1532 	1536 	1539 	1547 	1612 	1702 	1932 	1933 	1934 	1935 	1936 	1938 	1939 	1940 	1941 	1942 	1943 	1944 	1946 	1947 	1948 	1949 	1950 	1951 	1952 	1953 	1954 	1955 	1956 	1957 	2640 	2836 	2837 	2838 	3289 	3943 	3963
3 	1212 	1250 	1265 	1271 	1299 	1300 	1407 	1529 	1532 	1536 	1539 	1547 	1932 	1933 	1934 	1935 	1936 	1937 	1939 	1940 	1941 	1942 	1943 	1944 	1946 	1947 	1948 	1949 	1950 	1951 	1952 	1953 	1954 	1955 	1956 	1957 	2640 	2835 	2837 	2838 	3340 	3343
3 	25 	1250 	1265 	1271 	1299 	1300 	1407 	1529 	1532 	1536 	1539 	1546 	1547 	1612 	1932 	1933 	1934 	1936 	1937 	1938 	1940 	1941 	1942 	1943 	1944 	1946 	1947 	1948 	1949 	1950 	1951 	1952 	1954 	1955 	1956 	1957 	2640 	2835 	2836 	2837 	2838
3 	25 	1250 	1265 	1268 	1271 	1299 	1300 	1407 	1529 	1532 	1536 	1539 	1540 	1541 	1546 	1612 	1932 	1933 	1934 	1935 	1936 	1937 	1938 	1939 	1941 	1942 	1943 	1944 	1946 	1947 	1948 	1949 	1950 	1951 	1952 	1953 	1954 	1955 	1956 	1957 	2836 	2837 	2838 	6182
3 	25 	1212 	1250 	1265 	1299 	1300 	1407 	1529 	1532 	1539 	1546 	1612 	1932 	1933 	1934 	1935 	1936 	1937 	1938 	1939 	1940 	1942 	1943 	1944 	1947 	1948 	1949 	1950 	1952 	1953 	1954 	1955 	1957 	2640 	2835 	2836 	2837 	2838
3 	5 	25 	337 	843 	1250 	1268 	1281 	1292 	1293 	1294 	1299 	1300 	1407 	1529 	1532 	1536 	1539 	1546 	1547 	1612 	1932 	1933 	1934 	1935 	1936 	1937 	1938 	1939 	1940 	1941 	1943 	1944 	1946 	1947 	1948 	1949 	1950 	1951 	1952 	1953 	1954 	1955 	1956 	1957 	2640 	2715 	2718 	2835 	2836 	2837 	2838 	6235 	6236 	6237 	6238 	6239
3 	1265 	1299 	1300 	1407 	1529 	1532 	1536 	1539 	1547 	1932 	1933 	1934 	1935 	1936 	1937 	1938 	1939 	1940 	1941 	1942 	1944 	1946 	1947 	1948 	1949 	1950 	1951 	1952 	1953 	1954 	1955 	1956 	1957 	2835 	2837 	2838 	3340 	3343
3 	25 	1250 	1271 	1299 	1300 	1407 	1529 	1532 	1536 	1539 	1547 	1612 	1932 	1933 	1934 	1935 	1936 	1937 	1938 	1939 	1940 	1941 	1942 	1943 	1946 	1947 	1948 	1949 	1950 	1951 	1952 	1953 	1954 	1955 	1956 	1957 	2640 	2835 	2836 	2837 	2838
1250 	1300
3 	25 	1212 	1250 	1265 	1271 	1299 	1300 	1407 	1529 	1532 	1536 	1539 	1612 	1932 	1933 	1934 	1935 	1936 	1937 	1938 	1939 	1940 	1942 	1943 	1944 	1947 	1949 	1950 	1951 	1952 	1953 	1954 	1955 	1956 	1957 	2640 	2836 	2837
3 	337 	1212 	1250 	1265 	1268 	1271 	1281 	1292 	1293 	1299 	1300 	1407 	1529 	1532 	1536 	1539 	1547 	1932 	1933 	1934 	1935 	1936 	1937 	1938 	1939 	1940 	1941 	1942 	1943 	1944 	1946 	1948 	1949 	1950 	1951 	1952 	1953 	1954 	1955 	1956 	1957 	2640 	2837 	2838 	3340 	3343 	5303
25 	1250 	1265 	1271 	1299 	1300 	1407 	1529 	1532 	1536 	1539 	1546 	1547 	1612 	1932 	1933 	1934 	1936 	1937 	1938 	1939 	1940 	1941 	1942 	1943 	1944 	1947 	1949 	1950 	1951 	1952 	1954 	1955 	1956 	1957 	2640 	2835 	2836 	2837 	2838
3 	25 	662 	1250 	1265 	1299 	1300 	1407 	1529 	1532 	1536 	1539 	1546 	1612 	1932 	1933 	1934 	1935 	1936 	1937 	1938 	1939 	1940 	1941 	1942 	1943 	1944 	1946 	1947 	1948 	1950 	1952 	1953 	1954 	1955 	1957 	2462 	2640 	2835 	2836 	2837 	2838 	3479 	3689 	3946 	4107 	4108 	4109 	4110 	4111 	4113 	4114 	4115 	4116 	4118 	4120 	4121 	8330
3 	25 	1212 	1250 	1265 	1268 	1299 	1300 	1407 	1532 	1536 	1539 	1546 	1612 	1932 	1933 	1934 	1935 	1936 	1937 	1938 	1939 	1940 	1941 	1942 	1943 	1944 	1946 	1947 	1948 	1949 	1952 	1953 	1954 	1955 	1957 	2211 	2640 	2835 	2836 	2837 	2838 	3943
3 	1039 	1250 	1292 	1299 	1300 	1407 	1532 	1536 	1539 	1547 	1932 	1933 	1934 	1936 	1937 	1938 	1939 	1940 	1942 	1943 	1944 	1946 	1947 	1948 	1952 	1954 	1955 	1956 	1957 	2777 	2814 	2835 	2836 	2837 	2838
3 	25 	1250 	1265 	1271 	1299 	1300 	1407 	1529 	1532 	1536 	1539 	1547 	1612 	1933 	1934 	1936 	1937 	1938 	1939 	1940 	1941 	1942 	1943 	1944 	1946 	1947 	1948 	1949 	1950 	1951 	1954 	1955 	1956 	1957 	2640 	2835 	2836 	2837 	2838
3 	25 	1250 	1265 	1271 	1299 	1300 	1407 	1529 	1532 	1536 	1539 	1546 	1547 	1612 	1932 	1933 	1934 	1935 	1936 	1937 	1938 	1940 	1941 	1942 	1943 	1944 	1946 	1947 	1949 	1950 	1955 	1957 	2640 	2835 	2836 	2838
3 	25 	1212 	1229 	1231 	1250 	1265 	1271 	1299 	1300 	1407 	1432 	1529 	1532 	1536 	1539 	1547 	1612 	1687 	1689 	1932 	1933 	1934 	1936 	1937 	1938 	1939 	1940 	1941 	1942 	1943 	1944 	1946 	1947 	1948 	1949 	1950 	1951 	1952 	1955 	1956 	1957 	2636 	2637 	2640 	2835 	2836 	2837 	2838 	4326 	9819
3 	1212 	1250 	1265 	1271 	1299 	1300 	1407 	1529 	1532 	1536 	1539 	1547 	1932 	1934 	1935 	1936 	1937 	1938 	1939 	1940 	1941 	1942 	1943 	1944 	1946 	1947 	1948 	1949 	1950 	1951 	1952 	1953 	1954 	1956 	1957 	2640 	2835 	2837 	2838 	3340 	3342 	3343 	10177
3 	25 	1250 	1265 	1268 	1299 	1300 	1407 	1532 	1539 	1547 	1932 	1933 	1934 	1936 	1937 	1938 	1939 	1940 	1942 	1943 	1944 	1946 	1947 	1948 	1951 	1952 	1954 	1955 	1957 	2835 	2837 	2838
3 	25 	1250 	1265 	1271 	1299 	1300 	1407 	1529 	1532 	1536 	1539 	1546 	1547 	1612 	1932 	1933 	1934 	1935 	1936 	1937 	1938 	1939 	1940 	1941 	1942 	1943 	1944 	1946 	1947 	1948 	1949 	1950 	1951 	1952 	1953 	1954 	1955 	1956 	2835 	2836 	2837 	2838
1959 	1960 	1961 	1962
1958 	1960 	1962 	4227 	5077
719 	723 	831 	1958 	1959 	1962 	2084 	6891
563 	1296 	1736 	1958 	7122 	8262 	10498
1305 	1958 	1959 	1960 	2084 	4227 	4648 	9616
1964 	1965
1963 	2056 	2057 	2254 	2338
1963
1967 	1968 	1969 	1970 	1971 	1972 	1973
1966
1966
1966 	2304
1966
1966
1966
1966 	2134 	4104 	4105
1473 	1975 	1976 	1977
1974
1974 	6446 	9338 	10008
1974 	6475 	6476 	6477 	6732 	6901 	7310 	7432 	7617 	8583 	9406 	10390 	10404 	10622 	10632
1979
1978 	2906 	3204 	9000 	9065
1981 	1982 	1983 	1984 	1985 	1986 	1987 	1988 	1989 	1990 	1991 	1992 	1993 	1994 	1995 	1996 	1997 	1998 	1999 	2000 	2001
1980 	1982 	1983 	1984 	1985 	1986 	1987 	1988 	1989 	1990 	1991 	1992 	1993 	1994 	1995 	1996 	1997 	1998 	1999 	2000 	2001
1980 	1981 	1983 	1984 	1985 	1986 	1987 	1988 	1989 	1990 	1991 	1992 	1993 	1994 	1995 	1996 	1997 	1998 	1999 	2000 	2001
1980 	1981 	1982 	1984 	1985 	1986 	1987 	1988 	1989 	1990 	1991 	1992 	1993 	1994 	1995 	1996 	1997 	1998 	1999 	2000 	2001
1980 	1981 	1982 	1983 	1985 	1986 	1987 	1988 	1989 	1990 	1991 	1992 	1993 	1994 	1995 	1996 	1997 	1998 	1999 	2000 	2001
1980 	1981 	1982 	1983 	1984 	1986 	1987 	1988 	1989 	1990 	1991 	1992 	1993 	1994 	1995 	1996 	1997 	1998 	1999 	2000 	2001
1980 	1981 	1982 	1983 	1984 	1985 	1987 	1988 	1989 	1990 	1991 	1992 	1993 	1994 	1995 	1996 	1997 	1998 	1999 	2000 	2001
1980 	1981 	1982 	1983 	1984 	1985 	1986 	1988 	1989 	1990 	1991 	1992 	1993 	1994 	1995 	1996 	1997 	1998 	1999 	2000 	2001
1980 	1981 	1982 	1983 	1984 	1985 	1986 	1987 	1989 	1990 	1991 	1992 	1993 	1994 	1995 	1996 	1997 	1998 	1999 	2000 	2001
1234 	1980 	1981 	1982 	1983 	1984 	1985 	1986 	1987 	1988 	1990 	1991 	1992 	1993 	1994 	1995 	1996 	1997 	1998 	1999 	2000 	2001 	2116 	2117
1980 	1981 	1982 	1983 	1984 	1985 	1986 	1987 	1988 	1989 	1991 	1992 	1993 	1994 	1995 	1996 	1997 	1998 	1999 	2000 	2001
1980 	1981 	1982 	1983 	1984 	1985 	1986 	1987 	1988 	1989 	1990 	1992 	1993 	1994 	1995 	1996 	1997 	1998 	1999 	2000 	2001
1980 	1981 	1982 	1983 	1984 	1985 	1986 	1987 	1988 	1989 	1990 	1991 	1993 	1994 	1995 	1996 	1997 	1998 	1999 	2000 	2001
1980 	1981 	1982 	1983 	1984 	1985 	1986 	1987 	1988 	1989 	1990 	1991 	1992 	1994 	1995 	1996 	1997 	1998 	1999 	2000 	2001
1980 	1981 	1982 	1983 	1984 	1985 	1986 	1987 	1988 	1989 	1990 	1991 	1992 	1993 	1995 	1996 	1997 	1998 	1999 	2000 	2001 	2116 	2117
1980 	1981 	1982 	1983 	1984 	1985 	1986 	1987 	1988 	1989 	1990 	1991 	1992 	1993 	1994 	1996 	1997 	1998 	1999 	2000 	2001
1980 	1981 	1982 	1983 	1984 	1985 	1986 	1987 	1988 	1989 	1990 	1991 	1992 	1993 	1994 	1995 	1997 	1998 	1999 	2000 	2001
1980 	1981 	1982 	1983 	1984 	1985 	1986 	1987 	1988 	1989 	1990 	1991 	1992 	1993 	1994 	1995 	1996 	1998 	1999 	2000 	2001
1308 	1980 	1981 	1982 	1983 	1984 	1985 	1986 	1987 	1988 	1989 	1990 	1991 	1992 	1993 	1994 	1995 	1996 	1997 	1999 	2000 	2001 	2116 	2117 	2923 	2924 	9765 	10451
1980 	1981 	1982 	1983 	1984 	1985 	1986 	1987 	1988 	1989 	1990 	1991 	1992 	1993 	1994 	1995 	1996 	1997 	1998 	2000 	2001
1980 	1981 	1982 	1983 	1984 	1985 	1986 	1987 	1988 	1989 	1990 	1991 	1992 	1993 	1994 	1995 	1996 	1997 	1998 	1999 	2001
1980 	1981 	1982 	1983 	1984 	1985 	1986 	1987 	1988 	1989 	1990 	1991 	1992 	1993 	1994 	1995 	1996 	1997 	1998 	1999 	2000 	4402 	4403
1302 	2003 	2004
1302 	2002 	2004 	2339 	4269
1302 	2002 	2003 	2339
2006
2005 	4819 	4820 	10385
2008 	2009
530 	2007 	2307
2007
1418 	2011 	2012 	2013 	2014 	2015
1418 	2010 	2012 	2013 	2014 	2015
2010 	2011 	2013 	2014 	2015 	6558
1418 	2010 	2011 	2012 	2014 	2015
2010 	2011 	2012 	2013 	2015 	6558
2010 	2011 	2012 	2013 	2014 	6558
2017
841 	2016 	9333 	10057
2019 	2020 	2021
1932 	2018 	2020 	2021 	3035 	3036
2018 	2019 	2021 	3035 	3036
2018 	2019 	2020 	3035 	3036
2023 	2024 	2025
2022 	8518
1170 	2022 	2025 	7886 	7887 	7888
1170 	2022 	2024 	5952 	7887 	7888 	8521 	8574 	9418 	9707 	9935
25 	337 	966 	1250 	1309 	1311 	1469 	1526 	1527 	1528 	1529 	1530 	1532 	1534 	1535 	1536 	1537 	1538 	1539 	1540 	1541 	1542 	1543 	1544 	1545 	1546 	1547 	1548 	1549 	1550 	1552 	1553 	3521
1532 	1536 	1539 	1541 	1542 	1553 	2029 	2031 	3344
1553 	2029 	2031 	2350 	3260 	7719
1553 	2027 	2028 	2031 	2350 	10403
1250 	1347 	1526 	1532 	1537 	1538 	1539 	1552 	1553 	3344 	3459 	4124 	4537 	7275 	7276
1308 	1347 	1532 	1536 	1539 	1552 	1553 	2027 	2028 	2029 	2198 	3285 	7229 	7258 	7719 	9581
1624 	2033
1885 	2032
57 	199 	474 	2035 	2036
2034 	5947
57 	2034
551 	1825 	2038 	2039 	2040 	2041 	2042 	2043 	2044
551 	1825 	2037 	2041 	2042 	2044
2037 	2044
551 	1825 	2037 	2041 	2042 	2043 	5931 	5933 	5934
551 	1825 	2037 	2038 	2040 	2043 	2044 	2887 	4872
551 	1825 	2037 	2038 	2040 	2043 	2044
551 	1825 	2037 	2040 	2041 	2042 	2044 	4516
551 	1825 	2037 	2038 	2039 	2041 	2042 	2043 	9858
2046 	2047
1268 	2045 	2047 	7953
2045 	2046 	2488 	3842 	5066
1243 	2049 	2050 	2051
2048
2048 	2167 	2169 	10449
2048
338
2054 	2055 	2056 	2057 	2058
2053 	2056 	2057 	2058 	2253 	2254 	2338 	3487
2053 	8876
1964 	2053 	2054 	2057 	2058 	2254 	2338
1964 	2053 	2054 	2056 	2058 	2338
2053 	2054 	2056 	2057 	2254 	4631
317 	1200 	2060 	2061 	2062 	2063 	2064
1473 	1570 	1699 	2059 	2902 	4166 	4167 	4850 	5206 	7384 	7385
1557 	1598 	2059 	2592 	2775 	7932 	8116 	9542 	9546 	9548 	10526
2059 	3148 	10427 	10428 	10429
427 	2059 	2222
2059 	7216 	7820 	7821
2066
60 	2065
2068
1210 	2067 	2292 	5103 	6283
417 	2070 	2071
2069 	2437 	7709
417 	2069 	2437 	9888
1653 	2384
1653
1293 	2075
2074
2077
879 	2076
149 	151 	2079 	2080
149 	151 	2078 	2080 	4396
149 	151 	2078 	2079
1598
2083
1307 	2082 	2510 	5307 	7512 	7516
1960 	1962
2086
2085 	2348 	3208 	7627 	7628 	9164
516 	591 	1697 	2088 	2089 	2090 	2091 	2092
150 	238 	417 	427 	890 	2087 	2219 	2437 	2909 	3001 	3002 	3158 	3734 	4433 	7055 	8155 	8529 	8530
516 	591 	1158 	2087 	2316 	2569 	2581 	7482 	7483
1695 	2087 	2675 	3417 	6054
591 	2087
2087
2094
1164 	1393 	2093 	7435 	7913
481 	2096
62 	611 	631 	720 	767 	1028 	1033 	1038 	2095 	2771 	5529 	6618 	6845 	9981 	10103
1192
2099
760 	1200 	1348 	2098 	2123 	2125 	2126 	2128 	2131 	2132
2101 	2102
2100
959 	2100
1202
1209 	2105
2104 	2451 	2452 	2595 	2775 	3422 	3933 	5061 	5062 	5063 	5064 	5065
1550
337 	1250
1217 	1615 	1616 	1617 	2109
1615 	1617 	2108
1155 	8147 	8148
1155 	7327
1155
1714 	2114 	2115
1714 	2113 	2115
1714 	2113 	2114
1989 	1994 	1998 	2117
1308 	1989 	1994 	1998 	2116
2119
130 	1305 	2118 	2856 	2984 	2985 	2986 	2987 	2988 	2989 	2990 	2991 	2992 	2993 	2994 	2995 	2996 	2997
25 	2121
25 	2120 	2270 	7199 	7584 	7850 	10465 	10483
1348 	2124 	2127 	2133 	2134 	2421 	3708 	3778 	9680
760 	1200 	1348 	1800 	2099 	2125 	2126 	2131 	2132 	3157
760 	1095 	1200 	1308 	1348 	1439 	1570 	1725 	1800 	2122 	2130 	2133 	2248 	2249 	2251 	2412 	2429 	2951 	3322 	3325 	3410 	3487 	3488 	3491 	3513 	3654 	3777 	3778 	3779 	3899 	4084 	4086 	4144 	4145 	4146 	4147 	4148 	4149 	4150 	4151 	4152 	4153 	4154 	4155 	4156 	4157 	4158 	4159 	4160 	4161 	4162 	4163
760 	1200 	1348 	1567 	2099 	2123 	2126 	2128 	2131 	2132 	2134
760 	1200 	1309 	1346 	1348 	1469 	1563 	1567 	2099 	2123 	2125 	2127 	2128 	2131 	2132 	2134 	2417 	2427 	2432 	2444
319 	760 	1200 	1217 	1229 	1346 	1348 	1562 	1563 	1570 	1706 	2122 	2126 	2131 	2134 	2246 	2416 	2432 	3173 	3261 	3708 	3709 	3710 	3711 	3712
760 	1200 	1348 	2099 	2125 	2126 	2131 	2132 	7247
1200 	1243 	1348 	1570 	3734 	3874 	5405 	6010 	6298 	7174 	9110
1348 	2124 	2251 	2412 	3777
760 	1200 	1309 	1346 	1348 	1469 	1563 	1567 	2099 	2123 	2125 	2126 	2127 	2128 	2132 	2417 	2427 	2432 	2444
760 	1200 	1348 	1567 	2099 	2123 	2125 	2126 	2128 	2131 	2255 	2425
1308 	1348 	2122 	2124 	2412 	2762 	2951 	3776 	3777 	3778 	3779
319 	760 	1200 	1210 	1217 	1229 	1309 	1346 	1348 	1469 	1505 	1557 	1560 	1562 	1563 	1567 	1570 	1661 	1706 	1800 	1973 	2122 	2125 	2126 	2127 	2412 	2416 	2417 	2426 	2429 	2432 	2441 	2444 	2590 	2591 	2592 	2594 	2596 	2598 	2599 	2636 	3020 	3260 	3629 	3630 	5073 	5176 	8324
56 	58 	60 	173 	398 	477 	483 	484 	485 	510 	2136 	2137 	2138 	2139 	2140
56 	58 	62 	467 	470 	472 	477 	481 	484 	485 	489 	2135 	2140 	4550 	4679 	4684 	5749 	5825 	5895 	6258 	6393 	6807 	8114 	8451 	8859
2135
58 	60 	62 	452 	453 	455 	467 	477 	481 	485 	513 	875 	877 	2135 	2140 	4679 	4684 	5436 	5437 	5566 	8716
56 	58 	60 	467 	477 	483 	484 	489 	628 	796 	2135 	2140 	3210 	3211 	3212 	3227 	3975 	4550 	9306
62 	173 	467 	470 	474 	485 	489 	2135 	2136 	2138 	2139 	4679 	4684 	5160 	5572 	5749 	5854 	5895
1619 	2142 	2143 	2144 	2145 	2146 	2147 	2148 	2149 	2150
2141 	2144 	2145 	2146 	2149 	2150 	10480 	10482
2141 	2147 	7692 	9471 	9973
2141 	2142 	2145 	2146 	2150 	3691 	9576 	10420 	10454
2141 	2142 	2144
2141 	2142 	2144 	2149 	2150
2141 	2143 	3239
2141
2141 	2142 	2146 	2501 	3691 	5867
2141 	2142 	2144 	2146
1439 	1620 	2152 	2153 	2154 	2155 	2156
522 	523 	524 	526 	1439 	1564 	2151 	2153 	2842 	7118 	8242
1439 	1620 	2151 	2152 	2154 	2155 	2156 	2908 	7443 	8242
1439 	1620 	2151 	2153 	2156 	7442 	7443
1439 	1620 	2151 	2153 	7442 	7443
1439 	1620 	2151 	2153 	2154 	7442 	7443 	8242
1647 	2158 	2159 	2160 	2161 	2162
2157
2157 	3730 	7590
2157 	5408
1453 	2157 	2306 	4495 	4501 	5408 	5921 	7729
2157
224 	1714 	1717 	1747 	1748 	1749 	1750 	1751 	1752 	1755 	1759 	1760 	1761 	1762 	1763 	1764 	1765 	1769 	1770 	1771 	1774 	1775 	1776 	1778 	1848 	1849 	2164
224 	447 	1714 	1717 	1747 	1748 	1749 	1750 	1751 	1752 	1755 	1759 	1760 	1761 	1762 	1763 	1764 	1765 	1768 	1769 	1770 	1771 	1774 	1775 	1776 	1778 	1848 	1849 	2163
1229 	2166
2165 	2232 	2234 	4257 	4258 	4259
1200 	2050 	2168 	2169 	2170 	2171 	2172
2167 	2169 	5490 	5491
2050 	2167 	2168 	2345
319 	2167 	3021 	10387 	10388
1200 	2167 	2349 	2771 	2855 	2858 	9797 	10012
2167 	3021 	7332
2174 	2175
2173 	2175 	4263 	9432
2173 	2174
31 	702 	1812 	2177 	2179
31 	702 	1714 	1715 	1716 	1717 	1718 	1812 	2176 	2178 	2179
31 	702 	1812 	2177 	2179 	5509
31 	702 	1715 	1716 	1717 	1718 	1812 	2176 	2177 	2178
31 	1717
26 	29 	30 	31 	33 	34 	36 	37 	38 	447 	981 	1717 	1837 	1840 	1843 	2182
26 	29 	31 	33 	34 	36 	38 	221 	447 	664 	981 	1837 	1840 	1843 	2181
1303 	1310
1239 	1310
1310
1310
1239 	1241 	1310
959
337 	2190 	2191 	2192
2189
337 	1347 	2189 	8257
337 	1281 	2189
2194 	2195 	2196
2193 	2195 	6252
2193 	2194 	6067 	6068 	6069 	6070
841 	2193
2198
2031 	2197
183 	252 	534 	535 	800 	1045 	4938 	6230
534 	535 	8551
1241
836 	838 	1057 	2203 	2204 	2205 	5670 	7356
836 	838 	1057 	2202 	2204 	2205 	5670 	7356
462 	836 	838 	1057 	2202 	2203 	2205 	2237 	4450
462 	836 	838 	2202 	2203 	2204 	4450
1229 	1573 	1574
1138 	1139 	1818
2209
24 	30 	1243 	2208 	2503 	2504 	3866 	7191 	8057 	9167 	9168
2211
1527 	1529 	1950 	2210 	6293 	7359 	7360 	7361 	7362
2213
58 	408 	1159 	1473 	2212 	3027 	3218 	5309 	9716 	9717
2215 	2216
1833 	2214 	3582 	3583 	3584
2214
427 	528 	2218 	2219 	2220 	2221 	2222 	2223 	2224
2217 	6501
427 	2088 	2217 	2707 	2970 	9089
2217 	6501 	6559 	6560
2217 	6501
417 	427 	689 	2063 	2217 	2437 	3734 	5674 	7218 	7219
2217 	5492
2217
1511 	2226
1511 	2225
2228
1219 	2227 	10361 	10474
1473
295 	319 	766 	1910 	1912 	1913 	2231 	2232 	2233 	2234 	2235
2230 	2233 	2634 	2635
319 	1200 	1229 	2166 	2230 	2233 	2234 	2423 	2438 	2711 	2716 	3023 	3024 	3025
319 	766 	1097 	1473 	1562 	1563 	1570 	1580 	2230 	2231 	2232 	2234 	2438 	2594 	3068 	3073 	3075 	3078 	3079 	3628 	5031 	8142
317 	319 	845 	1209 	1229 	1562 	1570 	2166 	2230 	2232 	2233 	2415 	2438 	2593 	2594 	2773 	2821 	3018 	3019 	3020 	3023 	3629 	4864 	4865 	4866
2230 	2620 	2780
2237
2204 	2236
2239 	2240 	2241 	2242
2238 	2242
2238 	2242 	9483
2238 	2242
193 	252 	2238 	2239 	2240 	2241 	2674 	4448 	6161 	7227 	7574 	8139 	8297 	9483 	9484
2244
1338 	2243 	8290
2246
1121 	2127 	2245
2248 	2249
1439 	1725 	2124 	2247 	2249 	2477 	2602 	2603 	2787 	2840 	3481 	3482 	3483 	3484 	3485 	3486 	3487 	3488 	3489 	3490 	3491
1439 	1725 	2124 	2247 	2248 	2477 	2603 	2787 	2840 	3481 	3482 	3483 	3484 	3485 	3486 	3487 	3488 	3489 	3490 	3491 	4151 	4156 	4557 	4783 	7602 	10554 	10618
2251 	2252 	2253 	2254
2124 	2130 	2250 	2412 	3654 	3777
2250
2054 	2250 	3487
1964 	2054 	2056 	2058 	2250 	3514 	4630 	4631 	4632 	4633 	4634 	4635
2132
2257 	2258 	2259
2256 	9873
2256 	2259
2256 	2258
1928 	2261 	2263 	9426
1928 	2260
1928
1928 	1929 	2260
2265 	2266 	2267 	2268 	2269 	2270 	2271 	2272 	2273 	2274 	2275 	2276
2264 	2266 	2267 	2268 	2269 	2270 	2271 	2272 	2273 	2274 	2275 	2276 	4696 	4697 	7446 	7447
2264 	2265 	2267 	2270 	2271 	2272 	2273 	2274 	2276 	3470 	4696 	4697 	7082 	7083 	7084 	7446 	7447
2264 	2265 	2266 	2268 	2269 	2270 	2271 	2272 	2273 	2274 	2275 	2276 	4696 	4697
2264 	2265 	2267 	2269 	2270 	2271 	2272 	2273 	2274 	2275 	2276 	4696 	4697
2264 	2265 	2267 	2268 	2271 	2272 	2273 	2274 	2275 	4696 	4697
782 	959 	1176 	1177 	1188 	1250 	1339 	1453 	1695 	2121 	2264 	2265 	2266 	2267 	2268 	2271 	2272 	2273 	2274 	2275 	2276 	2528 	2531 	2540 	2541 	2542 	2544 	2550 	2675 	2754 	4696 	4697 	4798 	7199 	7446 	7447 	7793 	7850
2264 	2265 	2266 	2267 	2268 	2269 	2270 	2272 	2273 	2274 	2275 	2276 	4697 	7446 	7447
2264 	2265 	2266 	2267 	2268 	2269 	2270 	2271 	2273 	2274 	2275 	2276 	4697
1250 	1508 	1699 	1897 	2264 	2265 	2266 	2267 	2268 	2269 	2270 	2271 	2272 	2274 	2275 	2276 	3947 	3951 	3962 	4696 	4697 	7770 	9864
2264 	2265 	2266 	2267 	2268 	2269 	2270 	2271 	2272 	2273 	2275 	2276 	4696 	4697 	7446 	7447
2264 	2265 	2267 	2268 	2269 	2270 	2271 	2272 	2273 	2274 	2276 	4697
2264 	2265 	2266 	2267 	2268 	2270 	2271 	2272 	2273 	2274 	2275 	2530 	4696 	4697 	7446
2278 	2279 	2280
2277 	2763 	7896
2277
2277
2282
2281 	3890 	8031 	10406
2284
317 	2283 	3630 	8549
2286 	2287 	2288
2285 	2287 	2288 	2622 	2623 	2624 	2625 	2626 	2627 	2628 	2629 	2630 	2631
2285 	2286 	2288 	2622 	2623 	2624 	2625 	2628 	2629 	2631 	7246
1833 	2285 	2286 	2287 	2622 	2623 	2624 	2625 	2627 	2628 	3582 	3659 	3660 	3662 	4644 	4645 	4646
2290
2289 	3715 	9689 	10484
2292
1210 	2068 	2291 	3912 	4072 	4918 	5103 	5313 	6029 	6276 	6567 	7721 	8125 	8126 	8407 	8456 	8935 	8936 	9889 	9890 	9891
2294 	2295
1252 	2293 	4219 	5109 	9664 	9844
2293 	4705 	4706
2297 	2298 	2299
2296 	2298
2296 	2297
1250 	2296
1727
451 	452 	455 	513 	2302 	2303
451 	452 	455 	513 	2301 	2303 	5437 	6917
451 	452 	453 	455 	513 	2301 	2302 	5438 	6540 	9066 	9159
1969 	10005
2306
2161 	2305 	7181 	8367 	9781 	10495
2008
2309 	2310
2308 	2310 	6260 	8919 	10258
1741 	2308 	2309 	6260 	6261 	9634
2312 	2313
2311 	2313
130 	310 	313 	1623 	2311 	2312 	3090 	3499 	3500 	4655 	4752 	5390 	6455 	6456 	6457
2315 	2316
2314 	3950
1158 	1250 	1303 	2089 	2314 	2561 	2569 	2581 	3369 	9792
1620
2319 	2320 	2321
40 	2318 	2320 	2321 	5891 	5892 	5893
2318 	2319 	2321
2318 	2319 	2320
770 	2323 	2324 	2325 	2326
241 	577 	2322 	3543 	3607 	3815 	3816 	4174 	4178 	4874
2322 	2325 	2326
2322 	2324 	2326 	5197 	9346 	10013
2322 	2324 	2325 	9852
2328
2327 	6482 	8205
2330 	2331
2329 	2331
193 	879 	2329 	2330
2333 	2334
2332
1219 	2332 	4126 	4936 	4937 	4938 	4939 	4940
2336 	2337 	2338
2335 	2337 	2338
2335 	2336 	2338
1964 	2054 	2056 	2057 	2335 	2336 	2337 	3487 	6894
1302 	2003 	2004 	4269 	8096
1143 	1144 	1626 	1627 	1628 	1629 	1630 	1631 	1632 	1633
2342 	2343
2341 	2343
760 	1200 	1309 	1346 	1469 	1563 	2341 	2342 	2417 	2427 	7358
2345
2169 	2344 	2423
668
2348
487 	726 	1176 	1711 	1713 	2086 	2347 	2905 	2906 	3208 	3984 	5069 	6648 	7101 	7220 	7221 	7265 	7392 	7619 	7627 	7628 	7773 	7902 	8131 	8141 	8179 	9084 	9883 	9958 	9984 	10247
2171
2028 	2029 	2351
2350
2353
2352 	4425
782 	1339 	2355 	2356 	2357 	2358 	2359 	2360 	2361 	2362 	2363 	2364 	2365
1158 	1159 	1339 	1473 	1555 	2354 	2358 	2363 	2528 	2546 	2556 	2562 	2564 	2565 	2566 	2567 	2570 	2571 	2578 	2579 	2585 	2645 	2646 	2648 	2649 	2650 	2651 	2652 	3440 	3442 	3830 	4285 	7993 	8386 	9578
2354 	2363
782 	1176 	1337 	2354 	2359 	2360 	2362 	2363 	2530 	2534 	2535 	2539 	2546 	3360 	7626 	7705 	9435
2354 	2355 	2359 	2363 	3697
2354 	2357 	2358 	2363 	3169 	3170 	3171
1176 	1291 	1467 	1473 	1875 	2354 	2357 	2363 	2534 	2535 	2546 	2583 	3498 	3743 	7626 	8197 	8198 	8233 	8234 	8235 	8236 	8237
1524 	2354 	2363 	2559 	3303 	7597
2354 	2357 	2365
782 	1337 	2354 	2355 	2356 	2357 	2358 	2359 	2360 	2361 	2364 	2365 	3080 	3317 	3318 	3453 	4967 	6216 	7149 	7178 	7179 	7687
2354 	2363
782 	1337 	2354 	2362 	2363 	6216 	7313
432 	1609 	1610 	2367 	2368
1609 	1610 	2366 	7182
2366
2370 	2371 	2372 	2373
2369
2369 	2372 	2373 	2378
2369 	2371 	2377
2369 	2371 	2377
2375
1250 	1508 	2374 	2862 	2863 	3363 	4358 	5094 	5095 	5344 	8886
1461
2372 	2373 	2378 	2379 	2380 	2381
2371 	2377 	7519
2377
2377 	3333 	3334
2377 	3715 	7240
2383
337 	1347 	2382 	2509 	4232 	4308 	4311 	4312 	4313 	4314 	6522 	7777 	8008
2072
1793 	1915 	2386 	2387 	2388 	2389
1793 	2385 	2387 	2388 	3251 	3570
1793 	2385 	2386 	2388 	7302
1793 	2385 	2386 	2387 	2389 	3251 	4778
1793 	1794 	2385 	2388 	2781 	3251 	7116 	7117
2391
2390 	4693 	7994 	7995 	7996 	7997 	7998
175 	710 	1736 	2393 	2394 	2395
175 	2392
175 	503 	710 	2392 	5416 	5417
175 	2392
2397
2396 	2598
1202 	1203 	2399 	2400
1202 	1203 	2398 	2400
1202 	1203 	2398 	2399
2402
2401 	6212
2404
1063 	1151 	1158 	1250 	1291 	1303 	1473 	1642 	1788 	1798 	1801 	2403 	2456 	2457 	2573 	3345 	3718 	4024 	7248 	7249 	7250
776 	1427 	2406 	5982 	7757
776 	778 	1079 	1427 	2405 	5481 	5482 	5483 	5485 	5486 	5487 	5982 	7757 	8240 	8241
1427 	3766 	3767
150
2410
2409 	9454
218
760 	1200 	1570 	1859 	2124 	2130 	2133 	2134 	2251 	2426 	2444 	2951 	3778 	3779 	4828 	4829 	6526
1200
360 	1200 	1307 	1620 	2424 	3017 	3434 	3435 	3436 	3906 	3907
1200 	1859 	2234 	5012
317 	760 	1200 	1229 	1562 	1570 	2127 	2134 	2428 	2440 	2593 	2597 	3020 	3267 	3630
760 	1200 	1309 	1346 	1469 	1563 	1570 	2126 	2131 	2134 	2343 	2427 	2431 	2432 	2956
1200 	2420 	4930 	4931
1200 	1888
1200 	2418 	4930 	4931 	6549
1200 	2122 	7846
1200 	2428 	2439 	3263 	4595
150 	1200 	1473 	2232 	2345 	2438 	3178 	3353 	4084 	4085 	4087 	4291 	4292 	5305 	5725 	7865 	9764 	10066
1095 	1200 	2414 	3434 	3436 	3803 	3820 	3907 	4400 	7506 	7613 	7614 	7615
319 	1200 	2132 	2600
760 	1200 	1209 	1570 	2134 	2412 	2444 	3778 	3779 	4828 	6526
760 	1200 	1309 	1346 	1562 	1563 	1570 	2126 	2131 	2343 	2417 	2432
317 	760 	1200 	1229 	1560 	1562 	1563 	1570 	2416 	2422 	2432 	2591 	2593 	2596 	3020 	3024 	3260 	3263 	3267 	9584
760 	1200 	1570 	2124 	2134 	2444
419 	427 	1200 	1563 	2443 	5731 	9451 	9807 	9976 	10058 	10059 	10060 	10061
760 	1200 	1346 	1563 	2417
760 	1200 	1217 	1229 	1346 	1469 	1557 	1562 	1563 	1570 	1705 	1706 	2126 	2127 	2131 	2134 	2417 	2427 	2428 	2591 	2593 	2596 	2598 	3020 	3173 	3262 	3267 	3630 	4889 	6182
1200 	1307 	1620 	1623 	2440 	2452 	3261 	3285 	3818 	3819 	3825 	3826 	4948 	4949 	4950 	4951 	5090 	5091 	5093 	8275 	9612 	9613
1200
1200
1170 	1200 	1570 	2877 	2878
417 	427 	901 	1200 	2070 	2071 	2088 	2222 	2962 	3000 	5415 	7709 	7794 	7795 	7796 	7797
319 	1200 	1229 	1562 	1570 	1800 	2232 	2233 	2234 	2423 	2888 	3025 	3347 	3349 	3351 	3352 	3353 	3355 	3357 	4873 	7618
319 	760 	1200 	1570 	2422 	3661 	3662 	4646 	7335
1200 	1570 	2416 	2433 	2591 	2596 	5151 	10444 	10445
760 	1200 	1229 	1562 	1563 	2134 	3261 	3841
1200
337 	563 	1200 	1281 	1307 	1311 	1620 	1709 	2430 	2762 	2764 	2765 	2768 	3047 	3896 	4080 	4082 	5087 	7641 	7969 	8503 	10210
760 	1200 	1346 	1570 	2126 	2131 	2134 	2412 	2426 	2429
2446 	2447
2445 	2447
2445 	2446 	3427 	3428 	3429 	3432 	3433 	4820 	5189 	5190 	5191 	5403
2449
2448 	4487
1805
2105 	2452
1307 	1620 	1623 	2105 	2433 	2451 	3261 	3285 	3819 	3825 	3826 	3933 	4948 	4950 	4951 	5063 	5091 	5093 	7429 	8275
694 	2454
2453
818
2404 	2457
2404 	2456
778
2460
2459 	7448 	10540
2462
1949 	2461 	3479 	3689 	4107 	4108 	4109 	4110 	4111 	4112 	4113 	4114 	4115 	4116 	4118 	4120 	4121 	5252
2464 	2465
1800 	2463
2463
2467
2466 	3247 	3320 	3321 	4547 	6942
170 	475 	5160 	5161 	5162
164 	170 	2475 	6617 	7815
170
170
170 	5761 	5762 	5763 	5764 	5765 	5766
170 	8701
170
164 	165 	170 	397 	970 	1027 	1039 	2469 	3929 	3932 	3934 	4689 	5486 	6738 	8831
2477 	2478
2248 	2249 	2476 	2478 	4653 	7761
1620 	2476 	2477 	8242
228 	1117 	2480 	2481
228 	447 	2479 	2481 	5871
30 	228 	1116 	2479 	2480 	8370
1296
1143 	1144 	1626 	1627 	1628 	1629 	1630 	1631 	1632 	1633
1143 	1144 	1626 	1627 	1628 	1629 	1630 	1631 	1632 	1633
1143 	1144 	1626 	1627 	1628 	1629 	1630 	1631 	1632 	1633
2487 	2488
2486 	2488
1497 	2047 	2486 	2487 	7232 	7233 	9635 	9970
2490 	2491 	2492 	2493 	2494 	2495 	2496
2489 	2494 	2495 	5484
2489 	2493 	2496
2489 	2493 	2495 	2496
2489 	2491 	2492 	2496
2489 	2490 	5484
2489 	2490 	2492 	2496 	2891 	4759 	8166 	8167 	8168
2489 	2491 	2492 	2493 	2495
2498
2497 	3197 	4308 	4311 	4312 	4313 	4314 	4315 	7127
1268 	2500 	2501
497 	523 	2499 	2501 	3849 	4337 	4339 	4340 	7074 	9532
2149 	2499 	2500
2503 	2504
1337 	1510 	1799 	2209 	2502 	2665 	2666 	3104 	3108 	3256 	3398 	3400 	3522 	3613 	3922 	4026 	4250 	4597 	4598 	4599 	4600 	4601 	4602 	4603 	4604 	4605 	4606 	4607 	4608 	4609 	4610
2209 	2502 	3613 	4607 	5259
2506
249 	1836 	2505 	7062 	10346 	10351
1641 	7393 	7430
2509 	2510 	2511 	2512
2383 	2508 	4308 	4309 	4310 	6522 	8008
1307 	1623 	2083 	2508 	2512 	2759 	2762 	2764 	2768 	2769 	2770 	3338 	3806 	4416 	4709 	4771 	4774 	5278 	5279 	7511 	7512 	7513 	7514 	7515 	7516 	7517
2508 	2512 	3338
2508 	2510 	2511 	3806 	7513
1537 	1543 	2514 	2517 	2518
1537 	1543 	2513 	2516 	2517 	2518
1537 	1540 	1542 	2516
1537 	1540 	1542 	2514 	2515 	2518
1537 	1543 	2513 	2514 	2518
1537 	1543 	2513 	2514 	2516 	2517
2520
2519 	4918 	7883 	8359 	9126 	9204
1441 	2522 	2523 	2524 	2525
1308 	1441 	2521 	2523 	2524 	2525 	3038 	3654 	3924 	3925
1441 	2521 	2522 	2524 	2525 	3057 	3058 	3059
1441 	2521 	2522 	2523 	2525
1441 	2521 	2522 	2523 	2524
2527
1695 	2526
782 	1176 	1177 	1290 	1337 	1339 	1453 	1473 	1797 	2270 	2355 	2531 	2532 	2537 	2538 	2540 	2542 	2545 	2546 	2550 	2553 	2556 	2645 	2647 	2648 	2650 	2652 	2753 	3440 	3442 	3443 	4263 	7260 	7261
1176
1176 	1314 	1802 	1804 	1921 	2276 	2357 	2532 	2534 	2535 	2537 	2546 	2559 	3114 	3360 	3361 	3362 	3363
476 	782 	1176 	1177 	1314 	1339 	1453 	1699 	1788 	2270 	2528 	2532 	2541 	2542 	2544 	2633 	4408 	4417 	4418 	4420 	4423
782 	1176 	1177 	1314 	1453 	2528 	2530 	2531 	2539 	2541 	2542 	2543 	2544 	2547 	2548 	2549 	2645 	2647
543 	1038 	1176 	1177 	1314 	2542 	2544 	8060 	10035
1176 	2357 	2360 	2530 	2549 	7435
1176 	2357 	2360 	2530 	2546 	2549 	2559 	3771 	7435 	10491
1176
1176 	1314 	1797 	2528 	2530 	2546 	2647 	2648 	2652 	3440
782 	1176 	1314 	1339 	1453 	2528 	2541 	2544 	2545 	2754 	2998 	7731
1176 	1314 	2357 	2532 	2543 	2547 	2549
782 	959 	1176 	1177 	2270 	2528 	2548 	2550
782 	1176 	1177 	1314 	1453 	2270 	2531 	2532 	2538 	2542 	2754 	3785 	4349 	4350
1176 	1177 	1339 	1453 	2270 	2528 	2531 	2532 	2533 	2541 	2544 	2545 	2550 	2553 	2556 	2753 	2754 	3107 	8143
1176 	1314 	1473 	2532 	2539 	2544 	2546 	2547 	2549 	2551 	2555 	3346 	3565 	7131 	8440
782 	1176 	1177 	1453 	2270 	2531 	2532 	2533 	2538 	2542 	2543 	2545 	2753 	7131 	8440
782 	1176 	1177 	1711 	2528 	2538 	2542 	2544 	2553 	2754
959 	1164 	1176 	1314 	1473 	2355 	2357 	2360 	2528 	2530 	2535 	2537 	2543 	2547 	2559 	2645 	2647 	2648 	2650 	2652 	2808 	3317 	3437 	3438 	3439 	3440 	3441 	3442 	3443 	3444
1176 	1314 	1473 	2532 	2539 	2543 	2546 	2549 	2555 	7836
1176 	1314 	1453 	1797 	2532 	2540 	2550 	2553
1176 	1314 	2532 	2534 	2535 	2539 	2543 	2547 	2553 	2754
782 	1176 	1177 	1339 	1453 	1801 	2270 	2528 	2540 	2542 	2548 	2553 	2556 	2753 	4485 	7099
1176 	2543 	2998
1176
782 	1176 	1177 	1314 	1453 	1797 	2528 	2542 	2545 	2548 	2549 	2550 	2556 	2754
1176
1176 	1314 	2543 	2547
782 	1159 	1176 	1177 	1453 	1473 	1555 	2355 	2528 	2542 	2550 	2553 	2565 	2566 	2571 	2585 	2693 	2753
1293 	1531
1158
1158 	1314 	1524 	2361 	2530 	2535 	2546 	2560 	2577 	2578 	5059 	7826 	8072
1158 	1524 	2559 	2577 	2578 	7205
1158 	2316 	2569 	2581 	3369
1158 	1159 	1473 	1555 	2355 	2566 	2567 	2570 	2571 	2578 	2579 	2585 	2881 	4089 	4090 	4285 	7722
1158 	2782 	2783
1158 	1159 	1473 	1555 	2355 	2565 	2566 	2567 	2570 	2571 	2578 	2585
1158 	1159 	1473 	1555 	2355 	2556 	2564 	2566 	2567 	2570 	2571 	2585 	3833
1158 	1159 	1473 	1555 	2355 	2556 	2562 	2564 	2565 	2567 	2570 	2571 	2578 	2579 	2585
1158 	1159 	1473 	1555 	2355 	2562 	2564 	2565 	2566 	2570 	2571 	2578 	2579 	2585
1158 	2572
1158 	2089 	2316 	2561 	2578 	2581 	2999 	3368 	3369 	3370 	3371
1158 	1159 	1473 	1555 	2355 	2562 	2564 	2565 	2566 	2567 	2571 	2579 	2585
1158 	1159 	1473 	1555 	2355 	2556 	2562 	2564 	2565 	2566 	2567 	2570 	2578 	2579 	2583 	2585 	4285
1158 	2568 	2574 	3298 	3299 	3300 	3301 	3302 	3303 	3304 	3305 	3306 	3307 	3308 	3309
1063 	1151 	1158 	1291 	1303 	1788 	1797 	1801 	2404 	2582 	2813 	7188 	8296
1158 	2572
1158 	1168 	9618 	10400 	10625
1158 	5807 	7732
1158 	1524 	1793 	2559 	2560 	2578
1158 	1473 	1524 	1555 	2355 	2559 	2560 	2562 	2564 	2566 	2567 	2569 	2571 	2577 	2585
1158 	1159 	1473 	1555 	1788 	1798 	2355 	2562 	2566 	2567 	2570 	2571 	2585 	4285
1158
3 	100 	337 	1158 	1268 	1281 	2089 	2316 	2561 	2569 	3289 	3369 	3524 	3795 	4036 	4040 	4041 	4042 	4043 	4044 	4046 	4136 	4138 	4216 	5337 	7426 	8145 	8437 	8438
782 	1063 	1151 	1158 	1250 	1291 	1355 	1356 	1358 	1359 	1473 	1788 	1798 	1801 	2573 	5159 	7187 	7190 	9378 	9796
1158 	2360 	2571 	3453 	3498 	8234 	8235 	9768
1158
1158 	1159 	1473 	1555 	2355 	2556 	2562 	2564 	2565 	2566 	2567 	2570 	2571 	2578 	2579 	4563 	7762 	8479
1158
460 	2588
460 	901 	2587
1346
760 	1557 	1560 	1567 	1570 	1661 	2134 	2591 	2592 	2593 	2594 	2595 	2596 	2597 	2598 	2599
313 	317 	322 	1229 	1560 	1562 	1570 	1663 	2134 	2428 	2432 	2440 	2590 	2592 	2596 	2599 	2775 	3260 	3261 	3630 	5085 	5086 	6108 	6610 	8570 	8571
130 	1229 	1557 	1560 	1570 	1661 	1706 	2061 	2134 	2590 	2591 	2593 	2594 	2596 	2636 	2775 	3261 	3630 	5073 	7980 	8497
317 	321 	760 	1560 	1562 	1563 	1570 	1706 	1800 	2234 	2416 	2428 	2432 	2590 	2592 	2597 	3261 	3267 	3630 	8178 	9980 	10617
319 	1557 	1560 	1562 	1706 	2134 	2233 	2234 	2590 	2592 	2636 	2851 	3173 	3266 	3523 	5073 	5101 	5102
1570 	2105 	2590 	2821 	2824 	3263 	3421 	3422
317 	1229 	1557 	1560 	1562 	1570 	2134 	2428 	2432 	2440 	2590 	2591 	2592 	2775 	3015 	3260 	3262 	3267
253 	256 	1473 	1560 	1562 	1570 	2416 	2590 	2593 	3267 	7385
1557 	2134 	2397 	2432 	2590 	2774 	7514 	9828
1229 	1560 	1563 	1570 	2134 	2590 	2591 	2774 	2775 	3630 	4979
2425
2602 	2603
2248 	2601 	2603 	5125 	5126 	5136 	5137 	5138
2248 	2249 	2601 	2602 	5125 	5126 	5127
2605
879 	2604 	3909
1318 	1432 	2607 	2608
2606 	2910 	2911 	2912 	2913 	2914 	2915 	2916 	2917 	5729 	6144 	8620
2606
249 	2610 	2611
2609 	2611 	3049 	6566
2609 	2610 	6566 	6772 	6900 	7057 	8702 	10244 	10253 	10339
2613 	2614 	2615
2612 	7601
2612 	5635
2612 	7601
2617 	2618 	2619
2616 	4251
2616
1799 	2616
2235 	2621
2620 	4404 	4998 	4999 	5000
2286 	2287 	2288 	2623 	2624 	2625 	2628 	2629
2286 	2287 	2288 	2622 	2624 	2625 	2627 	2628 	2629
792 	2286 	2287 	2288 	2622 	2623 	2625 	2627 	2628 	2629 	4623 	4624 	7200 	10391
2286 	2287 	2288 	2622 	2623 	2624 	2627 	2628 	2629 	6733 	6734
2286
2286 	2288 	2623 	2624 	2625 	2629
2286 	2287 	2288 	2622 	2623 	2624 	2625 	2629 	4165
2286 	2287 	2622 	2623 	2624 	2625 	2627 	2628
2286
2286 	2287
2633
1699 	2531 	2632 	3942 	4417 	4418 	4419 	4420 	4421 	4422 	4423 	4424
2231
2231 	5084
25 	89 	1217 	1230 	1231 	1250 	1271 	1312 	1534 	1561 	1563 	1619 	1661 	1685 	1689 	1706 	1954 	2134 	2592 	2594 	2637 	2638 	2639 	2640 	2641 	2642
1231 	1954 	2636 	5027 	7982
25 	337 	1095 	1250 	1271 	1281 	1312 	1347 	1362 	1505 	1549 	1551 	1561 	1885 	2636 	2906 	3031 	3033 	3096 	3325 	3899 	4497 	4867 	5020 	7377 	7379 	9446
1534 	2636
25 	1212 	1250 	1265 	1299 	1407 	1529 	1532 	1536 	1539 	1546 	1932 	1933 	1934 	1935 	1936 	1937 	1938 	1939 	1941 	1942 	1944 	1946 	1947 	1948 	1949 	1950 	1952 	1953 	1954 	1955 	2636 	2835 	2836 	2838 	9370
89 	571 	1228 	1615 	1688 	2636 	5025 	5030 	7881
89 	575 	2636 	4369 	5993
2644
740 	2643 	4126 	9799
2355 	2528 	2532 	2546 	2646 	2647 	2648 	2649 	2650 	2651 	2652
2355 	2645 	5489 	6201 	8386 	9578 	9579
1473 	2528 	2532 	2537 	2546 	2645 	2648 	2650 	2652
2355 	2528 	2537 	2546 	2645 	2647 	2650 	2652 	3442 	3443 	3444 	4224
2355 	2645
1797 	2355 	2528 	2546 	2645 	2647 	2648 	2652 	3438 	3442 	3444
2355 	2645 	8099
1473 	2355 	2528 	2537 	2546 	2645 	2647 	2648 	2650 	3440 	3442 	7260
1156
277
2656 	2657 	2658 	2659
2655 	3657
2655
2655
193 	2655
1691
1643 	1691 	10536
1691 	3614 	10416
2664
2663 	3613 	7862 	7863
2503 	2666 	2667 	2668
1510 	2503 	2665 	2667 	2668 	3922 	4238 	4239 	4240 	4241 	4242 	4243 	4244 	4246 	4247 	5109 	9485
1510 	2665 	2666 	2668 	3922 	4238 	4239 	4240 	4241 	4242 	4243 	4244 	4245 	4246 	4247
1510 	2665 	2666 	2667 	3922 	4239 	4240 	4247 	4598 	4603 	4608 	4637
158 	2670 	2671 	2672
158 	2669 	2671 	8536 	8537
2669 	2670
2669
417
2242
1303 	2090 	2270 	2676 	2677 	2678
2675 	2677
2675 	2676
516 	2675 	4426
2680 	2681 	2682
2679
2679
1510 	2679 	5267 	5268 	5269
1079 	2684
2683 	5899 	8921
40
2687 	2688
78 	2686 	2688
2686 	2687
1114 	2690
1114 	2689
1250 	1467 	1522 	1873 	1874 	1875 	1877 	1878 	7364
34 	38
2556
30 	38 	2695
29 	34 	38 	447 	2694 	7509 	8601 	9814
2697
2696 	2946 	3335 	3731 	4879 	4880 	4881 	4882
2699 	2700
2698 	2700 	3828 	9459
2698 	2699 	3658 	4132 	7183
563
2703
56 	597 	778 	1119 	2702 	3975 	4549 	5575
1468 	2705
1468 	2704
2707
2219 	2706 	3002 	4461
1271
2710
2709 	4695 	7924 	7925
25 	100 	337 	1083 	1267 	1270 	1273 	1281 	1282 	1357 	1439 	1511 	1620 	1723 	2232 	2714 	2716 	2719 	2891 	2892 	2893 	2894 	2895 	2896 	2897 	2898
5 	25 	1268 	1273 	1293 	1784 	2713 	2715 	2718 	2719 	3289 	3991 	9996
1273 	2712
25 	662 	1267 	1270 	1273 	2711 	2716 	2719 	3343 	4738 	4739 	4740 	4741 	4742 	4743 	4744
5 	337 	843 	1268 	1273 	1281 	1292 	1293 	1294 	1784 	1942 	2712 	6235 	6236 	6237 	6238
25 	100 	337 	662 	1083 	1267 	1270 	1273 	1281 	1282 	1357 	1439 	1511 	1723 	2232 	2711 	2714 	2719 	2892 	2893 	2894 	2895 	2896 	2897 	2898 	4039 	4739
100 	1273 	1294 	2896 	3010 	3126 	3127 	4042
5 	100 	1268 	1273 	1292 	1294 	1784 	1942 	2712 	2719 	4216 	5418 	6235 	6236 	6237 	6238 	8442 	10588
5 	25 	662 	1267 	1270 	1273 	1293 	1784 	2711 	2712 	2714 	2716 	2718 	4739
432 	1273 	1609 	1610 	1611 	5442
2722 	2723 	2724 	2725
2721
2721 	3608 	3611 	6008 	6009 	6307 	8213
2721
2721 	6008
2727 	2728 	2729 	2730
2726
2726 	2730 	5188 	7415
2726 	3993 	4889 	7999
2726 	2728 	8176
2732 	2733
2731 	3115
1332 	1802 	1877 	2731 	3117 	8357 	9526
2735
2734 	2977 	6457 	8200
1143 	1144 	1626 	1629 	1630 	1632 	2737 	2738 	2739 	2741 	2745 	2746 	2747 	2748 	2749 	2750 	2751
1143 	1144 	1626 	1629 	1630 	1632 	2736 	2738 	2739 	2740 	2741 	2742 	2743 	2744 	2745 	2746 	2747 	2748 	2749 	2750 	2751 	2752
1144 	1626 	1630 	1632 	2736 	2737 	2740 	2742 	2743 	2744 	2748 	2752 	10500
1143 	1144 	1626 	1629 	1630 	1632 	2736 	2737 	2745 	2746 	2747 	2748 	2749 	2750 	2751
1143 	1626 	1630 	1632 	2737 	2738 	2742 	2743 	2744 	2748 	2752
1143 	1144 	1626 	1629 	1630 	1632 	2736 	2737 	2745 	2746 	2747 	2748 	2749 	2750 	2751
1143 	1144 	1626 	1630 	1632 	2737 	2738 	2740 	2743 	2744 	2748 	2752
1143 	1626 	1630 	1632 	2737 	2738 	2740 	2742 	2744 	2748 	2752
1143 	1144 	1626 	1630 	1632 	2737 	2738 	2740 	2742 	2743 	2748 	2752
1143 	1144 	1626 	1629 	1630 	1632 	2736 	2737 	2739 	2741 	2746 	2747 	2748 	2749 	2750 	2751
1143 	1144 	1626 	1629 	1630 	1632 	2736 	2737 	2739 	2741 	2745 	2747 	2748 	2749 	2750 	2751
1143 	1144 	1626 	1629 	1630 	1632 	2736 	2737 	2739 	2741 	2745 	2746 	2748 	2749 	2750 	2751 	4366 	4367
1143 	1144 	1626 	1629 	1630 	1632 	2736 	2737 	2738 	2739 	2740 	2741 	2742 	2743 	2744 	2745 	2746 	2747 	2749 	2750 	2751
1143 	1144 	1626 	1629 	1630 	1632 	2736 	2737 	2739 	2741 	2745 	2746 	2747 	2748 	2750 	2751
1143 	1144 	1626 	1629 	1630 	1632 	2736 	2737 	2739 	2741 	2745 	2746 	2747 	2748 	2749 	2751 	5070 	5071
1143 	1144 	1626 	1629 	1630 	1632 	2736 	2737 	2739 	2741 	2745 	2746 	2747 	2748 	2749 	2750
1143 	1144 	1626 	1630 	1632 	2737 	2738 	2740 	2742 	2743 	2744
782 	1177 	1453 	2528 	2542 	2544 	2550 	2556
782 	1177 	1314 	1453 	2270 	2538 	2541 	2542 	2545 	2549 	2553
1453
1453 	3336 	3729 	5921 	9845
2758
2757 	7162 	10350
2510 	2760 	2761 	2762 	2763 	2764 	2765 	2766 	2767 	2768 	2769 	2770 	2771 	2772
219 	2759 	9094 	10405
2759
1308 	1623 	2133 	2443 	2510 	2759 	2764 	2765 	2771 	2950 	2951 	3779 	8981 	8982
2278 	2759 	4687
1623 	2443 	2510 	2759 	2762 	2765 	2768 	2770 	2771 	2772 	5087 	9886
1439 	1623 	2443 	2759 	2762 	2764 	2772 	4079 	4080 	4081
2759
2759 	2769
2443 	2510 	2759 	2764 	2770 	4081 	5087 	5842 	7759
2510 	2759 	2767
2510 	2759 	2764 	2768 	5221 	6691 	8363 	8364 	8365
62 	767 	1033 	1439 	2096 	2171 	2759 	2762 	2764 	3392 	3423 	4759 	6618 	7122 	7514 	7767 	8012 	8013
2759 	2764 	2765
1209 	1229 	1557 	1574 	2234 	2774 	3629
1557 	1574 	1706 	2598 	2599 	2773 	2867
1505 	1557 	1560 	1570 	1574 	1800 	2061 	2105 	2591 	2592 	2596 	2599 	8471
2777
1951 	2776 	2853 	2854 	4058 	5196 	8381 	10578
422
563
2235
2389
2563
2563
1801 	2785
1801 	2784 	8830 	9138 	10409
2787
2248 	2249 	2786 	3486 	7156 	7622
104
104 	2793
104 	1124 	7337 	9341
104 	107 	119 	724 	2793 	2797 	2798
104
104 	107 	119 	724 	2789 	2791 	2797 	2798
104
104
104
104 	107 	119 	724 	2791 	2793 	2798
104 	107 	119 	724 	2791 	2793 	2797 	8140
1381
1132
1239 	1241 	2802
1239 	2801
2804 	2805
2803 	4729
2803
193
2808
1181 	1314 	2546 	2807 	3958 	8443 	8444
2810 	2811 	2812 	2813
2809
2809 	2813
2809
1803 	2573 	2809 	2811 	5398 	7727
1369 	1951
1432
275 	3833 	3834 	4749 	7145 	7928 	8298
371 	2818 	2819 	2820
2817 	2819 	2820
371 	2817 	2818 	2820
2817 	2818 	2819
1505 	1562 	1570 	2234 	2595 	2824
1505
1505
1505 	2595 	2821
1505
1347 	1505 	7224
1505
1505
1505
1505 	4487 	5325
2832
2831 	6896 	8346
2834
964 	1351 	2833
1212 	1250 	1299 	1407 	1529 	1532 	1536 	1539 	1547 	1862 	1932 	1933 	1934 	1935 	1938 	1939 	1941 	1942 	1943 	1944 	1948 	1949 	1950 	1951 	1952 	1953 	1954 	1955 	1956 	1957 	2640 	2837 	2838 	3340 	3342 	3343 	6565 	9597
1212 	1250 	1265 	1407 	1532 	1612 	1932 	1933 	1934 	1936 	1937 	1939 	1940 	1941 	1942 	1944 	1946 	1948 	1949 	1950 	1951 	1952 	1953 	1954 	1957 	2640 	2837 	2838
3 	25 	1250 	1271 	1299 	1407 	1529 	1532 	1536 	1539 	1547 	1612 	1932 	1933 	1934 	1936 	1937 	1938 	1939 	1940 	1941 	1942 	1943 	1944 	1946 	1947 	1948 	1949 	1950 	1951 	1952 	1954 	1955 	1956 	1957 	2835 	2836 	2838
25 	1250 	1265 	1271 	1299 	1407 	1529 	1532 	1536 	1539 	1546 	1547 	1612 	1932 	1933 	1934 	1935 	1936 	1937 	1938 	1939 	1940 	1941 	1942 	1943 	1944 	1947 	1948 	1949 	1950 	1951 	1952 	1953 	1954 	1955 	1956 	1957 	2640 	2835 	2836 	2837 	3943
2840
427 	524 	1855 	2248 	2249 	2839 	3001 	3732 	3735 	9560 	10043
526 	8086
522 	523 	524 	526 	1564 	2152 	7118
2844
2843 	3339 	3734 	4611
2846
647 	2845
2848
2847 	5573 	8263 	8264
494 	959 	2850
2849
1217 	2594 	2852
809 	2851 	7208
2777 	2854
1292 	2777 	2853 	7496
2171 	2856 	2857 	2858 	2859 	2860 	2861
1296 	2119 	2855 	2860 	4648 	8165
2855 	2859 	3112
2171 	2855
2855 	2857
2855 	2856
2855
2375 	2863 	2864
2375 	2862 	7478 	9582 	9583
2862
2866
2865 	7234 	7281
2774 	2868
2867
2870 	2871 	2872
2869 	4886
2869 	2872 	6467
2869 	2871
2874
2873 	8045 	9401 	9773
2876
2875 	3223 	4497 	8411 	9869
1473 	1562 	1570 	2436 	2878 	2879
1570 	2436 	2877 	2907
2877
2881
2562 	2880 	4090 	9631 	9741 	9833
260 	2883 	2884 	2885 	2886 	2887 	2888 	2889
2882
2882
2882 	5215
2882 	2887 	2888 	2889 	3870 	3874 	4370 	4876
2041 	2882 	2886 	2888 	2889 	3874 	4872 	9492
2438 	2882 	2886 	2887 	2889 	3025 	3347 	3349 	3351 	3352 	3353 	3355 	3357 	3607 	3815 	3870 	3871 	3873 	3874 	3875 	4173 	4797 	4871 	4872 	4873 	4874 	4875 	4876
2882 	2886 	2887 	2888 	3025 	3871 	3874 	4872
460 	6938
100 	337 	1439 	1620 	2495 	2711 	5535 	9710 	9711
100 	337 	1083 	1281 	1282 	1357 	1473 	1723 	2711 	2716 	2894 	2898 	4038
662 	1270 	2711 	2716 	4472 	4473 	4474 	4739 	4843 	4844 	4845 	7106 	7776 	7970
100 	337 	1083 	1281 	1282 	1357 	1473 	1723 	2711 	2716 	2892 	2895 	2898 	4038 	4039
100 	337 	1281 	1282 	1357 	1473 	1723 	2711 	2716 	2894 	2898 	4038 	5633 	5634 	5635 	5636
337 	1281 	1620 	2711 	2716 	2717 	3126
100 	337 	1083 	1281 	1723 	2711 	2716 	2898
100 	337 	1083 	1281 	1347 	1357 	1473 	1723 	2711 	2716 	2892 	2894 	2895 	2897 	4038 	5270 	6391 	7307 	7495 	10237 	10478 	10479
2900 	2901 	2902
2899 	9881 	9882
2899
1557 	2060 	2899 	3254 	3255
2904 	2905 	2906
1095 	2903 	2906 	3325 	4136 	4138 	4145 	4146 	4616 	7437 	7455 	7479 	8906 	8907 	8908 	8909
2348 	2903 	2906 	3206 	3857 	5282 	7627 	7628 	7736
1979 	2348 	2638 	2903 	2904 	2905 	4616 	6648 	9101
2878
2153
2088
2607 	2911 	2912 	2913 	2914 	2915 	2916 	2917
908 	2607 	2910 	2912 	2913 	2914 	2915 	2916 	2917 	5477 	5729 	6143 	6144
2607 	2910 	2911 	2913 	2914 	2915 	2916 	2917
2607 	2910 	2911 	2912 	2914 	2915 	2916 	2917 	5729 	6144 	8621 	8899 	9463 	9464 	9465 	9466
2607 	2910 	2911 	2912 	2913 	2915 	2916 	2917
2607 	2910 	2911 	2912 	2913 	2914 	2916 	2917
2607 	2910 	2911 	2912 	2913 	2914 	2915 	2917
2607 	2910 	2911 	2912 	2913 	2914 	2915 	2916
950 	2919 	2920
2918 	7053
2918
2922
1307 	2921 	7745
1998 	2924
1998 	2923 	3312
670 	1268
1239 	2927 	2928
1239 	2926 	2928
1239 	2926 	2927
2930 	2931
1226 	2929 	2931 	6401
1226 	1227 	1233 	1375 	2929 	2930 	9644 	9787 	10002
2933 	2934 	2935 	2936 	2937 	2938 	2939 	2940 	2941
2932 	2934 	2935 	2937 	2938 	2939 	2940 	2941
2932 	2933 	2935 	2937 	2938 	2939 	2940 	2941
2932 	2933 	2934 	2937 	2938 	2939 	2940 	2941 	3205 	8455
2932 	2941 	9082
2932 	2933 	2934 	2935 	2938 	2939 	2940 	2941
2932 	2933 	2934 	2935 	2937 	2939 	2940 	2941
2932 	2933 	2934 	2935 	2937 	2938 	2940 	2941
2932 	2933 	2934 	2935 	2937 	2938 	2939 	2941 	10107
2932 	2933 	2934 	2935 	2936 	2937 	2938 	2939 	2940 	3205 	8455 	10107
1198 	2943
879 	2942 	3052 	3053 	3054 	3055 	6804
2945
615 	1459 	1801 	2944 	3920 	4055 	6042 	6047 	7283 	7331 	7798 	8247 	8320 	8946 	8986 	9176 	9655 	9839 	10272
2697 	2947 	2948
2946
2946 	5184 	5185
1829
1308 	2762 	2951 	2952
1308 	2124 	2133 	2412 	2762 	2950 	3779 	7252 	8893 	8982
1308 	1859 	2950 	3065
2954 	2955
2953 	3286
2953 	4076 	4489 	4497 	7924 	7925 	8289 	9420 	9421 	9422
2417
2958
2957 	5974 	7005
1544 	1545
1270 	1292 	1544 	1545 	3425 	7837 	7838 	7839 	7840 	7841
861
2437 	2963
2962
2965 	2966 	2967 	2968 	2969 	2970 	2971 	2972 	2973 	2974
2964
239 	2964 	8161
2964 	2973 	8161
2964 	2969 	2972
2964 	2968
2219 	2964 	3002 	5782
2964 	2974
1095 	2964 	2968 	3600 	8284 	8285 	8286
1859 	2964 	2967 	7111
2964 	2971
337 	2976
337 	2975
2735 	2978 	2979 	2980 	2981 	2982 	2983
2977 	2981
2977 	8842 	8843 	9834
137 	1414 	2977 	7487 	7488 	8843
2977 	2978
2977
2977
2119
2119 	2993
2119 	2988
2119 	3298 	3773
2119 	2986 	2996 	3787 	7582 	10568
1305 	2119 	2992 	2995
1620 	2119 	5493
2119
1305 	2119 	2989
2119 	2985 	2995 	2996
2119
1305 	2119 	2989 	2993
2119 	2988 	2993
2119
2538 	2551
2569
2437 	3001 	3002 	3003
427 	524 	1855 	2088 	2840 	3000 	3732 	3734 	9560
249 	337 	1250 	1311 	1337 	1620 	1855 	1883 	1891 	2088 	2707 	2970 	3000 	4144 	7388 	7654 	7655 	7656 	7657 	7658 	7659 	7660
3000
3005 	3006 	3007
3004
3004 	3007 	3347 	3356 	3567 	4871
3004 	3006 	3567
1885
3010
100 	2717 	3009 	3126 	3127
3012
3011 	5921 	7390
319 	4751 	8878
258 	319 	320 	321 	904 	913 	944 	1269 	4836 	4890 	5623 	5731 	5790 	5944 	6278 	6930 	6955 	6958 	9235
317 	319 	1229 	1557 	1706 	2596 	3262 	3264
319
319 	866 	1307 	1620 	2414 	4306
317 	319 	1570 	2234 	3020
319 	1562 	1570 	2234
317 	319 	321 	760 	1229 	1560 	1562 	1570 	2134 	2234 	2416 	2428 	2432 	3018 	3267 	9665
319 	1801 	2170 	2172 	4094
319
2232 	2234 	3331 	3332 	4566 	4567
323 	760 	2232 	2428 	9584
577 	1693 	2232 	2438 	2888 	2889 	3347 	3349 	3351 	3352 	3353 	3355 	3357 	3607 	4716 	4717 	4718
622 	3027 	3028
760 	1473 	2213 	3026 	3161 	3218 	4825 	5218 	7822 	9721
3026
337 	1250 	1527 	1528 	1532 	1538
1527
25 	1250 	1271 	1311 	1312 	1347 	1527 	1529 	1538 	1685 	2638 	3033 	3096 	7222 	7223 	7224 	7225 	7226
563 	1381 	1527 	4355 	4685 	4713 	5088 	5291 	7663 	7790 	10591
1250 	1271 	1287 	1312 	1347 	1527 	1529 	1561 	1685 	2638 	3031 	3096 	3343 	7223 	7225 	7935 	8007
337 	1250 	1527 	4537
2019 	2020 	2021 	3036
2019 	2020 	2021 	3035
3038
1308 	1441 	2522 	3037 	3654 	3924 	3925
1580 	1732
3041 	3042 	3043 	3044
3040 	3042 	3043 	3044
3040 	3041 	3043 	3044
3040 	3041 	3042 	3044
1137 	3040 	3041 	3042 	3043
1337 	3046
3045
1620 	1623 	2443 	3048 	3049
239 	315 	530 	692 	1623 	3047 	3049 	5089 	5232 	5233 	7056 	8948
150 	249 	315 	417 	1623 	2610 	3047 	3048 	5089 	5683 	5976 	6566 	7054 	7055 	7056 	7057
3051
3050 	3091 	4207
2943 	3053 	3054 	3055
2943 	3052
2943 	3052
193 	2943 	3052 	6758 	6804
1314
2523
2523
2523
1213 	1215 	3119 	3120 	3121 	3122 	3123 	3124
1213 	1215 	3120 	3121 	6104 	6105
1213 	1215
1213
1213 	1215
2952
1491 	1492 	1578 	1579 	1580 	1581 	1582 	1588 	1589 	1912 	3069 	3967 	5004
1580
1580 	2233 	3073 	3075 	3079 	4003
295 	1491 	1492 	1578 	1579 	1580 	1581 	1582 	1583 	1584 	1586 	1587 	1588 	1589 	1590 	1912 	3066 	3967
1580
337 	1580 	7176
1580 	1912 	3073 	3075 	3076 	3078 	3079 	3082 	4003 	8205
1580 	1912 	2233 	3068 	3072 	3075 	3076 	3078 	3079 	3082 	4003 	7900
1580 	8074
1580 	1912 	2233 	3068 	3072 	3073 	3078 	3079 	3082 	4003 	8205
1580 	1912 	3072 	3073 	3078 	3079 	3082
1580
1580 	1912 	2233 	3072 	3073 	3075 	3076 	3079 	3082 	4003
1580 	1912 	2233 	3068 	3072 	3073 	3075 	3076 	3078 	4003 	8205
1580 	2363 	3108 	4593 	7175 	7176 	7177 	7178 	7179 	7180
1578 	1580 	1912 	4003
1580 	3072 	3073 	3075 	3076 	3078 	4003
1580
130
3086 	3087 	3088
3085 	3087 	9604
3085 	3086 	9604
3085 	7476 	7477
3090
2313 	3089 	4655 	4752 	7624 	8393 	8395 	8396 	8397
3051
3093 	3094 	3095 	3096
1250 	1271 	3092 	3094 	3095 	3096 	3343
3092 	3093 	3095 	3096
3092 	3093 	3094 	3096
25 	1250 	1271 	1529 	1685 	2638 	3031 	3033 	3092 	3093 	3094 	3095
3098 	3099 	3100
879 	3097 	6731 	9117 	10089
3097
917 	3097
3102 	3103
3101 	5130 	6528 	7394 	7395 	7396
3101
2503 	3105 	3106 	3107 	3108
3104 	3108
3104 	3108
2542 	3104 	3108 	3136 	3505 	4576 	5361 	6470 	6471 	6472 	6473 	6474
2503 	3080 	3104 	3105 	3106 	3107 	7687
3110
761 	3109 	6800
3112
2857 	3111
1877 	4605
1802 	1877 	2530 	3115 	3116 	3117 	3226
1877 	2732 	3114 	3116 	3117 	3118
1877 	3114 	3115 	3117
1877 	2733 	3114 	3115 	3116 	3226
3115
3060 	3120 	3121 	3124
3060 	3061 	3119 	3122 	3123 	3124
3060 	3061 	3119 	3122 	3123 	3124 	3510 	3511 	5322 	5323 	5324
3060 	3120 	3121 	3123 	3124 	3919 	5638 	5639
3060 	3120 	3121 	3122 	3124
3060 	3119 	3120 	3121 	3122 	3123
3126 	3127
100 	1841 	2717 	2896 	3010 	3125 	3127 	4952
100 	1841 	2717 	3010 	3125 	3126
3129 	3130
3128
3128 	3634 	3635
3132 	3133 	3134 	3135 	3136 	3137 	3138 	3139 	3140
1271 	3131 	3133 	3134 	3135 	3136 	3139 	3140 	3507 	3508 	3526
1271 	3131 	3132 	3134 	3135 	3136 	3137 	3138 	3139 	3140 	3508 	3526
1271 	3131 	3132 	3133 	3135 	3136 	3137 	3138 	3139 	3140 	3508
3131 	3132 	3133 	3134 	3139 	3140 	3507
1271 	3107 	3131 	3132 	3133 	3134 	3138 	3139 	3507 	3508 	3526 	4701 	4803 	6570 	7290 	7291 	7292 	7293 	7294 	7295
3131 	3133 	3134 	3139 	3140 	3506 	3507 	3508
1271 	1287 	3131 	3133 	3134 	3136 	3139 	3140 	3507 	3508
1271 	3131 	3132 	3133 	3134 	3135 	3136 	3137 	3138 	3140 	3507 	3508 	3526
1487 	3131 	3132 	3133 	3134 	3135 	3137 	3138 	3139 	3508
563
1014 	1015 	1016 	1017 	1307 	3143 	3144 	3145 	3146
3142
3142
1017 	3142 	4969 	4974 	8656
349 	350 	3142 	3696 	5055 	5056 	5057 	9057 	9058
740
2062
3150 	3151 	3152 	3153 	3154 	3155
3149 	3151 	3152 	3153 	3155
959 	3149 	3150 	3152 	3153 	3154 	3155
3149 	3150 	3151 	5865
3149 	3150 	3151
3149 	3151
3149 	3150 	3151
3157
2123 	3156 	4755 	4756 	5098 	5254 	5255 	5256
2088 	3159
3158
543
3027 	3162 	3163
3161
3161
1164
3166 	3167
1533 	3165 	3938 	4580 	4592 	5343 	7570 	7858 	7862 	7968
3165 	3876 	5343 	5662 	7570 	7858 	7859 	7860 	7861 	7862 	7863 	7864
1168
2359 	3170 	3171
2359 	3169 	3171
2359 	3169 	3170 	7332
1346 	3173 	3174 	3175
25 	760 	1217 	1229 	1346 	1562 	1563 	1570 	1706 	1927 	2127 	2432 	2594 	3172 	3174 	3175 	3989 	9884 	9959 	9960
25 	1346 	1563 	1570 	3172 	3173 	3175
3172 	3173 	3174 	3989
24 	30 	6404
1665 	1669
2423 	3179 	3180 	3181 	3182 	3183 	3184 	3185 	3186
3178 	4809 	7160 	7298 	7890 	7891
3178 	3183
3178 	7756
3178 	5283 	5284 	5285
3178 	3180 	3184 	3185 	4229 	5141 	7711 	9518 	9636 	9702 	9703
3178 	3183
3178 	3183
3178
3188 	3189
3187
1443 	3187 	7338 	9687
1511 	3191
959 	1266 	1864 	1865 	3190 	3528 	7536 	7720
599 	600 	3193 	3194 	3195
599 	600 	3192 	3194 	3195
599 	600 	3192 	3193 	3195 	6237
599 	600 	3192 	3193 	3194
3197
2498 	3196 	4313 	7388 	8020 	9733
462 	702 	1714 	1716 	3199 	4449 	4450 	4451 	4452 	4453
221 	462 	702 	1714 	1716 	3198 	3200 	4449 	4450 	4451 	4452 	4453 	7758 	8727
701 	702 	3199 	3201 	4452 	4453 	7758
664 	701 	702 	3200 	4450
702
3204
1979 	3203 	3557 	4528 	4664 	6652 	7255 	7670 	8257 	8516 	10015 	10542
2935 	2941
1243 	2905 	3207 	3208
3206 	3208
2086 	2348 	3206 	3207 	4854 	6470 	7628 	8407
476 	628 	775 	3210 	3211 	3212 	3213 	3214 	3215 	3216 	3217 	3218 	3219 	3220 	3221 	3222
408 	465 	476 	628 	775 	2139 	3209 	3211 	3212 	3213 	3214 	3215 	3217 	3219 	3220 	3221 	3222 	3227 	3228 	3229 	4827
408 	476 	628 	775 	2139 	3209 	3210 	3212 	3213 	3214 	3215 	3216 	3217 	3218 	3219 	3220 	3221 	3222 	3227 	3229 	3230
408 	476 	775 	2139 	3209 	3210 	3211 	3213 	3214 	3215 	3216 	3217 	3218 	3219 	3220 	3221 	3222 	3227 	3228 	3230 	4825 	4827 	9360
408 	476 	628 	775 	1473 	1644 	3209 	3210 	3211 	3212 	3214 	3215 	3216 	3217 	3218 	3219 	3220 	3221 	3222 	3227 	3228 	3229 	3230 	4825 	4827 	8194 	8195
476 	775 	1473 	3209 	3210 	3211 	3212 	3213 	3215 	3218 	3219 	3222 	3227 	3229
476 	628 	775 	3209 	3210 	3211 	3212 	3213 	3214 	3216 	3217 	3218 	3221 	3222
476 	628 	775 	1473 	3209 	3211 	3212 	3213 	3215 	3218 	3219 	3220 	3221 	3222 	3227 	3229 	3230 	4825 	4827
628 	775 	3209 	3210 	3211 	3212 	3213 	3215 	3219 	3222 	3227 	3229 	4825 	4827
465 	775 	1473 	2213 	3027 	3209 	3211 	3212 	3213 	3214 	3215 	3216 	3221 	3227 	3230 	4825 	9445
408 	465 	476 	775 	1473 	3209 	3210 	3211 	3212 	3213 	3214 	3216 	3217 	3220 	3221 	3222 	3227 	3228 	3229 	3230
408 	465 	476 	628 	775 	1473 	3209 	3210 	3211 	3212 	3213 	3216 	3219 	3221 	3227 	3229 	3230 	4825 	4826 	4827
408 	628 	775 	3209 	3210 	3211 	3212 	3213 	3215 	3216 	3218 	3219 	3220 	3222 	3227 	3228 	3229 	3230
628 	775 	1473 	3209 	3210 	3211 	3212 	3213 	3214 	3215 	3216 	3217 	3219 	3221
2876
3225
193 	3224 	9085 	9086
3114 	3117
40 	56 	408 	465 	476 	628 	638 	775 	781 	782 	1473 	2139 	3210 	3211 	3212 	3213 	3214 	3216 	3217 	3218 	3219 	3220 	3221 	3228 	3229 	3230 	3977 	4203 	4256 	4670 	4825 	4826 	5821 	6509 	9151
408 	465 	628 	775 	1473 	3210 	3212 	3213 	3219 	3221 	3227 	3229 	3230 	4826
408 	628 	775 	3210 	3211 	3213 	3214 	3216 	3217 	3219 	3220 	3221 	3227 	3228 	3230 	5793 	5794 	6837 	10100
408 	628 	775 	1473 	3211 	3212 	3213 	3216 	3218 	3219 	3220 	3221 	3227 	3228 	3229
3232
40 	3231 	8821 	8822 	8971
1217 	1444
1266 	1289
3236
1683 	3235 	3262 	4233 	4887 	4888 	4889 	4890 	5623 	5627 	7031 	9515 	9525
1756
3239
2147 	3238 	5272 	5273 	5274 	5275 	6295 	6296 	7746 	7779 	7780 	8922 	9906
3241
3240 	5802
1681
3244
3243 	3551 	3552 	3705 	3861 	7739 	7801 	7802 	7803 	7804
3246
3245 	3817 	5041 	6861 	6862 	7730 	7763 	7786 	8326 	8466 	8467
2467 	3248
3247 	3266
3250
3249 	5735 	5917 	5918 	8387 	8672 	9650
2386 	2388 	2389
3253
670 	1268 	3252 	5465 	5998 	6049 	8014
2902 	3558 	3559 	3560 	7168
2902 	3725
2503 	3257
3256
1217 	1229 	1615 	1688 	3650
1229 	1689
1229 	1560 	1562 	1570 	2028 	2134 	2428 	2591 	2596 	8333
760 	1229 	1307 	1562 	1563 	1567 	1570 	1623 	2127 	2433 	2441 	2452 	2591 	2592 	2593 	3285 	3819 	3826 	5091
1229 	1706 	2432 	2596 	3015 	3236 	3264 	4836 	4837
1229 	1800 	2422 	2428 	2595 	3267 	3629
1229 	3015 	3262
1229
1229 	2594 	3248 	5076
1229 	1560 	1562 	2416 	2428 	2432 	2593 	2596 	2597 	3020 	3263 	8355
1229 	1615
1095
29
3272
3271 	7231 	10607
1605 	1689 	3274 	3275 	3276 	3277 	3278
3273 	9197 	9405
3273 	3277 	5859 	10569
3273 	9197 	9405
3273 	3275 	3278 	7070 	8842
3273 	3277 	6659
219 	3280
219 	3279 	8674
219 	3282 	3283
219 	1503 	3281 	5538 	10623
219 	3281 	5537 	5538 	5539
3285
1307 	1308 	1347 	1620 	1623 	2031 	2433 	2452 	3261 	3284 	3314 	3688 	3689 	3818 	3819 	3825 	3826 	4107 	4109 	4116 	4951 	5022 	5024 	7462 	7463 	8042 	8321 	8322
2954 	3287
3286
1546 	3289
25 	1250 	1265 	1268 	1271 	1546 	1702 	1934 	1937 	2581 	2712 	3288 	3963 	4040 	4136 	4137 	4138
1315 	1318 	1319 	1320 	1321 	1323 	1324 	1432 	8251
3292
3291 	3654 	5503 	5709 	5711
1209
3295
3294 	3686 	3687 	3688 	3689 	3690
964 	965 	966 	1186 	1188 	1919 	3570
964 	966 	1192 	3570 	5128 	9369
2572 	2987 	7137
2572
2572 	3302 	3308 	4922
2572 	3309 	7137
2572 	3300
2361 	2572 	8468
2572
2572 	9364 	10571
2572 	7367
2572
2572 	3300
2572 	3301 	7137
1095
3312
2924 	3311 	4017 	9842
3314
3285 	3313 	3689 	4109 	4113 	5022 	5024 	7462 	7463 	8042 	8599 	9142 	9380 	9381 	9979 	10023
3316
766 	3315 	9972
2363 	2546 	3318
2363 	3317 	7147 	7148 	7149 	7150
1932 	3320 	3321
2467 	3319
2467 	3319
2124 	3323 	3324 	3325 	3326 	3327 	3328 	3329 	3330
3322
3322 	3325 	3327 	3328 	3513 	4711 	6086 	6087 	6531 	6532 	6533 	6534
1095 	1245 	1496 	1497 	2124 	2638 	2904 	3322 	3324 	3328 	3329 	3513 	3899 	4145 	4146 	4711 	5251 	6086 	6087 	6218 	6311 	6403 	6532 	6534 	6646 	7960 	7961 	7962 	7963 	7964 	7965
3322 	3330
3322 	3324
3322 	3324 	3325 	3512 	4145 	5421 	6534
3322 	3325
3322 	3326 	4145
3023 	3332
3023 	3331
2380
1454 	2380 	4025 	9495 	9920 	10629
2697
2756 	3337
3336 	4860
2510 	2511 	3806 	4416 	4709 	4770 	4771
2844
1529 	1532 	1536 	1540 	1541 	1862 	1935 	1938 	1943 	1947 	1955 	2835 	3342 	3343
337 	1281 	1282 	1529 	1536 	1540 	1541 	1542 	1549 	1550 	3344 	3426 	4659 	7538
1529 	1536 	1955 	2835 	3340 	3343 	3963 	4818
1267 	1529 	1536 	1934 	1935 	1938 	1943 	1947 	1955 	2714 	2835 	3033 	3093 	3340 	3342 	3963 	4137 	4744 	5441 	7410
1536 	1540 	1541 	1542 	1549 	1550 	2027 	2030 	3341 	4124 	7275 	7276
959 	1314 	2404 	3346
56 	1168 	2543 	3345 	4830 	9586 	10022 	10280 	10424
2438 	2888 	3006 	3025 	3348 	3349 	3350 	3351 	3352 	3353 	3354 	3355 	3356 	3357
3347
2438 	2888 	3025 	3347 	3351 	3352 	3353 	3355
3347 	9637
2438 	2888 	3025 	3347 	3349 	3352 	3353 	3355 	3357
2438 	2888 	3025 	3347 	3349 	3351 	3353 	3355 	3357
2423 	2438 	2888 	3025 	3347 	3349 	3351 	3352 	3355 	3357 	4073 	4333 	7865 	9902
3347
2438 	2888 	3025 	3347 	3349 	3351 	3352 	3353 	3357
3006 	3347
2438 	2888 	3025 	3347 	3351 	3352 	3353 	3355 	7571
3359
841 	3358 	6604 	6605
1337 	2357 	2530
2530
2530 	5589
1508 	2375 	2530 	4358 	8886 	10553
1801
1714 	3366
3365
1239
2569
2316 	2561 	2569 	2581
2569
2569
140
3374
3373 	4219 	4719 	4728 	9837
311 	318 	3376 	3377 	3378
3375 	3380 	3381 	3382 	6893 	7884
3375 	3380 	3381 	3382 	6893
3375 	3380 	3381 	3382 	6893
907
311 	318 	3376 	3377 	3378 	3381 	3382
311 	318 	3376 	3377 	3378 	3380 	3382
311 	318 	3376 	3377 	3378 	3380 	3381
3384
3383 	8112 	8113
786 	3386
786 	787 	3385
3388
131 	1276 	3387 	3879 	3880 	3881 	3882 	3883
3390
247 	3389 	4483 	6575 	6600 	6601 	6602
3392 	3393
1033 	2771 	3391 	3393 	4925 	7694 	8291 	8292 	8293 	8294
487 	3391 	3392
3395
3394 	7520 	9266
3397
252 	254 	3396 	5741
2503 	3399 	3400
3398
2503 	3398 	4497 	7213 	7374 	8483 	8484 	8485
1383 	3402
1383 	3401
3404 	3405 	3406 	3407 	3408 	3409
3403 	5840
3403 	3406 	3407 	10126
3403 	3405 	3407 	10126
3403 	3405 	3406
3403 	5258 	8049
3403 	5258
2124 	3411
3410
3413 	3414
3412 	3629
3412
3416
1165 	3415 	7832
2090 	3418
904 	1695 	3417 	5836
3420
3419 	6204 	6207 	6491 	6492 	6493 	6494
2595 	3422
2105 	2595 	3421
2771
1239
1265 	1270 	1287 	1288 	2960 	3426
337 	1281 	1282 	3341 	3425
1663 	2447 	3428 	3429 	3430 	3431 	3432 	3433
2447 	3427 	3429 	3433 	5189 	5191 	5403
2447 	3427 	3428 	3430 	3431 	3432 	5189 	5190 	5191 	5403
3427 	3429 	3431 	3433 	4819 	4820 	5391
3427 	3429 	3430 	3433 	5190 	7508
2447 	3427 	3429 	3433 	5189 	5190 	5191 	10396
1663 	2447 	3427 	3428 	3430 	3431 	3432 	5190 	5191 	5391 	8570 	10396 	10490
2414 	2424 	3435 	3436
2414 	3434 	3436
2414 	2424 	3434 	3435 	7507 	7613
1044 	2546
2546 	2650 	3442
2546 	9910
2355 	2528 	2537 	2546 	2652 	3444
2546
2355 	2528 	2546 	2648 	2650 	2652 	3438 	7260
2528 	2546 	2648 	3977
2546 	2648 	2650 	3440 	9905
3446 	3447
3445 	3447 	8218 	9358
3445 	3446 	4520 	9646
40
3450 	3451
3449 	3451 	7257
458 	530 	3449 	3450 	5232 	5233 	5234 	5447 	6148 	6838 	6839 	6840
3453
1063 	1119 	1337 	1473 	2363 	2583 	3452 	3570 	4093 	4813 	4877 	6341 	9779 	9985 	10441 	10442 	10443
79 	3455
3454
1801
3458
3457 	5494 	9813
1347 	2030
3461
228 	3460 	9230
3463 	3464 	3465 	3466
3462 	3465 	3466 	8671 	8672
3462 	3465 	3466 	8671 	8672 	8673
1414 	1424 	1426 	3462 	3463 	3464 	3930 	6611 	6612 	6613 	6615 	6674 	6675 	6676 	6834 	6886
3462 	3463 	3464
3468
3467 	5282 	7521
3470
622 	637 	1459 	2266 	3469 	5620 	6770 	6771 	7082 	7084 	8067 	10672
3472 	3473
3471 	3473 	8401 	8402 	9713 	10555
3471 	3472 	4617 	5109 	5640 	5641
1170
1563 	1570 	3476 	3477 	3478 	3479 	3480
1563 	1570 	1619 	3475 	3477 	3478 	3479 	4962
1563 	1570 	1619 	3475 	3476 	3478 	3479
1563 	1619 	3475 	3476 	3477 	3479 	4962
1563 	1570 	1619 	1949 	2462 	3475 	3476 	3477 	3478 	3689 	4107 	4108 	4109 	4110 	4111 	4112 	4113 	4114 	4115 	4116 	4117 	4120 	4121 	7312
3475 	7923
2248 	2249 	3484 	7270
2248 	2249 	4590 	4921
2248 	2249 	3485
2248 	2249 	3481 	7270
2248 	2249 	3483
2248 	2249 	2787
1307 	1439 	1725 	2054 	2124 	2248 	2249 	2253 	2338 	3488 	3491 	4147 	5333 	5334
1439 	1725 	2124 	2248 	2249 	3487 	3491
2248 	2249
2248 	2249 	9491
1439 	1725 	2124 	2248 	2249 	3487 	3488 	4155 	4374 	7715
905 	3493 	3494 	3495
903 	905 	906 	908 	3492 	5590
903 	905 	906 	908 	3492 	5622 	5623 	6935 	6985
3492 	10338
1243
3498
2360 	2583 	3497 	8234 	8235
310 	315 	320 	321 	2313 	3500
310 	315 	320 	321 	2313 	3499 	6371
1598
1563 	3503 	3504
3502 	4869 	4870
1347 	3502 	5306 	9647 	9657
3107
3137 	3520 	3527
3132 	3135 	3136 	3137 	3138 	3139 	3526
3132 	3133 	3134 	3136 	3137 	3138 	3139 	3140
3510 	3511
1215 	3121 	3509 	3511
1215 	3121 	3509 	3510 	5542
3328 	3513
2124 	3324 	3325 	3512 	5421 	10529
2254
123 	724 	3516 	3517 	3518
58 	123 	3515 	3518 	4188 	8123
3515 	6924 	7264 	9961
58 	3515 	3516 	4188 	7633
1271 	1287 	1346 	1469 	1932 	3959 	4845
1271 	3506
1250 	1271 	1287 	1311 	1312 	1469 	1529 	1550 	2026
89 	1271 	2503 	3707 	3866 	6528 	7619 	8021 	8332
760 	1271 	1287 	1570 	2594
337 	1250 	1270 	1271 	1685 	2581 	3902
1271
1271 	1287 	3132 	3133 	3136 	3139 	3507
1271 	1279 	3506 	7372 	8477 	9458 	10038
3191
1801
481 	767 	3531 	3532
3530 	3532
3530 	3531
1803 	1822 	8617
3535
3534 	6075
1368
3538
1620 	1623 	3537 	4638 	4639
3540 	3541 	3542 	3543 	3544
3539 	7409
3539
3539
241 	577 	2323 	3539 	3607 	3618 	3813 	3814 	3815 	3816
3539
3546
3545 	4225 	4899 	4901
694 	3548 	3549 	3550
1829 	3547 	10259 	10260
1661 	3547 	3550 	6462
3547 	3549
3244 	3552
3244 	3551
3554 	3555 	3556
3553 	5858 	5974
3553
3553
3204
3254 	3559 	3560
3254 	3558 	3560
3254 	3558 	3559
3562
903 	3561 	3764 	3765 	3964 	4381 	7768
3564
3563 	5020
2543
1638
3006 	3007 	3568
3567
1186 	1311 	1337 	1841 	3959 	5239 	5240 	5241 	5242
966 	1186 	1188 	1190 	1192 	1303 	1473 	1788 	1798 	1801 	1919 	2386 	3296 	3297 	3453 	4275 	4838 	4839 	4840 	4841 	4842
1275 	1285 	5017 	5637
1275 	1285 	3573
1275 	1285 	3572
1275 	3575
1275 	1285 	3574
1121 	3577
1121 	3576
622 	1143 	1144 	1145 	1153 	1154 	1159 	1160 	1164 	3580
1154 	7132
622 	1143 	1151 	1154 	1156 	1161 	1162 	1163 	1164 	3578 	5617
1154 	1719
2215 	2288
2215 	3584 	7206 	7883
1833 	2215 	3583 	7651 	7778 	9505 	9506 	9677
959
154 	3587 	3588 	3589 	3590 	3591
3586
3586
3586
3586
3586
1287 	8019
3594
30 	228 	447 	1767 	1800 	3593 	4822 	7162 	8128 	8370 	8562 	9778 	9949 	10036
3596 	3597
3595 	3597 	8486 	8920 	9879
552 	1825 	3595 	3596 	4514 	4515 	4516 	5931 	5932 	5935 	8642 	8643 	8920
3599
3598 	3780
2972
1239 	3602 	3603
1238 	1239 	1303 	1473 	3601 	3603
1239 	3601 	3602
1311
3606 	3607
154 	577 	3605 	3618 	5802 	5973 	6600 	6945 	6946 	6947
89 	150 	241 	380 	503 	577 	917 	2323 	2888 	3025 	3543 	3605 	3677 	3815 	4173 	4174 	4175 	4858 	4873 	5044 	5198 	5258 	5974 	5980 	7640 	7641 	7642 	7643 	7644
2723 	3609 	3610 	3611
3608
3608
2723 	3608 	8213
3613
2503 	2504 	2664 	3612 	5124
2662
131 	132 	1605 	1606 	3616 	3617 	3618 	3619 	3620 	3621 	3622
131 	3615 	3618 	3619 	3621 	3622 	6591
3615 	3622 	7828 	7829 	7830 	7831
154 	3543 	3606 	3615 	3616 	4173 	5198 	9175
3615 	3616
132 	1606 	3615
3615 	3616
3615 	3616 	3617 	7829 	8947
3624 	3625 	3626
3623 	3625 	3626
3623 	3624 	3626 	6513 	6514
3623 	3624 	3625 	6513 	6514
1351
1562 	1563 	2233
1557 	1562 	1570 	2134 	2234 	2773 	3263 	3413 	4891 	4892 	4893 	4894
760 	1560 	1562 	1570 	2134 	2284 	2416 	2432 	2591 	2592 	2593 	2599 	8399
1562 	1888 	10016
1562 	1888
1562
1563 	3130
3130
218 	1108 	1209 	3637 	3638 	3639 	3640 	3641 	3642 	3643 	3644 	3645 	3646 	3647 	3648 	3649
3636 	4529
3636
3636 	5997
3636 	4237 	6103
3636
3636 	7892 	9307
3636
3636
3636
3636
3636
3636
3636
3258
1338
3653 	3654 	3655 	3656
3652 	3655 	5601 	10105
767 	1308 	1441 	2124 	2251 	2522 	3038 	3292 	3652 	3690 	3924 	3925 	5280 	6520 	8519 	9923
3652 	3653
3652
2656
2700
2288 	3660 	3661 	3662 	3663
2288 	3659 	3662 	4646
2439 	3659 	3662 	3663 	4646 	7973
2288 	2439 	3659 	3660 	3661 	3663 	4646
3659 	3661 	3662 	4646 	4986 	4987 	4988 	4989
959 	3665 	3666 	3667 	3668 	3669 	3670
3664 	8034
3664 	3670
3664 	3668
3664 	3667
3664
790 	3664 	3666
3672 	3673
3671 	3673
40 	3671 	3672 	6390
3675
3674 	3776 	4122 	4377 	5039 	5040 	7769 	9937 	9938 	9939
3677 	3678
3607 	3676 	3678 	5194 	10287
3676 	3677
3680 	3681
3679 	3681 	7235 	7256 	10113 	10114
3679 	3680 	5220 	7235
1351
1383
841 	1104
1461
3295
3295
3285 	3295
1949 	2462 	3285 	3295 	3314 	3479 	4107 	4108 	4109 	4110 	4111 	4113 	4114 	4115 	4116 	4117 	4118 	4120 	4121 	5022 	5024 	5796 	7462 	7463 	7471 	9536 	9848
3295 	3654 	6517 	6518 	6519 	6520
961 	2144 	2149 	3692
3691
3694 	3695
1488 	3693
1488 	3693 	6149 	6150 	6151 	9038
3146
2358 	3698
3697
443 	444 	445 	5487
1689
827 	3702 	3703
3701 	5100 	8316 	8317
3701
3705 	3706
1243 	3244 	3704 	3861 	3862 	5192 	5193 	8070 	8430 	8459 	8460 	8461
374 	3704 	9922
3522
2122 	2127
2127 	3710 	3711
2127 	3709
2127 	3709
2127
3714
3713 	8623
2290 	2381 	3716 	3717 	3718 	3719 	3720 	3721 	3722 	3723 	3724
3715 	3717
3715 	3716 	7468 	10021
1788 	1899 	2404 	3715 	3719 	4454 	4497 	8261
1788 	3715 	3718
3715
3715
3715
1643 	3715 	9926
3715
3255
3727 	3728
3726 	6211 	7543 	9912
3726
2756 	3730
2159 	3729 	7590 	8124 	8476 	9845 	9846
2697
427 	524 	1855 	2840 	3001 	3735 	4086 	5100 	7505 	9560 	9916 	10502
1855 	3736 	3737
427 	1855 	2088 	2129 	2222 	2844 	3001 	4343 	4713 	6348 	6362 	6573 	7171 	7172 	7173 	7174
524 	1855 	2840 	3732 	7172
1855 	3733
1855 	3733
371 	3739
371 	3738
3741
1788 	3740 	4221 	5133 	5134 	5135
1467 	3743 	3744 	3745
1250 	1467 	1522 	1875 	2360 	3742 	3744 	3745 	4049 	4299 	4300 	4810 	7138 	7139
1467 	3742 	3743 	3745
1467 	3742 	3743 	3744
917 	3747 	3748 	3749 	3750 	3751
3746 	3749
3746 	3749 	3750 	3751
3746 	3747 	3748 	3750 	3751
3746 	3748 	3749 	3751
3746 	3748 	3749 	3750 	9732 	10309 	10310 	10311
3753 	3754 	3755 	3756 	3757 	3758
3752 	7638
3752 	3758
3752 	3758
1341 	3752
3752
3752 	3754 	3755
579 	3760 	3761
3759
3759 	6583 	6584
3763
3762 	4489 	7775
3562 	3765
903 	1233 	3562 	3764 	3964 	4381 	7768
2407 	4527 	8427
2407
1359
3770
125 	1761 	3769
1334 	1921 	2535 	3773
1921 	4995
1797 	1921 	2987 	3771 	7510
3775
3774 	4889
1593 	2133 	3675 	3899 	4085 	4146 	4944 	4970 	6066 	7596 	10468
760 	2124 	2130 	2133 	2251 	5058
2122 	2124 	2133 	2412 	2426 	4161
2124 	2133 	2412 	2426 	2762 	2951
3599 	3781 	3782 	3783
3780 	3782 	3783 	5163
3780 	3781 	3783 	6726 	8943 	10032
3780 	3781 	3782 	5163 	5164 	5165 	5166
1435
2541 	3786
3785
2988
1250 	1311 	1346 	3789 	3790
3788
1695 	3788
510
3793 	3794 	3795
3792
3792
30 	1801 	2581 	3792 	9792 	9793
3797
154 	252 	3796 	4173 	5385 	5975
3799
315 	3798
154 	997 	998 	3801 	3802 	3803
3800 	3802 	3803 	8638
3800 	3801 	3803 	8638 	9986
2424 	3800 	3801 	3802 	8638
3805
3804 	5415 	5727
2510 	2512 	3338
411 	416 	1818 	3808 	3809
411 	416 	1818 	3807 	3809 	7009
411 	416 	3807 	3808 	6671
416 	8703 	8704
412 	416 	418 	425 	901 	4010
374
3543 	8449
3543
154 	241 	577 	2323 	2888 	3543 	3607 	4173 	4174 	8695
2323 	3543 	5198
3246
1620 	1623 	2433 	3285 	3819 	3820 	3821 	3822 	3823 	3824 	3825 	3826
1307 	1620 	1623 	2433 	2452 	3261 	3285 	3818 	3825 	3826 	4948 	4949 	4950 	4951 	5091 	5093 	8275
2424 	3818 	3823 	5576
3818
3818 	3823 	3824 	9870 	10423
1570 	3818 	3820 	3822 	4941 	4942
3818 	3822 	9870
1620 	1623 	2433 	2452 	3285 	3818 	3819 	4948 	4949 	4950 	4951 	5091 	5093
1307 	2433 	2452 	3261 	3285 	3818 	3819 	4951 	5091
1334
2699 	3829
3828
2355
3832
1801 	3831 	4955 	4956
2565 	2816 	3834
2816 	3833
3836 	3837
193 	3835 	5068 	10009
3835
269
269
269
2441
2047
224 	1775 	3844
224 	3843 	9510
337
3847
1528 	3846 	4544 	4545 	4546 	4898
1721 	3849
523 	1721 	2500 	3848 	4337 	4339 	7074 	9388
169
3852 	3853
3851 	3853 	3858 	3859 	3860 	3861 	3862 	3863 	3864
3851 	3852 	3860 	3861 	3862 	3863 	3864
680
3856
3855 	5370 	5371 	5372 	5373
2905
3852 	3859 	6641 	9285
3852 	3858 	6641
3852 	3853
3244 	3705 	3852 	3853
3705 	3852 	3853
3852 	3853 	3864
3852 	3853 	3863
1168
2209 	3522 	3867 	3868
3866 	9889
3866
337 	1281 	1282
2886 	2888 	3871 	3872 	3873 	3874 	3875
2888 	2889 	3870 	3874 	10472
3870
2888 	3870 	3874 	3875 	4872 	4876
2129 	2886 	2887 	2888 	2889 	3870 	3871 	3873 	3875 	4370 	4872
2888 	3870 	3873 	3874 	4872 	4876
3167
1913 	5536 	9102 	10079
1913
3388
3388
62 	131 	132 	1276 	1605 	3388 	3883
3388 	5732
62 	3388 	3881 	5669 	9238 	10263
879 	3885
3884 	6169 	6170
3887
3886 	5358 	5359
3889
3888 	4928 	8558
1643 	2282 	3891
3890
1095 	3893 	3894 	3895 	3896 	3897 	3898 	3899
3892
3892 	3896
3892
1620 	1709 	2443 	3892 	3894 	6231 	6232
3892
3892
1095 	1243 	2124 	2638 	3325 	3776 	3892 	4145 	4153 	7856
3901
1643 	3900
3524 	3903 	3904 	3905
3902 	7098
3902 	4698
3902
2414
2414 	2424
239
2605
3911
1334 	1335 	3910 	6483 	6484 	7533 	7535
2292 	3913
3912
649 	3915
3914
3917
3916 	3984
3919
3122 	3918 	5521 	8858
2945
3922
1510 	2503 	2666 	2667 	2668 	3921 	4238 	4239 	4240 	4241 	4242 	4243 	4244 	4246 	4247 	5109 	5114 	8248 	10574
1309
1308 	1441 	2522 	3038 	3654 	3925
1308 	1441 	2522 	3038 	3654 	3924
1707 	3927 	3928
3926
3926
1027 	1034 	1039 	2475 	3932 	3934 	3936 	4689
42 	1039 	1424 	3465 	3931 	6674 	6675 	6676
42 	1039 	3930 	3933 	3935
1027 	1034 	1039 	2475 	3929 	3936 	4689
42 	1039 	2105 	2452 	3931 	3935 	4059 	9907
1027 	1034 	1039 	2475 	3929 	3936 	4689
563 	1039 	1419 	1420 	1421 	3931 	3933 	4525
1027 	1034 	1039 	3929 	3932 	3934 	4689 	5396 	5632 	6133 	6757 	7397 	8784 	8785 	8786
3938
3166 	3937 	5260 	5451
3940 	3941
100 	1841 	3939 	3941
3939 	3940
1250 	1508 	2633 	3947 	3962 	4417 	4418 	4423
25 	1250 	1265 	1407 	1539 	1546 	1612 	1933 	1934 	1936 	1937 	1950 	2838 	3963 	4818
1250 	4401
1250 	1311 	1312 	1393 	3950 	8118 	8555
1250 	1347 	1949
1250 	1699 	2273 	3942 	3951 	3962 	7770
1250
337 	1250 	1307 	1347 	1561 	1620 	4232 	10550
1250 	2315 	3945 	8118 	8553 	8554 	8555
1250 	1508 	2273 	3947 	7770 	9658
1250
1250
1250 	4926
1250
1250 	1311 	1312 	1465 	1466 	1467 	1471 	1473 	1644
1250 	9470 	10459
1250 	2808 	4420 	9757
1250 	1469 	3519 	3569 	8266 	9478
337 	1250 	1311 	1620 	1882 	1883 	1885
1250 	1788 	9437 	9445 	9446 	9447
1250 	1508 	1699 	2273 	3942 	3947
1250 	1265 	1268 	1934 	1937 	3289 	3342 	3343 	3943 	4137 	4818 	6503 	6504
3562 	3765
337
295
1111 	1491 	1492 	1579 	1581 	1582 	1587 	1589 	1912 	3066 	3069 	9966
570
1337 	3970
3969
56 	597 	628 	10131
597 	624
56 	58 	408 	597 	623 	636 	743 	781 	4207
56 	597 	3975 	4668
56 	58 	125 	408 	467 	469 	475 	484 	597 	627 	632 	634 	635 	636 	778 	779 	2139 	2703 	3974 	3978 	4553 	4554 	4668 	4670 	5554 	5556 	5557 	5560 	6746 	8262 	8683 	8685 	10345
56 	58 	408 	597 	631 	636 	1033 	3980 	4203 	4993 	6746
56 	597 	743 	781 	3227 	3443 	9121
56 	125 	126 	408 	469 	597 	626 	629 	636 	778 	781 	3975 	4549 	4667 	4668 	4670 	4673 	6257 	6258 	6259
597 	9654
56 	125 	597 	631 	636 	1033 	3976 	4203 	4993 	6746
3982
3981 	5404 	5405 	9519
3984 	3985
2348 	3917 	3983 	3985 	7265 	7523 	9044
3983 	3984
3987 	3988
3986 	3988
1927 	3986 	3987 	4016 	9426
25 	3173 	3175 	3990 	3991
3989 	3991
2712 	3989 	3990 	4134 	5148 	5210
3993
2729 	3992 	8816
1307 	3995
3994
3997
1510 	3996
3999 	4000 	4001
193 	917 	3998 	4001 	7088
3998
3998 	3999
1168
1912 	3068 	3072 	3073 	3075 	3078 	3079 	3081 	3082
365 	4005 	4006 	4007 	4008
4004 	6450 	9124
365 	4004 	4008 	6450 	9124
4004 	5577 	5579
365 	4004 	4006 	6450 	9124 	10481
4010
428 	3811 	4009 	10084 	10085
1432
1322 	1323 	1324 	1326 	1432
4014
4013 	4992 	10362 	10398
879
3988
3312
4019
879 	4018 	8910
668 	4021 	4022
668 	4020 	5526
668 	959 	4020 	4555
4024 	4025
1642 	2404 	4023 	4025 	4074 	5262 	5263 	6024 	9868
3334 	4023 	4024 	5263
1119 	1509 	2503 	4609
1119
1119
1119
64 	1119 	1509 	10267 	10302
1119
1703 	4033
4032 	7503 	9607
178
100 	337 	745 	1281
100 	2581 	4040 	4041 	4042 	4043 	4044 	4046 	7363
100
100 	337 	1083 	1282 	1357 	1723 	2892 	2894 	2895 	2898 	4039 	5457 	5458 	5459 	6775 	6777
100 	337 	1281 	1282 	2716 	2894 	4038
3 	100 	337 	1268 	2581 	3289 	4036 	4041 	4042 	4043 	4044 	4046 	4136 	4138 	5337 	7426 	8145 	8437 	8438
100 	2581 	4036 	4040 	4042 	4043 	9161 	10049
100 	2581 	2717 	4036 	4040 	4041 	4043 	4045
100 	2581 	4036 	4040 	4041 	4042 	4044 	4046 	6168
3 	100 	2581 	4036 	4040 	4043
100 	4042 	8863 	9161 	10049 	10208
100 	2581 	4036 	4040 	4043
100
4049
1467 	1875 	3743 	4048 	7138 	7139
767
563
720 	4053
4052 	5658
1487
2945
4057
4056 	4629 	7542 	7543
2777
3933
1268
1133
4063 	4064
4062 	4064 	8341 	8533 	9841
4062 	4063 	5212 	6753 	8341 	8342 	8343 	8344
4066 	4067 	4068
4065 	4068 	8568
4065 	8733
4065 	4066
4070
337 	4069 	5329 	5330 	5331 	5332
841
2292
3353
1249 	1643 	4024 	4219 	4569 	8222
1643 	8031
1643 	2955
1643 	8031
1643
2765
1623 	2443 	2765 	4081 	9786 	10211
2765 	2768 	4080
1620 	2443
1258
2124 	2423 	4085 	4086 	4087
2423 	3776 	4084 	4291 	7889 	9763 	9764
2124 	3732 	4084 	4979 	7029 	8188
2423 	4084
4089 	4090
2562 	4088 	4090 	7518 	10394 	10453
2562 	2881 	4088 	4089 	5083
4092 	4093
4091
3453 	4091 	6088 	6090 	7026 	8827 	8828 	10182 	10365 	10366
3021
238 	4096
238 	239 	4095
4098 	4099 	4100
4097 	4099
4097 	4098
1801 	4097 	5479 	7876 	8052 	9277
1114 	4102 	4103
4101
4101 	9134
1973
1973
1362
1949 	2462 	3285 	3479 	3689 	4108 	4109 	4110 	4111 	4112 	4113 	4114 	4115 	4116 	4117 	4118 	4119 	4120 	4121
1949 	2462 	3479 	3689 	4107 	4109 	4110 	4111 	4112 	4113 	4114 	4115 	4116 	4117 	4118 	4120 	4121 	9536
1949 	2462 	3285 	3314 	3479 	3689 	4107 	4108 	4110 	4111 	4114 	4115 	4116 	4117 	4118 	4120 	4121 	5022 	5024 	7462 	8042
1949 	2462 	3479 	3689 	4107 	4108 	4109 	4113 	4114 	4115 	4116 	4117 	4118 	4120 	4121
1949 	2462 	3479 	3689 	4107 	4108 	4109 	4112 	4113 	4114 	4115 	4116 	4117 	4118 	4120 	4121 	5214 	7977
2462 	3479 	4107 	4108 	4111 	4113 	4116 	4118 	4120
1949 	2462 	3314 	3479 	3689 	4107 	4108 	4110 	4111 	4112 	4114 	4115 	4116 	4117 	4118 	4120 	4121 	8599 	9380 	9381 	9537 	9538
1949 	2462 	3479 	3689 	4107 	4108 	4109 	4110 	4111 	4113 	4115 	4116 	4117 	4118 	4120 	4121
1949 	2462 	3479 	3689 	4107 	4108 	4109 	4110 	4111 	4113 	4114 	4116 	4117 	4118 	4120
1949 	2462 	3285 	3479 	3689 	4107 	4108 	4109 	4110 	4111 	4112 	4113 	4114 	4115 	4117 	4120 	4121
3479 	3689 	4107 	4108 	4109 	4110 	4111 	4113 	4114 	4115 	4116 	4120 	4121
1949 	2462 	3689 	4107 	4108 	4109 	4110 	4111 	4112 	4113 	4114 	4115 	4120 	4121 	4470
4107
1949 	2462 	3479 	3689 	4107 	4108 	4109 	4110 	4111 	4112 	4113 	4114 	4115 	4116 	4117 	4118 	4121
1949 	2462 	3479 	3689 	4107 	4108 	4109 	4110 	4111 	4113 	4114 	4116 	4117 	4118 	4120
3675
4124
2030 	3344 	4123 	6538 	7275 	7276
740 	4126
739 	740 	1219 	2334 	2644 	4125 	4939 	7926 	8163 	8164
4128
529 	4127
107 	108 	113 	121
107
4132 	4133
2700 	4131 	4241 	5755 	7459 	8367
4131 	4241 	7459
3991
317
337 	2581 	2904 	3289 	4040 	4138 	6794 	7440 	8144 	8145
1265 	3289 	3343 	3963 	9561 	9562
337 	2581 	2904 	3289 	4040 	4136 	4807 	6794 	7167 	7271 	7440 	8144 	8145 	8339 	8340
4140 	4141
4139 	4141 	7550 	7928
4139 	4140 	8287
647 	648
1412
2124 	3002 	7357 	7656
1095 	1245 	1497 	2124 	2904 	3325 	3328 	3330 	3899 	4153 	7960
1243 	2124 	2904 	3325 	3776 	6451 	7856 	9469
2124 	3487 	4160 	5333 	7186 	9821 	10457
760 	2124
1598 	2124 	7497
2124
2124 	2249
2124
1095 	1245 	2124 	3899 	4145 	7934
2124
2124 	3491 	4374 	7715
2124 	2249
2124
2124
2124
2124 	4147
2124 	3778
2124
2124 	6290
4165
2628 	4164 	7436 	9585 	9682 	9683
2060 	4167 	4168
2060 	4166 	4168 	7541 	10586
4166 	4167
1800 	4170
4169
4172
4171 	9364
154 	252 	577 	2888 	3607 	3618 	3797 	3815 	4174 	4175 	4176 	4177 	4178 	4179 	4180 	4181
577 	2323 	3607 	3815 	4173 	4178 	5096
3607 	4173
380 	4173 	4179
4173 	4181 	4867 	6361 	6362
258 	577 	2323 	4173 	4174 	4716 	4874
770 	4173 	4176 	4181 	5116 	5975 	6946
4173
4173 	4177 	4179 	5970 	8695
1624 	1702 	1703 	1707 	4183 	4184 	4185 	4186
1702 	1707 	4182 	4184 	4185
1702 	1707 	4182 	4183
1702 	1707 	4182 	4183
1831 	4182
1375
720 	3516 	3518 	4189 	4190
4188
4188
4192
4191 	6483 	6484 	6485 	6486
4194 	4195 	4196 	4197 	4198 	4199
4193 	4195
4193 	4194 	4199
4193
4193
4193 	4199 	7791
4193 	4195 	4198 	5901
4201 	4202
4200 	4202
4200 	4201 	6854 	10041
56 	58 	408 	477 	628 	634 	636 	638 	743 	781 	783 	3227 	3976 	3980 	4204 	4205 	4206 	4207
4203 	4554 	5808
4203 	4552
4203 	10127
40 	56 	58 	408 	623 	627 	628 	631 	632 	636 	638 	743 	781 	1033 	1473 	3051 	3973 	4203 	4554 	4670 	6746 	9232
58 	484 	1736 	4209
4208 	7522 	8977
4211 	4212 	4213 	4214 	4215 	4216
4210 	4212 	4213 	4214 	4215 	4216
4210 	4211 	4213 	4214 	4215 	4216
4210 	4211 	4212 	4214 	4215 	4216
4210 	4211 	4212 	4213 	4215 	4216
4210 	4211 	4212 	4213 	4214 	4216
337 	2581 	2718 	4210 	4211 	4212 	4213 	4214 	4215
1845
4219
2294 	3374 	4074 	4218 	7301 	7688 	7689 	7690 	7691
1729
3741 	4222 	4223
4221 	4223 	4857 	7914
4221 	4222
2648
3546
4227 	4228
1959 	1962 	4226 	4648 	5037 	5038
4226
1561 	3183 	7711 	7712
1561
1561
337 	1307 	1532 	1551 	1561 	2383 	3949
3236
1471 	4235 	4236
4234
4234
3640
1510 	2666 	2667 	3922 	4239 	4240 	4241 	4242 	4243 	4244 	4245 	4246 	4247
1510 	2666 	2667 	2668 	3922 	4238 	4240 	4241 	4242 	4243 	4244 	4246 	4247 	4608
1510 	2666 	2667 	2668 	3922 	4238 	4239 	4241 	4242 	4243 	4244 	4246 	4247
1510 	2666 	2667 	3922 	4132 	4133 	4238 	4239 	4240 	4242 	4243 	4244 	4245 	4246 	4247 	5755 	7458 	7459
1510 	2666 	2667 	3922 	4238 	4239 	4240 	4241 	4243 	4244 	4245 	4246 	4247
1510 	2666 	2667 	3922 	4238 	4239 	4240 	4241 	4242 	4244 	4246 	4247
1510 	2666 	2667 	3922 	4238 	4239 	4240 	4241 	4242 	4243 	4245 	4246 	4247
2667 	4238 	4241 	4242 	4244 	4247
1510 	2666 	2667 	3922 	4238 	4239 	4240 	4241 	4242 	4243 	4244 	4247
1510 	2666 	2667 	2668 	3922 	4238 	4239 	4240 	4241 	4242 	4243 	4244 	4245 	4246 	4608
1256
819
2503
2617 	4252 	4253
4251
4251
4255 	4256
4254
3227 	4254 	6396 	9992
2166
2166
2166
4261
4260 	5233 	8115
4263 	4264
2174 	2528 	4262 	7581
4262 	5220
1725
1302 	7049
1302
1302
1302 	2003 	2339
4271
4270 	6344 	6563 	8868 	10369
4273
4272 	4768
4275
3570 	4274
825
254 	1075 	1637 	1639 	4278 	4279 	4280
254 	1075 	1639 	4277 	4279 	4280 	7588
254 	1075 	1635 	1637 	1639 	4277 	4278 	4280 	6198 	7588
254 	1075 	1635 	1637 	1639 	4277 	4278 	4279 	7588
563
78 	435 	1143 	1153 	1159 	1160 	1161 	4283 	4284 	4285 	4286 	4287 	4288 	4289
78 	1153 	1159 	1160 	4282 	4284 	4285 	4287 	4289 	4663
78 	435 	1153 	1159 	1160 	4282 	4283 	4285 	4286 	4287 	4288 	4289 	5032 	5969
78 	1143 	1144 	1153 	1159 	1160 	1473 	1555 	2355 	2562 	2571 	2579 	4282 	4283 	4284 	4286 	4287 	4288 	4289 	4366 	4663
435 	1159 	4282 	4284 	4285 	4288 	4289 	9265
78 	1153 	1159 	1160 	4282 	4283 	4284 	4285 	4289
435 	1144 	1159 	1161 	1628 	4282 	4284 	4285 	4286 	4289 	9265
78 	1153 	1159 	1160 	4282 	4283 	4284 	4285 	4286 	4287 	4288
150
150 	2423 	4085 	5304 	5305 	5397
150 	2423
4294
4293 	5188 	7085 	7086
4296 	4297
4295 	4617
4295 	9325 	10344 	10610
1467 	4299 	4300
1467 	3743 	4298 	4300
1467 	3743 	4298 	4299
98 	310
1833 	4303
1833 	4302
755 	4305
747 	755 	4304 	4781 	4782 	5694 	5695 	6199 	7565 	7566 	7568 	8710 	8713
3017 	7423
587
2383 	2498 	2509 	4309 	4310 	4311 	4312 	4313 	4314 	4315
2509 	4308
2509 	4308 	4929
2383 	2498 	4308 	4312 	4313 	4314 	4315
2383 	2498 	4308 	4311 	4313 	4314 	4315
2383 	2498 	3197 	4308 	4311 	4312 	4314 	4315
2383 	2498 	4308 	4311 	4312 	4313 	4315
2498 	4308 	4311 	4312 	4313 	4314
4317
131 	1605 	4316 	5824
850 	1385 	4319 	4320
4318
4318
228 	4322 	4323
4321 	8210
4321
1234 	4325
1234 	4324
1234 	1443 	1954 	7284
4328 	4329
4327
254 	1635 	4327 	6031 	6294 	8855 	9015 	9016
4331 	4332
4330 	6471 	6999 	7000 	7001
4330
3353
563
4336
4335 	7460 	10327 	10455 	10567
523 	2500 	3849 	4338 	4339 	4340 	4341 	4342
4337
337 	497 	523 	1268 	1862 	2500 	3849 	4337 	4340 	4341 	9388 	9389 	9390
497 	523 	2500 	4337 	4339 	5522 	5523 	5524 	7048
523 	4337 	4339
859 	4337
3734 	4344 	4345 	4346
4343 	4345 	9059
4343 	4344
4343 	10386
4348
179 	307 	4347 	5553 	9300
2541
2541
1073
25 	4353
25 	4352
4355
3032 	4354 	5296 	10619 	10620
4357
4356 	5199 	5200 	7411 	7428 	9177 	9181 	9182
1508 	2375 	3363
4360
1045 	4359 	7931 	9260 	9283 	9394 	10382 	10665
1314
1268
40 	4364 	4365
4363
4363
1153 	2747 	4285 	4367 	4368
2747 	4366
4366
2642
2886 	3874 	4371
4370
652
4374
3491 	4155 	4373
4376
506 	4375 	4464 	4465
3675
1111
1177 	1296 	1735 	1738 	1739
426
3562 	3765
890 	4383 	4384 	4385 	4386 	4387 	4388 	4389 	4390 	4391 	4392 	4393
889 	890 	4382 	4386 	4387 	4388 	4389 	4390 	4431 	4444
890 	4382 	4385 	4386 	4387 	4388 	4389 	4390 	4391 	4392 	6669 	8053 	8917 	9188
4382 	4384 	4386 	4387 	4389 	4391 	4392 	6669 	8917
889 	890 	4382 	4383 	4384 	4385 	4387 	4388 	4389 	4390 	4391 	4392 	4430 	4441 	6669
889 	890 	4382 	4383 	4384 	4385 	4386 	4388 	4389 	4390 	4391 	4392 	4430 	4431 	4436 	4441
889 	890 	4382 	4383 	4384 	4386 	4387 	4389 	4390 	4391 	4392 	4427 	4430 	4431 	4432 	4436 	4438 	4441 	6669 	8917
889 	890 	4382 	4383 	4384 	4385 	4386 	4387 	4388 	4390 	4391
889 	890 	4382 	4383 	4384 	4386 	4387 	4388 	4389
4382 	4384 	4385 	4386 	4387 	4388 	4389 	4392 	4393 	4445
890 	4382 	4384 	4385 	4386 	4387 	4388 	4391
4382 	4391
1731 	4395 	4396 	4397
4394
1177 	1473 	1731 	1801 	2079 	4394 	5229 	5230
1731 	4394
4399
4398 	7630 	7631
898 	2424
3944
2001 	4403
2001 	4402 	5216 	7921 	9649
2621
1435 	1473
1143 	1144 	1628 	4923
1143 	1144
2531 	4409 	4410 	4411 	4412
4408 	4881 	4920 	4960 	7105 	10025
4408
4408 	4920
4408
4414
4413 	7998
4416
2510 	3338 	4415 	4771 	5279
1699 	2531 	2633 	3942 	4418 	4419 	4422 	4423
1699 	2531 	2633 	3942 	4417 	4419 	4420 	4422 	4423
1699 	2633 	4417 	4418 	4420 	4422
2531 	2633 	3958 	4418 	4419 	4422 	4423 	9757
2633
1699 	2633 	4417 	4418 	4419 	4420 	4423
2531 	2633 	3942 	4417 	4418 	4420 	4422
2633
1195 	2353 	6116
2678
889 	890 	4388 	4432 	6668 	6669 	6670
890
889 	890 	4431 	4445 	6219 	6347 	6348
889 	890 	4386 	4387 	4388 	4431 	4436 	4441 	6219
889 	890 	4383 	4387 	4388 	4429 	4430 	4436 	4441 	6219 	6902 	6903 	6904
889 	890 	4388 	4427 	4434 	6052
890 	2088 	4435 	6903 	7673
890 	4432 	9105
258 	417 	516 	591 	890 	4433 	6677
889 	890 	4387 	4388 	4430 	4431 	4441 	5648 	6219
890
890 	4388
890
890
889 	890 	4386 	4387 	4388 	4430 	4431 	4436 	4444 	5648 	6219
890
890 	5649
890 	4383 	4441
890 	4391 	4429
889 	890
74
2242
462 	701 	1714 	3198 	3199 	4450 	4451 	4452 	4453 	7758 	8725 	8726 	8727
462 	664 	1714 	2204 	2205 	3198 	3199 	3201 	4449 	4451 	4452 	4453 	6887 	7016 	7758
462 	664 	1714 	3198 	3199 	4449 	4450 	4452 	4453 	6953 	7758
462 	1714 	3198 	3199 	3200 	4449 	4450 	4451 	7758
462 	1714 	3198 	3199 	3200 	4449 	4450 	4451 	7758
3718 	4455
4454 	7611
4457 	4458 	4459 	4460
4456 	4459 	4964 	9595
959 	4456 	4460 	4964 	4965 	9595
4456 	4457 	4460 	4964 	4965
4456 	4458 	4459 	4964 	4965 	4966
2707
4463
959 	4462
4376
198 	491 	506 	509 	4376 	6712 	6714 	7103
4467 	4468
1386 	4466 	4468 	5369 	7473 	8840
4466 	4467
4470
4118 	4469 	7386
337 	1281
2893 	4473 	4474
2893 	4472 	4474 	7776
1932 	2893 	4472 	4473 	4739 	7776 	7970 	7971 	7972
4476 	4477 	4478 	4479 	4480 	4481 	4482 	4483 	4484
4475 	4477 	4478 	4479 	4480 	4481 	4482 	4483 	4484 	6450 	6608
131 	132 	4475 	4476 	4478 	4479 	4480 	4481 	4483 	4484 	6448 	6449 	6450 	6607 	6608
4475 	4476 	4477 	4480 	4481 	4482 	4483 	4484 	6448 	6449
4475 	4476 	4477 	4480 	4481 	4482 	4483 	4484
4475 	4476 	4477 	4478 	4479 	4482 	4483 	4484 	6448 	6449 	6607 	6608
4475 	4476 	4477 	4478 	4479 	4482 	4484 	6448 	6449
4475 	4476 	4478 	4479 	4480 	4481 	4483 	4484
247 	3390 	4475 	4476 	4477 	4478 	4479 	4480 	4482 	4484 	6448 	6601 	8606
4475 	4476 	4477 	4478 	4479 	4480 	4481 	4482 	4483 	6448
959 	2550 	4486
4485
2449 	2830 	5325
1239
2955 	3763 	4490
4489
4492
4491 	9269 	10337 	10338
4494
1188 	4493 	7547 	10202
2161 	4496 	4497 	4498 	4499 	4500 	4501
4495 	4497 	9867
1114 	2638 	2876 	2955 	3400 	3718 	4495 	4496 	5041 	7786 	8371 	9678 	9867
4495 	4500 	4980 	4985 	9947
4495
4495 	4498 	4980
2161 	4495 	7590
1639 	5984 	10087
1639
254 	1639 	6051 	7075
1639 	6537
1639
1639
4509 	4510
4508 	4510 	5745 	5746 	8276 	9230 	10204
4508 	4509 	5745 	5746 	5747 	5748
1586
4513
4512 	7424 	7425
1825 	3597 	4515 	4516
1825 	3597 	4514 	4516
1825 	2043 	3597 	4514 	4515 	5935
221 	462 	1716 	4518 	7537
447 	701 	1716 	4517 	9404
4520
3447 	4519
4522
649 	4521
1304 	1307
1304
563 	1121 	3935 	10631
23 	28 	38 	1717
3766
3204
3637 	4530 	4531 	4532 	4533 	4534 	4535 	4536
4529 	4536 	4821
4529 	4532 	4533 	4534
4529 	4531 	4533 	4534 	4535
4529 	4531 	4532
4529 	4531 	4532
4529 	4532
4529 	4530 	4821
1095 	1243 	1347 	1538 	1541 	1594 	2030 	3034 	9372 	9373
961 	4539 	4540 	4541 	4542
961 	4538
4538 	4541 	8064
4538 	4540 	4542
4538 	4541 	7751
4544 	4545 	4546
3847 	4543 	4545 	4546
3847 	4543 	4544 	4546
3847 	4543 	4544 	4545
2467 	4548
4547
56 	477 	638 	778 	779 	2703 	3978 	4550 	4667 	4668 	4669 	4670 	4671 	4672 	4673
56 	58 	60 	62 	398 	467 	469 	475 	477 	479 	481 	483 	484 	485 	488 	489 	638 	780 	2136 	2139 	4549 	4669 	4679 	4772 	5670 	5825 	6858 	8114
638
638 	4205 	4670
638 	3975
56 	125 	408 	621 	631 	634 	636 	638 	781 	1033 	1473 	3975 	4204 	4207 	4993 	5547 	5561 	5808 	10093
638 	4022
624 	638 	743 	781 	4667 	4670 	4993
2249
1188
4560
440 	441 	4559 	6715 	6716 	7957 	7958 	9167 	10129
4562 	4563 	4564 	4565
4561 	4563 	7905 	8566
2585 	4561 	4562 	4564 	4565 	7453 	7762 	8479
4561 	4563 	4565 	7453
4561 	4563 	4564 	7762
3023
3023
571 	1217 	1688
4074
4571 	4572 	4573 	4574 	4575
4570 	4572 	4573 	4574 	4575
4570 	4571 	4573 	4574 	4575
4570 	4571 	4572 	4574 	4575 	9873 	10504 	10505
4570 	4571 	4572 	4573 	4575
4570 	4571 	4572 	4573 	4574
3107 	4577 	4578
238 	4576 	6040 	8249 	8250
4576 	8534 	8535
4580
3166 	4579 	4592
1017
427
4584 	4585 	4586 	4587
4583 	4585 	4586 	4991
4583 	4584
4583 	4584
4583 	5760
337 	4589
4588
3482
4592
1533 	1550 	3166 	4580 	4591 	5363 	7968
3080 	4594
4593
2422
193 	371
2503 	4606 	4610 	7253 	7365 	9383
2503 	2668
2503 	5346
2503
2503 	4603
2503 	4603
1510 	2503 	2668 	4601 	4602 	4608 	4637 	5014 	9366 	9367
2503
2503 	3113
2503 	4597 	5226 	7364 	7365
2503 	2504
1510 	2503 	2668 	4239 	4247 	4603
2503 	4026
2503 	4597 	7894 	9383
258 	2844
8 	9 	1121 	5291 	5335 	5336 	7663 	7665 	8024 	10590 	10591
1707
4615
1535 	4614 	5816 	7338 	7339 	7340 	10541
2904 	2906
3473 	4296 	5109
1800 	4790 	9790
1800 	10412
1800
1800
1362 	1800 	8201
2624 	4624 	4625
2624 	4623
4623
766
1033
1337 	1339 	4629
1337 	4057 	4628 	6217 	7542 	7543 	8524 	8525
2254
2058 	2254
2254 	6941
2254
2254
2254
1510 	4637
2668 	4603 	4636
3538
3538 	7102 	7347 	8056
959 	4641 	4642
4640
4640 	9766
1048
2288
1833 	2288 	9521
2288 	2439 	3660 	3661 	3662 	3663
4648
1962 	2856 	4227 	4647 	5341 	7806 	9638 	9639 	9640
432 	433
1239
4652
4651 	4687 	7782
767 	2477 	4654 	4655
4653 	8136
2313 	3090 	4653 	4752 	8397 	8490 	8491
337 	1281 	1282 	4657 	4661
337 	1281 	1282 	4656 	4661
337 	1281
337 	1281 	3341
228 	337 	1281 	1282
337 	1281 	1282 	4656 	4657
337 	1099 	1101 	1281 	1282 	5454 	6230 	8735
78 	1153 	1160 	4283 	4285
3204 	4665
272 	4664
1341
408 	778 	781 	3978 	4549 	4556 	4670 	4673 	4993 	6616
56 	125 	126 	475 	629 	636 	778 	781 	3974 	3975 	3978 	4549
636 	4549 	4550 	4670 	5687 	5688 	5689
56 	125 	126 	626 	635 	636 	778 	779 	781 	1473 	3227 	3975 	3978 	4207 	4549 	4552 	4556 	4667 	4669 	4673 	6257
4549 	7107
4549
56 	198 	509 	626 	778 	3978 	4549 	4667 	4670 	5705 	9252 	9738 	10306
1799 	7194
451 	455 	719 	723 	5437
487 	723 	1736 	7902
4678
4677 	6400
56 	58 	60 	62 	450 	477 	483 	484 	489 	719 	2136 	2138 	2140 	4550 	4680 	4681 	4682 	4683 	4684
4679 	9123
4679 	10160
1058 	4679
4679
62 	451 	453 	474 	483 	875 	2136 	2138 	2140 	4679 	5437 	5545 	6258 	8716
3032 	4686
4685 	8265
2763 	4652 	4688
881 	4687 	6299 	6697 	6698 	6705 	6706 	9345 	10153
1027 	1034 	2475 	3929 	3932 	3934 	3936
4691 	4692 	4693
4690 	4693
4690 	4693
2391 	4690 	4691 	4692 	7994 	7996 	9928
4695
2710 	4694 	8120
2265 	2266 	2267 	2268 	2269 	2270 	2273 	2274 	2276
2265 	2266 	2267 	2268 	2269 	2270 	2271 	2272 	2273 	2274 	2275 	2276 	7446
3904 	4699
4698 	7670 	8301 	8452 	9626 	10419
4701 	4702
3136 	4700 	4702 	4909 	4910 	4911 	4912
4700 	4701
959
1254
2295 	9808
2295 	7213 	7214
4708
4707 	7778
2510 	3338
1598
3324 	3325
4713
321 	3032 	3734 	4712
4715
515 	4714 	4758 	5409 	5410 	5411
154 	577 	3025 	4178 	4873 	4874
1693 	3025 	4873 	5642 	5644
3025 	4873 	4874
1833 	3374 	4720 	4721 	4722 	4723 	4724 	4725 	4726 	4727 	4728 	4729
4719
4719 	4728 	5199
1829 	1833 	4719 	4726 	4728 	8408
4719 	4728
4719 	9505
4719 	4727 	4728 	4729 	6505
4719 	4722 	4728 	4729 	9505
4719 	4725 	6506 	7672 	8539
1833 	3374 	4719 	4721 	4722 	4723 	4725 	4726 	6276 	6507
1833 	2804 	4719 	4725 	4726 	6276
1721 	4731 	4732
1721 	4730 	4732 	8085
1721 	4730 	4731 	4737 	9337 	10033
1721
1721
1721 	4753
1721
1721 	4732
1267 	2714
25 	662 	1267 	2714 	2716 	2719 	2893 	4474 	7776 	10639
2714
1267 	2714
1267 	2714 	6188
2714 	9963
1267 	2714 	3343 	5441
4746 	4747 	4748
4745 	4747
4745 	4746
4745 	5404 	5407 	6571
2816
4751
322 	3013 	4750 	4888 	5731 	6278 	10116
2313 	3090 	4655
4735
4755 	4756
3157 	4754 	4756 	8797 	8800 	9397
3157 	4754 	4755 	6179 	6180 	8797 	8798 	8799 	8800 	8801 	8802 	8803
845
4715
2495 	2771 	4760
4759
1045 	4762 	4763 	4764 	4765 	4766 	4767
4761 	4765
4761 	5740 	9357
4761
4761 	4762
4761
4761
4273 	7456 	7632 	10633
879
3338
2510 	3338 	4416 	7527
57 	126 	398 	469 	470 	479 	1058 	4550 	4773
57 	398 	469 	479 	780 	1058 	4772 	9254
2510
1522
151 	4777
4776
2388
4780
879 	4779
4305 	4782
4305 	4781
1885 	1891 	2249
1885
1885 	8473
1885
1885
1885
1885
4618
1930 	7027 	7028 	8003 	8004 	8005
571 	573 	574
571 	1212 	1534 	1689 	1706 	4794 	5025 	5030 	7878 	7917 	8433
89 	571 	1688 	4793 	4795 	4796 	5030 	7878
571 	4794
89 	571 	1228 	1615 	1688 	4794 	5025 	5028 	5030 	7878
2888
2270 	4799 	4800 	4801 	4802 	4803 	4804 	4805 	4806 	4807 	4808
4798
4798
4798
4798
3136 	4798 	4807 	9988
4798
4798
4798
4138 	4798 	4803
4798
3179
3743
771
27
3453
4815
193 	4814 	5145 	10045
4817
4816 	6003
25 	1268 	3342 	3943 	3963 	6503 	6504
2006 	3430 	4820
2006 	2447 	3430 	4819 	5189 	5190
4530 	4536
30 	37 	38 	1767 	3594
1797 	7793
1797
476 	3027 	3212 	3213 	3216 	3217 	3218 	3220 	3227 	4826 	4827
3220 	3227 	3228 	4825 	4827
408 	476 	3210 	3212 	3213 	3216 	3217 	3220 	4825 	4826
2412 	2426 	4829
2412 	4828
56 	3346
4832 	4833
4831
4831 	6431 	6928 	6929
1699 	4835
4834 	5569
1706 	3014 	3262 	5731 	5944 	5945 	5946 	10115
3262 	9734
1473 	3570
1303 	3570 	5159 	7203
3570 	9444
3570
1473 	3570 	9158 	10305
2893 	4844 	4845
1932 	2893 	4843 	4845 	5201 	7106 	8520 	9368
1346 	1932 	2893 	3519 	4843 	4844 	6855 	7106
1461 	4847 	4848
1461 	4846 	4848
1461 	4846 	4847
1461
2060 	4851
4850
4853 	4854 	4855
4852
3208 	4852 	4855 	5140 	7628
1243 	4852 	4854
917
4222
241 	3607
4860
3337 	4859 	7590
1239
1177 	4863
4862
2234 	7784
2234
2234 	5057 	6841 	6842
310 	2638 	4177 	4868
4867
3503 	4870 	6550
3503 	4869 	9758
2888 	3006 	5462 	9090 	9091 	9092
2041 	2887 	2888 	2889 	3873 	3874 	3875
193 	577 	2438 	2888 	3607 	4716 	4717 	4718 	4874
154 	577 	2323 	2888 	4178 	4716 	4718 	4873
2888
2886 	2888 	3873 	3875
3453 	4878
1068 	4877
2697 	4880 	4882 	4920 	9195 	9714 	10448 	10589
2697 	4879 	4882
2697 	4409 	4920
2697 	4879 	4880
4884
4883 	7908 	7909 	8119
668
2870
3236 	4888 	4889 	4890
3236 	4751 	4887 	4889 	4890 	8784 	9524 	9525
2432 	2729 	3236 	3775 	4887 	4888 	7927 	8214 	8492 	9524 	9525 	9666
3014 	3236 	4887 	4888 	5626 	5627 	6988 	6992 	7030 	8647 	9524
3629 	4892 	4894
3629 	4891 	4893 	4894
3629 	4892
3629 	4891 	4892
1598
4897
371 	4896 	5813 	10072 	10099
1528 	3847 	9921
563 	3546 	4900 	4901
4899
563 	3546 	4899
1239 	1241
4904
618 	4903 	7211 	8017 	8268
4906
4905 	6857 	7691 	7867 	7868 	7869
4908
1347 	4907 	7460
4701 	4910 	4911 	4912
4701 	4909 	4911
4701 	4909 	4910 	4912
4701 	4909 	4911
228 	1713 	4914 	4915
4913
4913
4917 	4918 	4919
4916
1833 	2292 	2520 	4916 	5313 	7728 	8246 	8408 	8415 	8456 	9070 	9071 	9072 	9073 	9074
4916
4409 	4411 	4879 	4881
3482
3300
1144 	1628 	4406
56
3392
3954
1622
3889
4310
2418 	2420
2418 	2420
917 	4933 	4934 	4935
4932 	6046
4932
4932 	8106
2334
2334 	4940
252 	1044 	1219 	2199 	2334 	6230
1219 	2334 	4126 	7713 	7714
2334 	4937
3823
3823
4944
3776 	4943
256 	1635 	4946
249 	250 	251 	254 	256 	1635 	4945
1182 	1184
1307 	1620 	1623 	2433 	2452 	3819 	3825 	4949 	4950 	4951
1307 	2433 	3819 	3825 	4948 	5090 	5093
1307 	1620 	1623 	2433 	2452 	3819 	3825 	4948 	4951 	5091 	5093
1307 	1620 	1623 	2433 	2452 	3285 	3819 	3825 	3826 	4948 	4950 	5093 	8275 	9774
3126 	9135
1307 	4954
4953 	7585 	7586 	7587
3832
3832
1469 	4958 	4959
1469 	4957 	4959 	7740
1469 	4957 	4958
4409
151
1563 	3476 	3478
1497
4457 	4458 	4459 	4460 	4965
4458 	4459 	4460 	4964
4460
2363
1014 	4970 	4971
1014 	1015 	1017 	3145 	4974 	4976
1014 	3776 	4968 	4971 	6635
1014 	4968 	4970
1014 	1015 	1016 	1017
1014
1014 	1015 	1017 	3145 	4969 	4976
1014 	1016
1014 	1015 	1016 	1017 	4969 	4974 	4977
4976
4979
2599 	4086 	4978 	9933
4498 	4500 	4981 	4982 	4983 	4984 	4985
4980
4980
4980 	10064 	10065
4980
4498 	4980
3663 	4987 	8649
3663 	4986 	8649
3663 	10545
3663 	7525 	7526
4991 	4992 	4993
4584 	4990
668 	1252 	4014 	4990 	7563 	8112 	9156 	10601
624 	781 	3976 	3980 	4554 	4556 	4667 	4990 	5402
4995
3772 	4994 	8224 	9382
4997
4996 	5081 	7480
2621
2621
2621
5002
392 	5001 	6806
1198
3066
1347 	5006 	5007 	5008 	5009 	5010 	5011
1347 	5005 	5007 	5008 	5009 	5010 	5011 	7765
1347 	5005 	5006 	5008 	5009 	5010 	5011
1347 	5005 	5006 	5007 	5009 	5010 	5011
1347 	5005 	5006 	5007 	5008 	5010 	5011
1347 	5005 	5006 	5007 	5008 	5009 	5011
1347 	5005 	5006 	5007 	5008 	5009 	5010
2415
5014 	5015
4603 	5013 	5015
5013 	5014
57 	198 	470 	488
3571 	5018
5017
5020 	5021
1095 	1243 	2638 	3564 	5019 	8035 	8036 	8037
5019
3285 	3314 	3689 	4109 	5023 	5024
5022
3285 	3314 	3689 	4109 	5022 	7462
573 	1688 	2641 	4793 	4796 	5026 	5027 	5028 	5029 	5030
5025 	5027 	5029 	6368
2637 	5025 	5026 	5029
4796 	5025 	5030 	7878
5025 	5026 	5027 	7851
89 	578 	1615 	1688 	2641 	4793 	4794 	4796 	5025 	5028 	6127
2233
1159 	4284 	5033 	5034 	5035 	5036
5032 	5036
5032
80 	81 	5032 	7036 	9265
5032 	5033
4227 	10389
4227
3675 	5040
3675 	5039
3246 	4497
452 	5043
452 	5042
3607
5046
5045 	5544 	9909
543
543 	544
543
543 	7490 	7491 	7492 	7493
543 	1038
543
543
543
3146 	5056 	5057
349 	350 	3146 	5055 	5057
349 	350 	3146 	4866 	5055 	5056 	7723 	8737 	9057
3777 	5059
58 	2559 	5058
879
2105 	8927 	8928 	8929
2105
2105 	2452 	8151
2105
2105
2047
5068
3836 	5067 	5266 	9747 	9748 	9982
2348
2750 	5071
2750 	5070
1901
1557 	1560 	1567 	2134 	2592 	2594 	5074 	5075 	5076
5073 	5176
5073
1557 	3266 	5073
487 	1959
658 	5079
652 	5078
5081 	5082
4997 	5080 	6380 	9874
1243 	5080 	5192 	8202
1351 	4090
2635 	9568
322 	1663 	2591 	5086
1663 	2591 	5085 	5456 	6108
1623 	2443 	2764 	2768
1620 	1623 	1709 	3032 	9602
1623 	3048 	3049 	5981 	6075 	10210 	10367
1620 	1623 	2433 	4949
1307 	1620 	1623 	2433 	2452 	3261 	3819 	3825 	3826 	4950 	5093 	8275
1620 	1623
1307 	1620 	1623 	2433 	2452 	3819 	3825 	4949 	4950 	4951 	5091 	6412 	6413 	6414
1508 	2375 	5095
2375 	5094
1864 	4174
5098 	5099 	5100
3157 	5097 	7319 	7322 	7603 	7604 	8474 	8475
5097 	5100 	9374
3702 	3732 	5097 	5099 	8316
2594
2594
2068 	2292
5105
5104 	5132 	5370 	6137 	7080 	7081
5107 	5108
5106 	5108 	5132 	5872 	5873 	5874 	5875
5106 	5107
2294 	2666 	3473 	3922 	4617 	5110 	5111 	5112 	5113 	5114
5109
5109
5109
5109
3922 	5109
1598
587 	879 	4179 	5117 	5118 	5119
5116
5116 	7068
5116
5121 	5122
5120 	5122 	6918
5120 	5121
1381
3613
2602 	2603
2602 	2603
2603 	7308 	7309
1192 	3297 	5129 	5130
5128
437 	3102 	5128 	6751 	10212 	10499
5132
371 	5105 	5107 	5131 	7855 	8267
3741
3741 	5209
3741
2602 	5137
2602 	5136 	5138
441 	1486 	2602 	5137 	7955 	7959 	9167 	9968 	10129
1034 	1857
1114 	4854
3183
1511
412
1454
4815
25 	5150 	5155 	10027
25
25 	3991
25
25 	1469 	5146 	5153
25 	1706 	2440
25 	1268 	8054
25 	5150 	5155
25
25 	5146 	5153 	10027
25
272
5159
2582 	4839 	5158 	9656
475 	2140 	2468
62 	708 	2468 	8728
2468
3781 	3783 	5164
3783 	5163
3783
154 	3783 	6054 	7369 	8836 	9193 	9194
767 	794 	795 	5168 	5173 	5483
767 	795 	5167
795
611 	795 	1079 	5172 	5175
767 	794 	795
611 	795 	1079 	5170 	5174 	5175 	9789
767 	794 	795 	5167 	5483
611 	795 	1079 	5172
611 	795 	1079 	5170 	5172
1661 	2134 	5074 	5177 	5178
5176
694 	5176
1351
5181
418 	5180
5183
5182 	6719
2948 	8864
2948
5187 	5188
5186 	5188
2728 	4294 	5186 	5187 	7085 	7787 	7915 	7916
2447 	3428 	3429 	3432 	4820 	5190 	5191
2447 	3429 	3431 	3432 	3433 	4820 	5189 	5191 	5403 	10396
2447 	3428 	3429 	3432 	3433 	5189 	5190
1243 	1365 	3705 	5082 	5193
1243 	3705 	5192 	7353 	9150 	9901
3677 	5195
5194
2777
2325
577 	3607 	3618 	3816
4357 	4721 	5200
4357 	5199
4844
1644 	5203
1644 	5202
5205
5204 	7213
2060 	5207 	5208
5206
5206
5134 	7079
3991
154
228 	4064 	5213
228 	5212
4111
2885
4403
314 	358 	476 	762 	772 	6074 	6190 	7441
314 	358 	752 	755 	757 	762 	765 	772 	774 	3027 	7314 	7315 	8014
314
3681 	4264
2770
5223 	5224 	5225
5222 	9844
5222
5222 	8561
4606
5228
5227 	10003
4396
1033 	1473 	1801 	4396
1912
258 	530 	692 	3048 	3451 	5233 	5234 	5235 	5236 	5237 	5238
249 	258 	530 	3048 	3451 	4261 	5232 	5574 	5674 	5684 	5976 	6895
530 	3451 	5232 	5238 	6065 	8794 	8795
530 	5232
5232
5232 	5681
530 	692 	5232 	5234 	5684
3569
1841 	3569 	10194 	10195
3569 	5242
3569 	5241
5244
5243 	9873
5246
1309 	5245 	8495 	9594 	9705 	9795
1208 	1209
790 	9448
5250 	5251
5249 	5251
3325 	5249 	5250 	10392
2462
1293
3157
3157
3157
5258
154 	577 	3408 	3409 	3607 	5257 	5974 	7640 	8048 	8049 	8050
2504
3938 	5261
5260 	7938
4024 	5263
4024 	4025 	5262
1168 	5265
1168 	5264
5068
2682 	5268 	5269
2682 	5267 	5269
2682 	5267 	5268
2898
1516
3239 	5273 	5274 	5275
3239 	5272 	5274 	6295 	7779 	7780
3239 	5272 	5273 	7780
3239 	5272 	6295 	6296
5277
563 	5276 	6647
2510 	5279
2510 	4416 	5278
3654 	5281 	5282
5280
2905 	3468 	5280 	7521 	7735 	7736
3182 	5284 	5285
3182 	5283 	5285
3182 	5283 	5284
5287 	5288 	5289
5286 	5289
5286
755 	757 	762 	5286 	5287
5291
3032 	4612 	5290 	7445
58
959
5295
5294 	6233 	6234
4355
1454 	5298 	5299 	5300 	5301 	5302
5297 	5299 	5300
5297 	5298 	5300
5297 	5298 	5299
5297
5297
1947
4291 	5305
2423 	4291 	5304
3504
1307 	2083
5309
2213 	5308
5311 	5312 	5313
5310 	5313
5310
2292 	4918 	5310 	5311 	7728 	8421 	9945 	10611
5315 	5316 	5317
5314
5314 	5317 	6553 	9866
5314 	5316 	7461 	10188
1177 	1296 	1738 	5319
5318
582 	585 	668 	5321
5320
154 	1215 	3121 	6890 	10102
1215 	3121
1215 	3121 	7041 	7042 	7043
2830 	4487
5327 	5328
5326 	6048
5326
4070
4070
4070
4070
1307 	3487 	4147
3487
4612 	5336
4612 	5335
2581 	4040
5339
1343 	5338 	9386
1924
1924 	4648 	5902 	7806
5343
3166 	3167 	5342 	7570 	7858 	9690
2375
5346
1144 	1145 	1152 	1153 	1159 	1510 	4599 	5345 	9575
1168 	5348 	5349
5347 	5923
5347 	9243
1539 	5351 	5352
1539 	5350 	7616
1539 	5350 	7616
879 	5354 	5355
5353
5353
422
422
1443 	3887 	10051
3887
5361 	5362
3107 	5360 	5362 	6569 	6570
5360 	5361
4592
5365 	5366 	5367
5364 	5366 	5367 	6380
5364 	5365 	5367 	6380
5364 	5365 	5366 	6380
5369
4467 	5368
3856 	5105
3856
3856 	7621 	8431
3856
649 	5422 	5423 	5424
649
649 	8723 	8724 	9724 	10145 	10146
244 	245 	649 	5495 	5743 	5744 	6557
649
649
649
649 	6721
649 	8949
649
649 	6930 	6931
649 	3797 	10158
649 	5389
649 	6033
649 	699 	911 	9946 	10062 	10063
649 	5386
1468 	2313
1663 	3430 	3433
5393
331 	5392
5395
5394 	9591
3936
4291
2813
5400 	5401
5399
1833 	5399 	7728
1711 	4993 	6257 	7122 	7123 	7124
2447 	3428 	3429 	5190
3982 	4748 	5405 	5406 	5407
2129 	3982 	5404
5404
4748 	5404
1157 	2160 	2161 	7589
4715
4715
4715
1570 	5413
5412
5415
417 	897 	2437 	3805 	5414 	5727 	7796
710 	2394 	5417 	8937
710 	2394 	5416 	5797
2718 	5419
5418
1284
3328 	3513
5374 	5423 	5424
5374 	5422 	5424
5374 	5422 	5423
5426 	5427 	5428
5425 	5427 	5428
5425 	5426 	5428
193 	5425 	5426 	5427
322
5431
252 	337 	1282 	5430 	6230 	7653
123 	452 	455 	6917
60 	451 	455 	5437 	8450
451 	452 	455 	5437 	5568
455 	513 	5438 	5568
455 	2138
62 	451 	452 	453 	455 	513 	875 	2138 	2302 	4675 	4684 	5433 	5434 	5439 	5545 	8716 	10291
455 	513 	2303 	5435 	5440 	5565
451 	452 	455 	513 	5437 	6454
452 	455 	513 	5438
1267 	3343 	4744
2720
5444
532 	5443
305
305
3451 	5448
5447
1704
1704 	8208 	10288
3938
5453
627 	5452 	6405 	6406 	6407
1099 	1101 	4662
5456
322 	1663 	5086 	5455
4038 	5458 	5459
4038 	5457 	5459 	8834
4038 	5457 	5458
701
5462
4871 	5461 	5563
1090 	5464
5463
3253
879 	5467 	5468
5466 	5468
5466 	5467
726
1741
901 	5472 	5473 	5474 	5475
5471 	9461 	9462
901 	5471
901 	5471 	6382 	9438
5471
809 	7208
809 	2911
5479 	5480
4100 	5478 	5480 	8173
5478 	5479
488 	1079 	2406 	5482 	5483 	5484 	5485 	5486 	5487
2406 	5481
767 	794 	1079 	2406 	5167 	5173 	5481 	5485
2490 	2494 	5481 	6643 	6644 	6645 	10081
1079 	2406 	5481 	5483 	5486 	10422
164 	165 	166 	171 	358 	394 	396 	397 	476 	652 	760 	767 	2406 	2475 	5481 	5485 	5487 	5894 	5896 	5897 	5985 	8241 	8831 	9252 	9352
778 	869 	1079 	1736 	2406 	3699 	5481 	5486 	5535 	5961 	5962 	7064
5489
2646 	5488 	6200 	6201 	8918
2168
2168
2223
131 	2990 	5494
1309 	1620 	3458 	5493 	7979 	7980 	7981
244 	245 	5377 	5743 	5744 	6927 	8098
5497 	5498
5496 	5498
1473 	5496 	5497 	5548 	5753 	5808 	6911 	8299 	9011
1416
524 	1566 	5501
5500
618
3292 	5504 	5505
5503
5503
818
5508
5507 	6759 	8678 	8680 	8682
2178
499
5512 	5513 	5514 	5515 	5516
5511
5511
5511
5511 	7473 	9659
5511
879
5519
5518 	6036
591
3919
4340 	5523 	5524
4340 	5522 	5524
4340 	5522 	5523
5526
4021 	5525
234 	5528 	10314
234 	1027 	5527 	10213 	10674
62 	234 	532 	631 	767 	1033 	2096 	6618
62 	234 	611 	1028
234 	6171
841 	5533 	5534
5532
5532 	9419
1079 	2891 	5487
3877
3283 	5538 	5539
3282 	3283 	5537 	5539
3283 	5537 	5538
5541
5540 	6226 	6383 	6944
3511
5544
92 	5046 	5543 	5718 	6688 	6993 	10317 	10318 	10319
451 	476 	4684 	5437 	5546 	5547 	5548 	5549 	5550 	5551
5545 	8796 	9615
62 	1004 	4554 	5545 	5994 	6712 	7748 	10142
476 	1004 	5498 	5545 	5549 	7748 	8590 	8730
476 	5545 	5548 	8589 	8590
5545
5545
178 	5553
4348 	5552
632 	634 	3975 	5556
634 	816
408 	632 	634 	3975 	5554 	5557 	9137
481 	632 	634 	1058 	3975 	5556 	5646 	10108
634
58 	125 	408 	634
408 	467 	632 	634 	735 	3975
408 	634 	4554
5563
5462 	5562
594
452 	513 	5438 	5566 	5567 	5568
452 	513 	2138 	5565 	5567 	5568 	6897 	7583
452 	513 	5565 	5566 	5568 	6544
62 	451 	452 	453 	513 	5434 	5435 	5565 	5566 	5567 	6541 	6548 	7583
4835 	5737 	9078
879
5572
173 	198 	510 	2140 	5571 	5650 	5652 	9289
2848
5233
2703
3820
4007 	5578 	5579
5577 	5579
4007 	5577 	5578
879
473
879
915 	5584 	5585 	5586 	5587
915 	5583 	5585 	5586 	5587
915 	5583 	5584 	5586 	5587
915 	5583 	5584 	5585 	5587
915 	5583 	5584 	5585 	5586 	9633
5589
3362 	5588 	6703 	6704
3493
5592
931 	5591
297 	5594
40 	297 	5593 	8657
418 	10421
418 	901 	6983 	6984
123
5599
879 	5598
5601 	5602
3653 	5600
323 	5600
404
371 	5605
5604 	7951
1008 	1011
1011
5609
5608 	8782
959 	5611 	5612
5610 	5612
1454 	5610 	5611
750
193
637
622 	637 	5619 	6599
637 	1144 	1628 	3580 	6846
622 	637 	5756
637 	5616 	6599
637 	3470 	5621 	6768 	6769 	6770 	6771
622 	637 	5620 	6768
3494 	5623
3014 	3236 	3494 	5622 	6934 	6935 	6936 	6937
5625
879 	5624
4890 	5627 	5628
3236 	4890 	5626 	8647
5626 	8875
804 	5630
804 	5629
5632
3936 	5631
2895 	5635
2895 	5635 	6017 	6018 	6019 	6020 	9127 	9128
2614 	2895 	5633 	5634 	5636 	6018 	6707 	6708 	6709 	6710
2895 	5635
1285 	3571
570 	3122
3122
3473
3473
4717 	5643 	5644 	5645
5642
4717 	5642 	5645
5642 	5644
5557
889 	5648 	5649
889 	4436 	4441 	5647 	6219
889 	4443 	5647
5572 	5651 	5652
5650
5572 	5650
5654
1028 	1038 	5653
735
5657
5656 	7624
4053
1452 	5660
1452 	5659 	9047
5662 	5663 	5664
3167 	5661 	6796 	6843 	6844 	10157
5661 	8068
5661
1355 	1358 	1359
5667 	5668
879 	5666 	6392
5666 	9410
3883
56 	58 	831 	1057 	1058 	2202 	2203 	4550 	5672 	8114 	9480
1058
469 	1057 	1058 	5670 	8114
5674
239 	530 	904 	2222 	5233 	5673 	6054 	8230
5676
5675 	6026 	8027
5678
5677 	7037
5680
5679 	5816 	5817 	5818 	9189 	10321
5237 	5682 	5683 	5684 	5685 	5686
530 	692 	5681 	5684 	8651 	8667
3049 	5681 	6941
530 	5233 	5238 	5681 	5682 	6128 	6640 	7498 	7499 	8651
5681
528 	5681
4669
4669
4669
5691
154 	249 	5690
959
62
748 	755 	4305 	5695
755 	4305 	5694 	7564 	7565 	7566 	7567 	7568
5697
74 	252 	5696 	5909 	5910 	6152 	8698 	8825
5699
40 	5698
58 	62 	476
476
476
476 	9443
476
4673 	5706
509 	5705
5708
1188 	1798 	5707 	7391 	7703
3292 	5710 	5711
5709 	9762 	9767
3292 	5709 	6773
1279 	5713
1279 	5712
5715 	5716
1226 	5714 	5716 	8944 	9187
1226 	5714 	5715
435
5544
40 	5720 	5721
5719 	5721
5719 	5720
5723
5722 	5964 	9993
5725
2423 	5724
5727
417 	3805 	5415 	5726
5729
2607 	2911 	2913 	5728 	8619 	8621
931 	5731
258 	312 	2430 	3014 	4751 	4836 	5730 	5937 	5944 	6850 	6955 	6956 	6957 	6958 	6959 	6960 	6961 	6962
3882 	5733 	5734
5732 	8773
5732
3250
3 	6 	843
5569 	5738 	5739
5737 	10634 	10635
5737
4763
254 	3397
841
244 	5377 	5495 	5744
244 	5377 	5495 	5743 	6557
4509 	4510 	5746
4509 	4510 	5745
4510
4510
58 	62 	123 	467 	477 	481 	484 	488 	720 	2136 	2140 	6606 	6694 	6695 	6696
5751 	5752
5750
5750 	8853
5498
5755
4132 	4241 	5754 	7693 	8955
5618 	5757 	5758
5756
5756
432 	433
4587
2472
2472
2472 	5766
2472 	5766
2472 	8769 	8770
2472 	5763 	5764
363 	5853 	6085
5769
40 	959 	5768 	6363
451 	5771 	5772 	5773
451 	5770 	5772 	5773
451 	5770 	5771 	5773
451 	452 	5770 	5771 	5772
1901
901
901 	5778 	9108
901
901 	5776 	9108 	9109
901
901
901
901 	2970
901
901
901 	8097 	9165
901 	10643
901 	6428
901 	9165 	10636
901
528 	901 	3014
901
901
3229 	5794
3229 	5793 	6889
5796
3689 	5795
5417
578 	6126 	6127
5800 	5801
5799 	5801 	8175 	8990 	9026
5799 	5800
704 	3241 	3606 	8087 	8711 	9183 	9184 	9185
5804
5803 	7932
5806 	5807
5805
2576 	5805
4204 	4554 	5498 	10147
5810 	5811
5809 	5811
529 	5809 	5810 	6223
307 	308
972 	4897
913
5816 	5817 	5818
4615 	5680 	5815 	10326 	10328
5680 	5815 	5818
5680 	5815 	5817
5820
5819 	9832
56 	408 	624 	781 	3227 	5822 	5823
5821 	6395
5821
4317
56 	477 	510 	2136 	4550
5827
4 	589 	843 	921 	5826 	6723 	6724 	6725
5829
783 	5828 	10242 	10663
445 	9329
879
5833 	5834 	5835
841 	1103 	5832 	5834 	5835
1103 	5832 	5833 	5954
1103 	5832 	5833 	5954
1695 	3418
193 	5838 	5839
193 	5837 	5839
5837 	5838
154 	577 	3404 	5841
5840
2768
5844
5843 	9096
1089
40
759 	5848
5847
5850
904 	5849
133
560 	562 	563 	566 	654 	5853 	6825
560 	563 	566 	5767 	5852 	5894 	7469
2140
249 	5856 	5857
249 	5855 	8241 	10149
249 	5855
3554
3275 	5860
5859
1695 	5862 	5863
5861
5861
5865
1021 	3152 	5864 	9342
587
961 	2149 	6154 	6663 	8064 	9481 	10094
193
716 	5870
716 	5869 	6948 	8506
228 	1753 	2480 	6297 	7162
5107
5107
5107 	6932 	8187
5107 	8267
1256
1256
1256
1256
1256
1256 	6305 	6787
1256
1256
719
467 	532 	719 	10144
5887 	5888
5886
5886 	6048
5890
5889 	6775 	9293
2319 	5892 	6286
2319 	5891 	6286
2319
563 	652 	5486 	5853
62 	398 	467 	484 	563 	652 	656 	2136 	2140 	6807 	6808
652 	656 	5486 	9708
652 	5486 	8084
5899 	5900
2684 	5898
5898
4199 	7791
5341
40
74 	5905 	5909
74 	5904 	5909
74
74
74
74 	5697 	5904 	5905 	5910
74 	252 	5697 	5909
74
123
5914 	5915
5913 	5915
879 	5913 	5914
5917 	5918
3250 	5916
3250 	5916
5920 	5921 	5922
5919
2161 	2756 	3012 	5919 	9077
5919
5348 	6345
148 	5925
148 	5924 	9349 	9350 	10612 	10613
5927 	5928
5926 	6706
5926
5930
5929 	10199
552 	1825 	2040 	3597 	5932 	5933 	5934 	5935
552 	3597 	5931 	5935 	6387 	8642 	8643
2040 	5931 	5934
2040 	5931 	5933
552 	3597 	4516 	5931 	5932 	8643 	9858
1611
5731
5939 	5940 	5941 	5942
5938 	5942
5938 	9661
5938
5938 	5939
1599
1269 	1706 	3014 	4836 	5731 	5945 	5946
193 	4836 	5944 	8597
4836 	5944
2035 	8150
740 	5949 	5950
5948
5948
5952
1170 	2025 	5951
5954
371 	841 	5834 	5835 	5953 	10289 	10290
5956 	5957
1091 	5955 	7552 	9195
5955
1669 	5959 	5960
5958 	6098
5958 	8783
5487 	5962
5487 	5961
5964
841 	5723 	5963 	8149 	9993 	9994
716
5967
1027 	5966 	10252
525
4284
154 	4181 	6361
154 	249
154 	950
154 	577 	3606 	10181 	10312
154 	577 	2958 	3554 	3607 	5258 	5981 	7640 	9206
154 	252 	3797 	4179
154 	258 	529 	3049 	5233 	6053 	10138
154 	9205
154
154 	577 	9267
154 	3607
154 	577 	5089 	5974 	7641 	9152 	10220 	10273
2405 	2406
1004
4502
164 	165 	169 	171 	5486
829
260 	5988 	5989
260 	5987 	5989
260 	5987 	5988
481
432 	433
575
575 	2642
56 	743 	5547 	5995 	5996
5994
5994
3639
3253
906
1462 	6001 	6002 	6003 	6004 	6005
6000
6000
4817 	6000 	6004
6000 	6003
6000
1137
6008 	6009 	6010
1661 	2723 	2725 	6007 	6009 	6010 	6461 	6462 	6582 	7457 	7817 	7818 	7819
1243 	2723 	6007 	6008 	6010 	9755
1661 	2129 	6007 	6008 	6009 	8346 	8447 	9755
1308
6013
841 	6012 	6265 	7050 	7051 	7052
1226
6016
767 	1422 	6015 	8219 	8220 	8870
5634 	6018 	6019 	6020
5634 	5635 	6017 	6019 	6020
5634 	6017 	6018 	6020
5634 	6017 	6018 	6019
40
1901 	6023
1901 	6022 	7944
4024 	6025
6024
599 	600 	5676
599 	600
40
2292
340 	6031
4329 	6030
1308
5387
346 	368 	6035 	6036 	6037
346 	368 	6034 	6036 	6037 	8849 	8851 	8853
368 	5519 	6034 	6035 	6037 	8849 	8850 	8851 	8852 	8853 	9295 	10379
346 	368 	6034 	6035 	6036 	8849 	8851 	8852 	8853 	9149 	9295
6039
959 	6038
4577
668
2945
156 	1073
6045
978 	6044
4933
2945
621 	5327 	5888 	9219 	10324
3253
137
4504
4432
249 	315 	417 	529 	5976 	6064
315 	417 	530 	2090 	5166 	5674 	9729
6056
841 	6055 	8699 	8700
6058 	6059 	6060 	6061
6057 	6059 	6060 	6061
841 	6057 	6058
6057 	6058 	6061
6057 	6058 	6060
630
630
87 	239 	249 	6053 	6994 	7947 	9263
530 	5234
3776
2195
2195
2195
2195
6072
677 	680 	6071 	7575 	9218
704 	6074
704 	5217 	6073 	6190 	6242 	6243 	6689 	8789 	8790
3535 	5089
402 	6077
402 	6076
988 	6079
988 	6078
6081 	6082
761 	6080 	6730
6080
6084
6083 	6324 	6325 	8506
5767 	6883
3324 	3325 	6087
3324 	3325 	6086 	6311 	6531 	6532 	6646
4093 	6089 	6090
6088
4093 	6088
89 	6092
89 	6091
568
587
258 	530 	6096 	6097
6095 	8577
258 	6095 	6523 	6524 	6828 	6860 	6926 	9318
5959 	6099
6098
6101
238 	6100 	6175
847
3640
3061 	10537
3061
524
322 	1663
322 	1663 	2591 	5086
322
311 	322 	7346
1610
551 	552 	6113 	6114
551 	552 	6112 	6114
551 	552 	6112 	6113
1195 	6865
1195 	1268 	4425 	6118 	6119 	6121 	6122 	6123 	6124 	6801
1195
1195 	6116 	6122 	6124 	6727 	6728 	6729
1195 	6116
1195 	8308
1195 	6116
329 	1195 	1268 	6116 	6118 	6123 	6124 	6727 	6728 	6729 	8083 	9614
1195 	6116 	6122
1195 	1268 	6116 	6118 	6122 	9622
1195
5798 	6717 	10243
5030 	5798
5684
6130 	6131 	6132
6129 	6131 	6132 	7436
6129 	6130 	6132 	7436
6129 	6130 	6131 	7436
3936
185 	6135 	6136 	6137 	6138 	6139 	6140 	6141 	6142
6134 	6137
6134
5105 	6134 	6135 	7722
6134
6134
6134 	7081
6134
6134
908 	2911
2607 	2911 	2913
6146
6145 	9625 	9626 	9627
570
3451
3695 	6150 	6151
3695 	6149 	6151 	9037 	9038
3695 	6149 	6150
5697
908
5867
986
1045 	6157
6156
1788 	1798 	1801 	6159
6158 	6202 	8892 	9028 	9913 	9914 	9915
6161
193 	252 	2242 	6160 	7574
959 	6163 	6164 	6165
6162
6162
6162
767 	6167
6166
4043
3885
3885
5531 	8432
825
6174
6173 	6254 	7824 	8463 	9145
6101
6177 	6178
6176
6176 	7317 	8644 	8645 	8646
4756 	6180
4756 	6179 	8802 	8803 	9397 	10056
6182
1940 	2432 	6181 	7464
6184 	6185 	6186 	6187
6183
6183 	8582
879 	6183
6183
4742
626 	635 	993
358 	755 	761 	762 	772 	5217 	6074 	7667
913 	7021 	7022 	9379
286 	287
1266
6195
6194 	7044 	7045 	7046 	7476 	8346 	8347 	8348 	8349 	8350 	8351
6197 	6198
6196 	6198 	10284
879 	1075 	4279 	6196 	6197 	6872 	6873 	8675 	8676 	8677
4305
5489 	6201
2646 	5489 	6200
6159
6204 	6205 	6206 	6207
193 	3420 	6203 	6491 	6494
6203 	6206
6203 	6205
3420 	6203 	6493 	6494 	7209 	7210
879
1337
1337 	1338 	1339 	9912
1337 	1339 	3727 	7543
1337 	2402
1337
1337 	1339
1337 	6217
782 	1337 	2363 	2365
1337 	1383 	4629 	6215
3325
889 	4429 	4430 	4431 	4436 	4441 	5648
6221 	6222
6220 	6222
6220 	6221 	6489 	10073 	10074
5811 	6224 	6225
6223 	6752
6223 	6752
5541
1282
1282 	1347 	6512 	7032 	7033
753 	1282
252 	337 	1282 	2199 	4662 	4938 	5431
1709 	3896 	9112
3896
371 	841 	5295 	6234 	7546
371 	841 	5295 	6233
5 	843 	1292 	1293 	1294 	1784 	1942 	2715 	2718 	6236 	6237
5 	843 	1292 	1293 	1294 	1784 	1942 	2715 	2718 	6235 	6237
600 	843 	1293 	1294 	1784 	1942 	2715 	2718 	3194 	6235 	6236 	6238 	6306 	8663
5 	843 	1292 	1293 	1942 	2715 	2718 	6237
1942
1365
516
704 	6074
704 	6074
6245
6244 	8729
481
451
6249
6248 	6268 	6269 	6270 	6271 	6272
903 	7649 	8888 	8889
365
2194
1494
6174
6256
6255 	7419 	7420 	7421 	7422 	7423
56 	3978 	4670 	5402 	7793 	8382 	8383
62 	467 	2136 	3978 	4684 	6807
778 	869 	3978
1741 	2309 	2310 	6261 	6262
2310 	6260
6260
164 	167 	171 	6264
167 	6263
6013
6267
1330 	6266
6249 	6272 	6740 	6977
6249
6249
6249
6249 	6268 	6419
959 	6274
6273
6276
2292 	4728 	4729 	6275 	6507 	9872
6278
313 	317 	944 	3014 	4751 	6277 	6738 	9834
6280
411 	425 	1818 	6279 	6842 	6977 	7007 	7009 	9106 	10329
6282
211 	212 	907 	6281
2068
6285
371 	6284 	6459 	6561
5891 	5892
6288 	6289
428 	6287
6287
4163
226
6293
2211 	6292
4329
3239 	5273 	5275 	6296 	7376 	7746 	7779 	7780
3239 	5275 	6295 	7779 	7780 	7842
5871
2129
4688 	6300
6299
30
677 	6303 	6304
252 	680 	6302 	6304
6302 	6303
513 	5881
6237
2723
6309
371 	6308 	8655
1353
3325 	6087
1812
1687 	6314 	6315 	6316 	6317 	6318
1687 	6313 	6315 	6316 	6317 	6318
1687 	6313 	6314 	6316 	6317
1687 	6313 	6314 	6315 	6317 	10245
6313 	6314 	6315 	6316 	9273
1687 	6313 	6314
587
843 	1905
6322 	6323
6321 	6323
6321 	6322 	6754 	7793
6084 	6325
123 	948 	6084 	6324 	8504 	8505 	8506 	8507
516
40 	6328 	6329 	6330 	6331 	6332
6327
6327 	6331
6327 	6332
6327 	6329
6327 	6330
6334 	6335
6333 	9321 	10341
6333
435
6338 	6339 	6340
6337 	7204
6337
1165 	6337
3453
6343
183 	6342 	6530 	7637
4271
5923
1476 	1477
4429
3734 	4429
513
1308
1308
1308 	8305
1308 	6360 	6463
1308 	6355 	9646
1308 	6354 	6360 	6463
1308
1308
1308
1308 	8406 	9941
1308 	6353 	6355 	6673
4177 	5970
3734 	4177
5769
1628 	6365
1628 	6364
1695 	6367
1695 	6366 	8812
573 	5026
6370
6369 	9047 	10246
321 	3500
6373 	6374
6372 	6374
959 	6372 	6373
6376 	6377
1488 	6375 	6377
6375 	6376
680 	6379
680 	6378
5081 	5365 	5366 	5367
428 	6382
428 	5474 	6381
5541 	6384 	6385
959 	6383 	7489
6383
952
5932
6389
6388 	7795
3673
2898
5667
58 	62 	483 	2136 	6394
56 	58 	6393
5822 	6396
4256 	6395 	9992
959
6399 	6400
6398 	8592 	9186
959 	4678 	6398 	8592
2930
6403
3325 	6402
226 	3176
627 	783 	5453 	6406 	6407 	6408
5453 	6405 	6407 	8999
627 	5453 	6405 	6406 	6408
627 	6405 	6407 	8804
475 	6410 	6411
6409 	6411
6409 	6410 	6556
5093 	6413
5093 	6412 	6414
5093 	6413
948 	6416 	6417 	6418
123 	948 	6415 	6417 	6418
948 	6415 	6416 	6418
948 	6415 	6416 	6417
6272
6421 	6422
40 	6420 	6422 	7040 	10313
6420 	6421
1050 	6424 	6425 	6426 	6427
40 	1050 	6423 	6425 	6426 	6427
40 	1050 	6423 	6424 	6426 	6427
1050 	6423 	6424 	6425 	6427
1050 	6423 	6424 	6425 	6426
5787
897 	6430
6429 	8605
4833 	6432
1667 	6431
6434 	6435 	6436
6433
164 	6433 	6436 	9564 	9624
164 	6433 	6435 	9564 	9624
1605
1114
1114 	9276
1114
1114
1114
1114
6445
6444 	9307
1976 	6447
6446 	7047
4477 	4478 	4480 	4481 	4483 	4484 	6449 	6450
4477 	4478 	4480 	4481 	6448 	6608
365 	4005 	4006 	4008 	4476 	4477 	6448 	9124
4146
754 	6760
754
5439
2313
2313
2313 	2735 	10496
6459
6285 	6458 	10011
6461 	6462
6008 	6460 	6462 	7457
3549 	6008 	6460 	6461
6353 	6355
417 	6465 	6466
6464 	9061 	9062
6464
879 	2871 	6468 	6469
6467 	6469
6467 	6468
3107 	3208 	6648 	6650 	7628
3107 	4331 	6570 	7333 	7334
3107
3107
3107
1977 	6476 	6477
1977 	6475
1977 	6475
1915 	1916 	1917 	1920 	6484 	8010
1920
6481
6480 	8022
2328
3911 	4192
1334 	3911 	4192 	6478 	7535
4192
4192
453
6489
6222 	6488 	8186 	9639
823
3420 	6204
3420
3420 	6207
3420 	6204 	6207
6496 	6497 	6498
879 	6495 	6497 	6498
6495 	6496 	6498 	9228
6495 	6496 	6497
6500
6499 	8078
2218 	2220 	2221 	6559
282
3963 	4818 	6504
3963 	4818 	6503
4725 	6506 	6507
4727 	6505 	6507
4728 	6276 	6505 	6506 	10538
847
783 	3227
427
1042
6228
3625 	3626 	6514 	6515
3625 	3626 	6513
6513 	7329
249
3690 	6518 	6520
3690 	6517 	6520
3690
3654 	3690 	6517 	6518
193
2383 	2509
6097 	6524
258 	464 	6097 	6523 	8185 	10150
6526
2412 	2426 	6525
204 	6528
907 	1044 	3102 	3522 	6527 	9571 	9572 	9573 	9574
1170
6343
3324 	6087
3324 	3325 	6087
3324
3324 	3325 	3328
1555 	6536
1555 	6535
4505
4124 	6539
6538
451 	452 	453 	513 	2303 	9066
513 	5568
513 	6547 	10638
513 	6911 	10250
451 	452 	453 	513 	5567
513
452 	513 	6548
513 	6542 	9286
513 	5568 	6546 	6702
2420
879 	4869 	6551
6550 	6639
625
5316 	6554 	6555
6553 	6555 	8110 	9100 	9136 	9227 	10166
6553 	6554 	8110 	8499
6411
5377 	5744
2012 	2014 	2015
2220 	6501 	9292
2220
6285 	9067 	9068
6563
4271 	6562 	7013 	8642 	8765 	9416 	9417
6565
2835 	6564
249 	2610 	2611 	3049 	10253
2292
1139
5361
3136 	5361 	6471
4748
1095 	6573 	6574 	6575
1095 	3734 	6572 	8263
6572 	6575
249 	1095 	3390 	6572 	6574
6577 	6578 	6579 	6580 	6581
6576
6576
6576
6576
130 	6576 	7197 	8464 	8465
6008
3761
3761
6586 	6587
6585 	6587
6585 	6586 	7024 	7025
386
386
40
3616
885 	887 	6593 	6594
6592 	6594 	9608
249 	885 	887 	6592 	6593 	9608
6596
1347 	6595
6598
1284 	6597
5616 	5619
3390 	3606 	7305 	8390 	9322 	9806 	9971
247 	3390 	4483 	6602
3390 	6601
40
3359
3359
5749
4477 	4480 	6608 	6628
365 	4476 	4477 	4480 	6449 	6607 	9124
6610
1663 	2591 	6609
1414 	3465 	6612 	6613 	6614 	6615
1414 	3465 	6611 	6613 	6615
1414 	3465 	6611 	6612 	6615
1414 	6611
1414 	3465 	6611 	6612 	6613
4667
2469
62 	631 	720 	1028 	1033 	2096 	2771 	5529
6620 	6621 	6622 	6623 	6624
6619 	6623 	6624
6619 	6623 	6624
6619 	6623 	6624
879 	6619 	6620 	6621 	6622 	6624 	9991
6619 	6620 	6621 	6622 	6623
6626
321 	6625
6628
6607 	6627
6630 	6631 	6632 	6633 	6634
6629 	6631 	6632 	6633 	6634 	6809
6629 	6630 	6632 	6633 	6634
879 	6629 	6630 	6631 	6633 	6634 	6809
6629 	6630 	6631 	6632 	6634 	6809 	10641
879 	6629 	6630 	6631 	6632 	6633 	6809
4970 	6636
6635 	8137
56
959
6551 	10168 	10169 	10401
530 	5684 	6641
3858 	3859 	6640 	9285
1334
5484 	6644 	6645
5484 	6643 	6645 	10081
796 	5484 	6643 	6644 	8706 	10081
3325 	6087
5277
2348 	2906 	6470 	6649 	6650 	6651 	6652 	6653
6648 	6652
6470 	6648
6648 	6652
3204 	6648 	6649 	6651
6648 	8323
694
1481 	1482 	1483 	6656 	6657
1481 	1482 	1483 	6655 	6657
1481 	1482 	1483 	6655 	6656
6659
3278 	6658 	8403 	8404 	8405
6661 	6662
959 	6660 	6662 	6811 	8874
6660 	6661
5867
6665
729 	6664 	8797
959 	6667
959 	6666
4427
4384 	4385 	4386 	4388 	4427
4427
3809
841
6360
1424 	3465 	3930 	6675 	6676
1424 	3465 	3930 	6674 	6676
1424 	3465 	3930 	6674 	6675 	6680 	7060
904 	4435 	6678 	6679
6677
6677
6676
778
716
716 	717
715 	716
716
716 	717 	6687
716 	717 	6686
5544
6074
6691
2770 	6690 	8972 	8973 	8974
6693
193 	6692
5749
5749 	7262 	7263 	7264 	7265
5749
4688 	6698 	6699
4688 	6697 	6813 	6814
6697 	9345
193 	6701
6700
452 	6548
5589
5589
4688 	6706
4688 	5927 	6705
5635
5635
5635
5635
847
505 	506 	509 	4465 	5547 	6714
198 	506 	509
198 	506 	509 	4465 	6712
440 	4560
440 	4560
6126
1269 	6719
5183 	6718
841
5381 	6722
6721 	7277 	7278
5827
843 	921 	5827
5827
3782
6118 	6122
6118 	6122 	6729
6118 	6122 	6728
6081
3098
1977
2625 	6734
2625 	6733
438
510
831
1034 	2475 	6278
6740
6268 	6739
125 	6742
6741
193
193
743
56 	58 	408 	627 	631 	636 	743 	781 	1033 	3975 	3976 	3980 	4207
743
6749
1008 	1009 	6748 	9223
436 	6751
438 	5130 	6750 	7063 	10364
6224 	6225
4064
6323
587
284 	6757
3936 	6756
3055
5508
768 	1024 	6452 	6761 	6762
6760
759 	768 	1024 	6760
483
6765
1045 	6764 	6986
668
123
1004 	5620 	5621 	6769 	7231
1004 	5620 	6768 	7231
279 	3470 	5620 	8067 	8272 	8273
3470 	5620
2611
5711
897
4038 	5890 	6776 	6777
6775
4038 	6775 	10101
1840
825 	9336
825
825 	8791
825 	8480
825
825
825
825
5881 	6788 	6789
6787 	6954
6787
131 	1605
1130 	6792 	7844 	9242
1130 	6791 	7844 	9242
1130
905 	4136 	4138 	8145
17
5662
787
6799 	6800
6798
3110 	6798 	7316 	7757 	10374
6116 	6802 	6803
6801
6801
2943 	3055
6806
165 	167 	171 	392 	5002 	6805 	8901
62 	173 	467 	477 	481 	484 	485 	2136 	5895 	6258
563 	656 	5895
6630 	6632 	6633 	6634
6811 	6812
6661 	6810
6810
6698 	6814
6698 	6813
501 	594
1816 	6818
1137 	1138 	1139 	1816 	1818 	6820
1816 	6816
1816
1137 	1138 	1139 	1816 	1818 	6817
1137 	1816
1137 	1138 	1139 	1816
6824
193 	6823 	10020
5852
879
218
6097
6830
438 	6829 	7063
501 	594
501
6834
3465 	6833
996 	8000
6837
3229 	6836
3451
258 	3451
3451
4866
411 	425 	4866 	6280
5662 	6844
5662 	6843
2096
5617
6848
6847 	9394
767
5731
6852
1270 	6851 	10044 	10573
6854
959 	4202 	6853 	10178
4845
417
4906
56 	58 	467 	481 	4550 	6859
6858
6097
3246 	6862
3246 	6861
755
755
6115
1494
56 	483
6869
879 	6868 	9520
931
249
6198 	6873
6198 	6872
371 	6875
6874
879
6878
786 	6877
6880
644 	841 	6879
6882
193 	6881
6085
193 	6885
6884
3465 	8913
462 	470 	4450
470
5794
5322
780 	1960
1619 	6893 	6894
311 	318 	3376 	3377 	3378 	6892
318 	532 	2338 	6892 	8876 	10347 	10498
5233
2832
5566
6899
193 	6898 	10371
2611
1977
4431 	6903
4431 	4433 	6902
4431
167
167 	171
56 	628 	629 	636 	779
1219 	6909 	6910
6908
6908
5498 	6543 	6912 	6913
6911 	6913
6911 	6912 	7115 	9030
834 	6915 	6916
6914 	6916 	9222
834 	6914 	6915
2302 	5432 	8734 	9104
792 	1503 	5121 	6919 	6920 	6921 	6922 	6923
6918
6918
6918
6918
6918
3517
212
6097
5495
4833
4833
3014 	5384
5384
5874 	6933
6932 	8423
5623
3494 	5623
5623
5623 	8603
2890
879 	6940
6939
4632 	5683
2467
6944
5541 	6943 	8837
3606
3606 	4179
3606
5870 	6949 	6950
6948
6948
803 	7078
692
447 	664 	1714 	4451
6788
3014 	5731
5731
5731
3014 	5731 	6968
5731 	9118
5731 	8221
5731
5731
6964 	6965 	6966 	6967
6963 	6965 	6966 	6967 	7903 	7904 	9334
6963 	6964 	6966 	6967 	7904
6963 	6964 	6965 	6967 	7903 	7904
6963 	6964 	6965 	6966 	7903 	7904 	7905 	7906 	7907
6958
6970 	6971
6969 	6971 	7620
555 	6969 	6970 	10368
489
6974
249 	6973
40
6977
411 	425 	6268 	6280 	6976 	10604
327 	6979 	6980 	6981
327 	6978
6978 	6981
193 	327 	555 	6978 	6980
307
5596 	6984
5596 	6983
3494
1045 	6765
399
320 	4890 	8806
320 	321 	6991
320 	10102
320 	321 	6989
320 	321 	4890 	7710
5544
6064 	6995
6994
904 	6997 	6998
6996 	8015 	9113
249 	904 	6996 	9302
4331 	7001
4331
4331 	6999
841 	7003 	7004
7002
7002
2958
411 	1818 	7007 	7008 	7009
6280 	7006 	7009
7006
411 	1818 	3808 	6280 	7006 	7007
57 	7011 	7012
7010
7010 	10511
6563
486
7016
462 	4450 	7015 	7758
841 	7018
7017 	10356
7020
7019 	9003 	9004
6191 	7022
6191 	7021 	9379
833 	9229 	9230
6587 	7025
1307 	6587 	7024
4093
4791 	7028
4791 	7027 	8003
4086
4890 	7031
3236 	7030
1635 	6228
6228
7035
737 	7034 	9433
5035
5678 	9735
371 	7039
7038
6421
5324
5324
5324 	10218
6195 	7045 	7046
6195 	7044 	7046 	8348
6195 	7044 	7045 	8348
6447
4340
4266
6013
6013
6013
2919
3049
2088 	3049 	10077
3048 	3049
2611 	3049
7059
1033 	7058
6676
587
2506
438 	6751 	6830 	8664 	9173 	10162 	10212
778 	5487
1330
7067
879 	7066 	8640
5118
7070
3277 	7069 	7882
193
7073
959 	7072
2500 	3849
4504
841 	7077
7076 	7311
6951
5209 	8117
5105
5105 	6140
2266 	3470 	7083 	7084
2266 	7082 	9093
2266 	3470 	7082
4294 	5188
4294
1440
3999
631 	1033
1599 	7091 	7092
1599 	7090 	7092 	8259 	9340 	10152
1599 	1601 	7090 	7091 	8259
487
1209 	7095
7094
1086
1801
3903
2550
7101
2348 	7100 	7113 	8179 	8182 	8292 	8294 	9541
4639
505 	4465
7105
4409 	7104 	9798
1932 	2893 	4844 	4845 	8493 	9368
4671 	7108 	7109 	7110
7107
7107
7107 	10120
2973 	8540
1146
7101
7115
6913 	7114
2389 	9854
2389 	10579
521 	523 	524 	1564 	2152 	2842
7120 	7121
7119 	7121 	7319 	7321 	7322
7119 	7120 	7319 	7320 	7321 	7322
1961 	2771 	5402 	8012
5402 	10494
5402
1095
435
2498
1314
1314
1314
1314 	2543 	2544 	8440
1314 	3579
528
7135 	7136
7134 	7639
1854 	7134 	8380 	9191
3298 	3301 	3309
1467 	3743 	4049 	7139 	7705 	8429
1467 	1875 	3743 	4049 	7138 	8279
1714
1086
1086 	7144
1086
1086 	7142
2816
1177
3318
3318
2363 	3318
3318
959 	7152 	7153
7151 	7153 	9163
7151 	7152
7155
959 	7154 	7845 	9599 	9600 	9601
2787
1528 	1549 	9746
1347
350
3179
7162
228 	1753 	2758 	3594 	5871 	7161 	8471
1063 	7164
1063 	7163
7166
7165 	10561
4138
3254
908
530 	692
258 	3734
3734 	3735
3734 	7174
2129 	3734 	7173 	9110
1782 	3080
760 	3071 	3080 	7177 	8026
3080 	7176
2363 	3080 	7179 	7687
2363 	3080 	7178 	7687
3080 	10399
2306
1610 	2367
2700
193
7186
4147 	7185
1357 	2582 	7188 	7189 	7190
2573 	7187
1359 	7187 	7190 	8079 	8310
2582 	7187 	7189 	9378
30 	2209
1258 	1869
1869
1869 	4674
1869
1165
6581
7199
1386 	2121 	2270 	7198 	7584 	7850 	9977 	10465 	10483
2624 	7201 	7202
7200
7200
4839
6338
2560
3583
7208
2852 	5476 	7207 	8156
6207
6207
4904
29
3400 	4706 	5205 	8484 	9770
4706
7216
2064 	7215 	9566
307
2222 	8225
2222
2348 	7221
2348 	7220
3031
3031 	3033 	7224 	8388
1538 	2826 	3031 	7223 	9522
3031 	3033
3031
2242
1370
2031
384 	1622
3272 	6768 	6769
2488 	7233
2488 	7232
2866
3680 	3681
1006
1006
1006
1006
2381
555 	7242
555 	7241
7244
1687 	7243
1293
2287
2128
2404
2404
2404
7252
2951 	7251 	7612
4597
7255
3204 	7254
3680
3450
1347 	2031 	7259
7258
1473 	2528 	2652 	3442
2528
6695 	8925 	9139
6695 	7522
3517 	6695
2348 	3984 	6695 	7520 	7521 	7522 	7523 	7524
515 	7267
515 	7266 	7272 	7273 	7274
515
327
3481 	3484
4138
7267
7267
7267
2030 	3344 	4124 	7276
1351 	2030 	3344 	4124 	7275 	7809 	7810 	7811 	7812 	8565
6722
6722
524
423
2866 	7282 	7283
7281 	8420
2945 	7281 	7331
1443 	4326 	7285 	7750
1443 	7284
1443
7288 	7289
7287 	7289 	9985
7287 	7288
3136
3136
3136 	8184
3136
3136
3136
7297
78 	7296
3179
523 	7300
523 	7299 	9894
4219
2387 	7303 	7304
7302 	7304
7302 	7303
6600
7307
2898 	7306 	9794
5127 	7309
5127 	7308
1977
1454 	7077 	8481
1563 	1570 	3479
2365
5218 	7315
5218 	7314
6800
6178
1239
5098 	7120 	7121 	7322 	7602 	7603 	7604
7121 	7321
7120 	7121 	7320
5098 	7120 	7121 	7319 	7603 	7604
33 	1848 	7324
33 	1848 	7323
1145 	7326
1145 	7325 	7983
1145 	1160 	2111
7329
6515 	7328 	7505 	9831 	10447
587
2945 	7283
2172 	3171
6471
6471
2439 	10600
7337
475 	720 	2790 	7336 	9241
1535 	3189 	4615 	7339 	7340
4615 	7338 	7340
4615 	7338 	7339
249
7343
724 	7342
169
1368
6110 	7347
4639 	7346
7349
7348 	7398 	7399 	7400 	7401 	7403 	7404
1347
11 	12 	7352
11 	12 	7351
1243 	5193
1165 	7355
1165 	7354
1057 	2202 	2203
4144
2343
2211
2211
2211
2211
4036
2691 	4606 	7365 	9383
4597 	4606 	7364
193
3306
1837
5166
959 	7371
7370 	10621
3527
7374 	7375
1810 	3400 	7373
7373
6295
2638 	7378 	7379
7377 	7379
2638 	7377 	7378
7381
841 	959 	7380 	9456
7383
7382 	7977
2060
1473 	1699 	2060 	2597 	7754 	9835
4470
1833
3002 	3197 	7389
7388
1798 	3012
5708
2348
2507
3102
3102
3102
3936
7349 	7399 	7400 	7401 	7402 	7403 	7404 	7405
7349 	7398 	7400 	7401 	7402 	7403 	7405
7349 	7398 	7399 	7401 	7402 	7403 	7404 	7405 	8335
7349 	7398 	7399 	7400 	7402 	7403 	7404 	7405
658 	7398 	7399 	7400 	7401 	7403 	7405 	7824
7349 	7398 	7399 	7400 	7401 	7402 	7404 	7405
7349 	7398 	7400 	7401 	7403
7398 	7399 	7400 	7401 	7402 	7403
1362 	7407 	7408
7406
7406 	9502
3540
3343
4357
7413 	7414
1144 	1628 	7412
7412
2728
1307 	7417 	7418
1307 	7416 	7418
1307 	7416 	7417
6256
6256 	10262
6256
6256
4306 	6256
4513
4513 	8039
2581 	4040 	7427
7426
4357
2452
2507 	7431
7430
1977
7434
379 	7433
2094 	2534 	2535 	7774
4165 	6130 	6131 	6132
2904 	7438 	7439 	7440
7437
7437
4136 	4138 	7437
5217
2154 	2155 	2156
1439 	1620 	2153 	2154 	2155 	2156 	9087
212
5291
2265 	2266 	2270 	2271 	2274 	2276 	4697
2265 	2266 	2270 	2271 	2274
1509 	2460 	7449 	7450
7448
7448
7452
371 	7451
4563 	4564
7455
2904 	7454 	7781 	8131 	9934
4768
6008 	6461 	9855
4241
4132 	4133 	4241
1347 	4336 	4908
5317
3285 	3314 	3689 	4109 	5024 	7463
3285 	3314 	3689 	7462 	8033
6182
7466 	7467 	7468
7465
7465
3717 	7465 	7954 	9811
566 	5853
566 	720 	10156
3689 	7472
7471 	10460 	10599
4467 	5515 	7474 	7475
7473
7473 	9829 	9830
3088 	6195 	7635 	8346
3088
2863
2904
4997
622
591 	2089 	10281
2089
563 	1780
616 	7486 	7487 	7488
616 	7485 	7487 	7488
616 	2980 	7485 	7486 	7488
616 	2980 	7485 	7486 	7487
6384
5050
5050 	9843
5050
5050
7495
2898 	7494 	7676 	7677 	7678
2854
4149
530 	5684 	7499 	7500
5684 	7498
530 	7498
151
1368
4033
7505
3732 	7329 	7504 	9803 	10430 	10447
1307 	1620 	2424 	7507
997 	3436 	7506
3431
34 	38 	2695
3773
2510
2083 	2510 	7516 	8503
2510 	2512
1439 	2510 	2598 	2771
2510
2083 	2510 	7512 	8503
2510
4089
2378
3395 	7265 	7522 	9266
3468 	5282 	7265 	7522 	10254
4209 	7263 	7265 	7520 	7521 	7524 	9266
3984 	7265
7265 	7522
4989
4989
4771
816 	818 	7529 	7530
818 	7528
818 	7528
1334 	7534 	8995
1334
1334 	1335 	3911 	7535 	8029 	8436
1334 	7531 	8995
1334 	1335 	3911 	6484 	7533
959 	3191
4517
337 	3341
7540
7539 	8121 	8138
4167
4057 	4629 	7543
3727 	4057 	4629 	6211 	7542 	9587
1166
325
6233
4494
7549 	7550
7548 	7550
4140 	7548 	7549
7552 	7553
5956 	7551 	9895
7551
778
778
778
11
11
11
11
11
30 	1758
4992
748 	5695
4305 	5695
4305 	5695
5695
748 	4305 	5695
7570
3166 	3167 	5343 	7569 	7858 	7862 	7864
3357
843
252 	7577
193 	252 	2242 	6161 	8839
252 	677 	680 	6072
252 	983 	9224
252 	7573 	10664
252 	8845
252 	8011 	9457
252
4263
2988
452 	5566 	5568
2121 	7199
4954 	7586 	7587
4954 	7585
4954 	7585
254 	1075 	1635 	1637 	4278 	4279 	4280
5408 	7592
2159 	3730 	4501 	4860 	7591 	7592 	7593
7590
7589 	7590 	8546
7590
1555
1932
1593 	3776
2361
321 	1570
321
1550
2613 	2615
2249 	7319 	7603 	7604 	7605
5098 	7319 	7322 	7602 	7604 	7752
5098 	7319 	7322 	7602 	7603 	8051
7602
1296 	1735
1412
1362
1888
7611
4455 	7610 	8203
7252
2424 	3436 	7615
2424
2424 	7613 	7738
1539 	5351 	5352
1977
2438
2348 	3522
6970
5372
2787
7624
760 	1223 	3090 	5657 	7623
563
2357 	2360
2086 	2348 	2905 	7628
2086 	2348 	2905 	3208 	4854 	6470 	7627 	7747 	8407
1239
4399
1459 	4399
4768 	7633
3518 	7632
7635
7476 	7634 	7911 	7912
1238 	1239
6343
3753
7135
3607 	5258 	5974 	7641 	7716
2443 	3607 	5981 	7640 	9152 	10273
3607 	8006 	8939 	8940
3607
3607 	7717 	8453 	9079 	10298
1192
7647
804 	7646 	8041
1362
6250 	7650
7649 	8889
3584
1168
5431
3002 	7985 	7986 	7987 	7988
3002 	7657
1883 	3002 	4144 	7659
3002 	7655
3002
3002 	7656 	10513
3002 	9554 	10286
7662
7661 	7666
3032 	4612 	7664 	7665
7663
4612 	7663
7662 	8179 	8180
6190 	7668
7667 	10010
939
3204 	4699
7672
1833 	4727 	7671
4433 	7674
7673
384
7495
7495
7495
816
1667 	7681 	7682 	7683 	7684 	7685 	7686
7680
7680
7680
7680
7680
7680
2363 	3108 	7178 	7179 	8152 	8419
4219 	7690 	7691
4219
4219 	7688 	7691 	7868 	8288
4219 	4906 	7688 	7690
2143
5755
3392
40 	7696 	7697 	7698
1450 	1457 	7695 	7697 	7698
40 	7695 	7696 	7698
40 	7695 	7696 	7697
959
7701 	7702
792 	7700 	7702
7700 	7701
5708
1440
2357 	7138
1642
1642
939 	1642
2070 	2437
6992
3183 	4229
4229
4939 	7714
4939 	7713
3491 	4155
7640 	9249
7644 	7718
7717
2028 	2031
3191
2292
2562 	6137
5057
193 	7725
7724
7727
2813 	7726 	9816
1210 	4918 	5313 	5401 	9025
2161 	7730
3246 	7729 	10381
2538
2576
1487 	7734
1487 	7733
5282
2905 	5282
57
7615
3244
1467 	4958
7742 	7743 	7744
7741
1095 	7741 	7816
7741
2922
3239 	6295
7628
5547 	5548 	7749
7748 	10091
7284
4542
766 	7603
1258 	9896 	9897 	9898 	9899 	9900
7385 	7755
7754
3181 	9387
776 	2405 	2406 	6800
462 	1714 	3199 	3200 	4449 	4450 	4451 	4452 	4453 	7016
2768
1209 	1210
1598 	2477
2585 	4563 	4565
3246
720
5006 	7766
7765 	10121
2771
3562 	3765
3675
2273 	3947 	3951
7772 	7773
7771 	7773
2348 	7771 	7772
7435
3763
1932 	2893 	4473 	4474 	4739 	7970 	7971 	7972
2383
3584 	4708
3239 	5273 	6295 	6296 	7780
3239 	5273 	5274 	6295 	6296 	7779
7455
4652
193
4864
7786
3246 	4497 	7785
5188
1736
917
3032
959 	4198 	5901
7793
2270 	4823 	6257 	6323 	7792 	8528 	9428 	9429
417 	2437
2437 	6389 	7975 	9296 	9530
417 	2437 	5415
427 	2437
2945
7800
7799 	9286
3244
3244
3244
3244
1910
4648 	5341
1471 	7808
7807 	10575
7276 	7810 	7811 	7812
7276 	7809
7276 	7809
7276 	7809
1927
1268
2469
7743
6008 	7819 	9029
6008
6008 	7817
2064
2064
3027
658 	7824
658 	6174 	7402 	7823 	8462
307
2559 	7827
7826
3617
3617 	3622
3617
3617
3416 	8172
7834
7833 	10424
1191
2547
2960 	7839 	7841
2960
2960 	7837
2960
2960 	7837
6296
879
1695 	6791 	6792
7155
2421
1362 	7848
7847
7850
2121 	2270 	7199 	7849 	9977
5029
336 	337 	338 	9042
7854
7853 	8522 	10498
5132
3899 	4146 	7857
7856
3166 	3167 	5343 	7570 	9690 	10026
3167
3167 	7862
3167
2664 	3166 	3167 	7570 	7860 	7864
2664 	3167
3167 	7570 	7862 	9690
519 	2423 	3353
260
4906
4906 	7690
4906
1209
1209
1209
1208 	1209 	1210
1209 	1210
1209 	8231
4100
1688
89 	1688 	4793 	4794 	4796 	5028
1688
1688
2641
7070
1833 	2520 	3583
3376
1243
2024
2024 	2025
1170 	2024 	2025
4085
3179
3179
3642
636
4610 	7895
7894
2278
1899 	7898 	7899
7897 	7899
7897 	7898
3073
7902
2348 	4676 	7901 	8391 	10407 	10408
6964 	6966 	6967
6964 	6965 	6966 	6967
4562 	6967
6967
6967
4884 	7909
4884 	7908 	8119
1910
7635
7635
2094
4222
5188
5188
1534 	4793 	8433
1212 	1534 	9370
1534
1709
4403
1239
3480
2710 	2955
2710 	2955
4126
4889
2816 	4140
1383
959
4360
2061 	5804
587
4153
3033
1812
1812 	8808 	10380 	10487
5261 	10585
1901
1901
1901
1901
1901
1901 	6023
7946 	7947
7945
6064 	7945
1833 	7949 	7950
7948
7948
5605
1294
1268 	1294 	2046
7468
481 	985 	5138 	7956 	7957 	7958 	7959
481 	7955 	7958
4560 	7955 	7958
481 	4560 	7955 	7956 	7957
5138 	7955
3325 	4145
3325
3325
3325
3325
3325
7967
193 	7966
1533 	3166 	4592
2443
2893 	4474 	7776
4474 	7776
4474 	7776
3661
1737
7795
7977 	7978
1095 	1563 	4111 	7383 	7976 	9377 	9927
7976
5494
130 	2592 	5494 	9621
5494 	8426 	9987
2637
7326 	7984
7983
7654
7654
7654
7654
781
56 	125 	408 	781
56 	408 	781 	9392
524
2355
2391 	4693
2391 	10608
2391 	4693 	7997 	7998 	9009
2391 	7996
2391 	4414 	7996 	8054
2729
6835
8002
8001 	8090 	8091
4791 	7028
4791
4791
204 	208 	209 	211 	212 	215 	7642
3033
2383 	2509
1916 	8010
6478 	8009
7579
2771 	7122 	8013 	8563 	8564
2771 	8012
1268 	3253 	5218
6997 	8016
8015
1346 	4904 	8018 	8019
1346 	8017 	8019
1346 	3592 	8017 	8018
3197
3522 	8022 	8023
6481 	8021 	8345
239 	8021 	8250
4612
45
7176
5676
148
7533
1226
1249 	2282 	4075 	4077
1249
7463
3665
5020
5020
5020
1170
7425 	9162
8041
804 	7647 	8040
3285 	3314 	4109
1685
8045
256 	2874 	8044 	8277 	9964
8047
8046 	8109 	10293 	10294 	10295
5258
3408 	5258 	8458 	9474 	9856
5258
7604
4100
4384
5152 	7998
411
4639
2209 	8058
8057 	9893
1307
1038 	2533
1528
1528
8064
4540 	5867 	8063
8066
1468 	8065
3470 	6770
5663
317
3705
1598
2559
1535
1203 	3074 	8075
8074
8077
8076 	8414 	9502
239 	6500 	8162
7189 	8080
8079
1927
1927
1268 	6122
5897
4731
524 	2841
5802
1711
211
1462 	8002 	9361
8002
8093
193 	8092
1473
374
2339
5785
244 	5495
2651
8101 	8102 	8103 	8104 	8105
8100
8100
8100
8100
8100 	9402
4935 	8331
423
547
8047 	8110
6554 	6555 	8109 	9136
92
3384 	4992 	8113
3384 	8112
56 	58 	489 	2136 	4550 	5670 	5672
4261
1347 	2061
7079
3945 	3950
4884 	7909 	9927
4695
7540
247 	303 	9507
62 	767 	1028 	3516
3730
2292 	8126
2292 	8125
1689
228 	3594
587
238 	239
2348 	7455
149 	151
8134
668 	919 	8133
1239 	1241
4654
6636
563 	7540
2242
2798
2348
151 	2233 	9499 	9940
1278 	2542
4136 	4138
2581 	4040 	4136 	4138 	6794 	9482
1412
2110 	8148
2110 	8147
5964
5947
5063
7687
959 	8154
8153
2088
1542 	7208
307
307
307
307
2966 	2967
8078
4126 	8164
1219 	4126 	8163
2856
2495
2495
2495
8170 	8171
879 	8169
8169
7832
5479
1487
5800
2730
1033
2593
2348 	7101 	7666 	8180 	8181 	8182
7666 	8179 	8181
8179 	8180
7101 	8179
1497
7292
6524
6489
5874
4086
1801
879 	8191
8190 	10662
1687
1309
1644 	3213 	8195
3213 	8194
879
2360 	8198
2360 	8197
8200
2735 	8199 	10014
4622
5082
7611 	9678
8205
1111 	2328 	3072 	3075 	3079 	8204
1497
8208
1681 	5450 	8207
694
4322
1566
1497
2723 	3611
4889
959
8217
850 	8216 	8715
3446
6016 	8220
6016 	8219
6960
4074
1524
4995
7218 	8226 	8227 	8228 	8229 	8230
8225 	8230
8225 	8230
8225
427 	8225
5674 	8225 	8226 	8227
7875
1883
2360
2360 	2583 	3498 	8235 	8550
2360 	2583 	3498 	8234 	8550
2360 	8237
2360 	8236
524 	8239
524 	8238
2406 	8241
2406 	5486 	5856 	8240
1439 	1620 	2152 	2153 	2156 	2478
8244
1440 	8243 	10402
249
4918
2945
3922
4577 	8515 	10543
4577 	8023
1318 	1319 	1320 	1321 	1323 	1324 	3290
1347
1347
1347
1347
1347
337 	1347 	2191 	3204
668
1599 	1601 	7091 	7092
1859
3718
1961 	3975
2848 	6573 	9745
2848
4686
3959
5132 	5875
4904 	8269 	8270 	8271
8268
8268
8268
6770
6770
1362
1307 	2433 	2452 	3819 	4951 	5091
4509
8045 	8278
8277
1467 	7139
1293
959 	8282
8281 	10334
587
2972
2972
2972
4141
7690
2955
2244
3392
3392 	7101 	8294
3392
3392 	7101 	8292
1884
2573
2242
2816
5498 	8300
56 	635 	8299 	8356 	9328
4699
1097
1524
775
6352
8307
8306 	8977 	9287
6120
1223
7189
959 	8312 	8313 	8314
8311 	8314
8311 	8314
8311 	8312 	8313
1267
3702 	5100 	9374
3702
959
1459 	1510 	8320
1459 	2945 	8319
3285
3285
6653
1557 	2134
535
3246 	8327 	8328 	8329
1510 	8326
8326
8326
1949
8106
3522
3260
3 	6 	10463
7400
15 	16 	772
804 	926 	8338
8337
4138
4138
4063 	4064 	9871
4064 	8686
4064
4064
8022
2832 	6010 	6195 	7476 	9950 	10551
6195
6195 	7045 	7046
6195
6195
6195
8353
1693 	8352
563
317 	3267
8300
2733
1833
2520
1008 	8361 	8362
8360
1008 	8360
2770
2770
2770
8367
1510 	2306 	4132 	8366
847
1454 	8809 	9486 	9487
228 	1117 	2481 	3594 	9170
4497 	8372 	8373 	8374 	8375 	8376 	8377
8371
8371 	8375 	8377
8371
8371 	8373 	8377
8371
8371 	8373 	8375
879
427
1854 	7136
2777
6257
6257 	10497
1239 	8385
1239 	8384
2355 	2646
3250
7223
831
6600
7902 	8392
8391
3090 	8394 	8395 	8396 	8397
8393
3090 	8393 	8396 	8397
3090 	8393 	8395
3090 	4655 	8393 	8395
427
3630
898
3472 	8402
3472 	8401 	9713
6659 	8405
6659
239 	6659 	8403
6359
2292 	3208 	7628 	8408
4722 	4918 	8407 	8936
8410
218 	8409 	8600 	9598 	10270
2876
1277
8414
8077 	8413
4918
40 	8417 	8418
8416
8416
7687
7282
5313
563
6933 	8424
8423
1170
7981
3766
917
7138
3705
5372
6171
4793 	7917
1095
358
7533
337 	1268 	1529 	2581 	4040 	8438
337 	1268 	2581 	4040 	8437
1212
2543 	2544 	7131
8442
2718 	8441 	9153
2808
2808
8446 	8447
8445 	9274
6010 	8445
337
3813
451 	467 	5433 	8952
62 	398 	467 	474 	477 	2136
4699
7644 	8454
8453
2935 	2941
2292 	4918 	8457
8456
8049
1243 	3705
3705
3705
658 	7824
291 	655 	658 	6174 	8867 	9145
6581 	8559 	9723 	10503
6581
3246
3246
1341 	3303
8470
1859 	8469 	9155
1567 	2775 	7162
1168
4785
5098
5098
3730
3527
8479
2585 	4563 	8478 	9407
6782
7311
665 	666
3400 	8558
3400 	7213 	8485
3400 	8484
3596
959 	8488 	8489
959 	8487 	8924
8487
4655 	8491
4655 	8490 	10268 	10269
4889
7106
1598
5246
1191
2592 	8498 	8499
8497 	9776
6555 	8497 	9776
8501
8500 	9559
8503
2443 	7512 	7516 	8502
948 	6325 	8505 	8506 	8507
948 	6325 	8504 	8506 	8507
948 	5870 	6084 	6325 	8504 	8505 	8507 	9611 	10648
948 	6325 	8504 	8505 	8506
1168 	8509
1168 	8508
134
8512 	8513 	8514
8511 	8513 	8514 	9436 	9437
8511 	8512 	8514 	9436 	9437
8511 	8512 	8513
8249
3204
1851
2023
3654
4844
1170 	2025
7854
40
4629
4629
687 	8527
687 	8526
7793
2088
2088
753
753 	9290
4063
4578 	9154
4578 	10277 	10278
2670
158 	2670
1015
4727
7111
249
8543
1248 	8542 	9908
1739
8546
7592 	8545
8548
570 	8547 	10154
2284
8234 	8235
535 	2200 	8552
8551
3950
3950 	8945 	9792 	10373
3945 	3950
988
1268
3889 	8483
130 	8464
8561
5225 	8560 	9699
3594
8012 	9567
8012
7276
4562
1121
4066
1296 	1735
1563 	2591 	3433
2591
195 	196
239
2025
1541 	9344
123
6096
371
8580 	8581
193 	8579 	9331
8579
6185
1977 	8584 	8585 	8586
8583
8583
8583
804
587
5549 	8590
5548 	5549 	8589
436
959 	6399 	6400
8594
40 	354 	8593 	8665 	9728 	10110
1857
1857
5945
8599
3314 	4113 	8598 	9380 	9381
8410
34 	38 	2695
238 	239
6937
432 	433
6430
4483
249 	885 	8608 	8609
249 	885 	8607 	8609
249 	885 	887 	8607 	8608
193 	8611
8610
8613 	8614 	8615 	8616
8612 	8614 	8615 	8616 	10299
8612 	8613 	8615 	8616
8612 	8613 	8614 	8616
879 	8612 	8613 	8614 	8615 	8732 	10143
3533
904
5729 	8620 	8621
2607 	8619
2913 	5729 	8619
959 	8623 	8624 	8625 	8626
3714 	8622
8622
8622
8622
8628 	8629 	8630
959 	8627 	8894 	8895
8627
8627
662
1279
1279
1279
1279
771 	8637
771 	8636 	8764
997 	3801 	3802 	3803 	9986 	10282 	10300
587
7067 	8641
8640 	10128
552 	3597 	5932 	6563 	8643
552 	3597 	5932 	5935 	8642
6178
6178
6178 	10354
4890 	5627
79
4986 	4987
421
530 	5682 	5684
761 	773
40 	8654
8653
371 	6309
3145
5594 	8658
8657
62 	776 	8660 	8661
8659
8659
136
6237
438 	7063
8594
742
5682
587 	8669
587 	8668 	8743
368
3463 	3464
767 	3250 	3463 	3464
3464
3280
6198
6198
6198
5508 	8679 	8680 	8681 	8682
8678
5508 	8678
8678 	8890 	8891
5508 	8678
3975 	8684 	8685
8683
3975 	8683
8342
89
411
834
834
8692 	8693
959 	8691 	8693
8691 	8692
8695
3815 	4181 	8694
1351
917
5697
6056 	8700
6056 	8699
2473
2611
3810 	8704
3810 	8703
587
6645 	8707
8706 	10193
14 	8709
15 	17 	8708
4305
705 	5802 	8712
8711
4305
371
8217 	9804
62 	481 	2138 	4684 	5437
481
1381
1048
1048
573
458
5376 	8724
5376 	8723 	9724 	10221 	10640
4449
4449
701 	3199 	4449
5161
6245 	10158
5548
750
879 	8616
959 	4067
6917
4662
8737
5057 	8736 	10283
587
587
587
587
587
587 	8669
587
587
587
587
587
587
587
587
587
587
587
587
498 	8757
8756 	10261
770
8760 	8761 	8762 	8763
193 	8759
8759
8759
8759
8637
6563
596
596
249
5765 	8770 	8771
5765 	8769 	8771
8769 	8770
668 	919
5733 	8774
8773 	10308
30 	8776 	8777 	8778 	8779
8775 	8778 	8779
8775 	8779
8775 	8776 	8779 	10187
30 	8775 	8776 	8777 	8778
1079
8782
948 	5609 	8781 	9198 	9326 	9327
5960
3936 	4888
3936
3936
313 	317
318
6074
6074
6781
591
628
5234
5234
5546
4755 	4756 	6665
4756 	8802 	9397
4756 	9643 	10234 	10235
4755 	4756
4756
4756 	6180 	8798 	9397
4756 	6180 	9397
6408
959
6988
432 	433
7937
8369
8811
1840 	8810
6367
783 	8820
783
783
3993
8818 	8819
8817
959 	8817
8813 	9822
3232 	8822
3232 	8821
427
879
5697
823
4093 	8828 	8829
4093 	8827 	8829 	10182 	10353 	10365
8827 	8828
2785
397 	2475 	5486
841
570
5458
8836
904 	5166 	8835 	9194 	10285
6944
249
7574
4467
427
2979 	3277 	8843
2979 	2980 	8842 	9696
8845
7578 	8844 	8983 	8984
8847 	8848
8846 	8848 	8856 	8857 	9013 	9014 	10128
8846 	8847
346 	368 	6035 	6036 	6037 	8850 	8852 	8853
346 	368 	6036 	8849 	8851 	8852 	8853
346 	6035 	6036 	6037 	8850 	8852 	8853
346 	368 	6036 	6037 	8849 	8850 	8851 	8853
346 	368 	1805 	5752 	6035 	6036 	6037 	8849 	8850 	8851 	8852 	9740
8855
4329 	8854
8847 	8857
8847 	8856
3919
485 	2136 	8860
485 	8859
8862
8861 	10274
4045
5184
398 	9310
398
8463
4271
847
767 	1422 	6016
1663
380
1290
6661
5628
2055 	6894
1440
3013
771
371 	8881 	8882 	8883
8880 	8883
8880
8880 	8881
1875 	8885
1875 	8884
2375 	3363
879
6250
6250 	7650
193 	8681 	8891
8681 	8890
6159
2951
8628
8628
530 	8897
530 	8896
497 	523
2913
1093 	1497 	9693 	9694 	9695
392 	6806
8903 	8904 	8905
879 	8902 	10037 	10331
8902
8902
2904 	10039
2904
2904
2904
4019
841
715 	717
6886 	8914
8913
202 	204 	206 	207 	210 	211 	214 	216 	8916
202 	203 	204 	206 	207 	210 	211 	213 	214 	216 	8915
4384 	4385 	4388
5489
2309
3596 	3597 	9879
2684
3239
786 	9225
8488
7262 	8926
8925
5061
5061
5061
8931
1661 	8930 	10624
8933
1268 	8932
879
2292 	8936
2292 	8408 	8935
5416
8939 	8940 	8941
7642 	8938 	8940 	8941 	9528
7642 	8938 	8939 	8941
8938 	8939 	8940
8943
249 	3782 	8942
5715
8554
2945
3622
3048
5382
1276 	8951 	8952
8950 	8952
1276 	8450 	8950 	8951 	9640
193
525
5755
830 	8957 	8958
8956
8956
621 	8960
8959
675
40 	675
62
62
62 	8966
62 	8965 	10651
62
62
62
62
3232
6691
6691
6691
950
950
720 	4209 	8307 	10052
720
720
720
2762
2762 	2951
8845 	8984
8845 	8983
30
2945
1343 	8988 	8989 	8990 	8991
8987
8987 	9836
5800 	8987
8987
593
593 	9237
1067
7531 	7534
1170
628
249
627 	6406
1979
9002
9001 	10034
7020 	9004
917 	7020 	9003
1477
9007 	9008
9006 	9008
841 	9006 	9007
7996
9011
249 	5498 	9010
1042
8847 	9014
8847 	9013 	10128
254 	1635 	4329
4329
123
225 	227 	9817
225 	227 	9681
959 	9021
959 	9020
627
1888 	9024
1888 	9023
7728
5800
879
6159
7817
6913
841 	9032
841 	9031
1243 	1593 	9034 	9035
1243 	9033
9033
40
6150
3695 	6150
123
123
123 	9043
7852
9041
3984 	9045 	9046
9044 	9046
9044 	9045
1452 	5660 	6370
239
239
239
239
239
239
239 	249 	10138
238 	239
193
3146 	5057
3146
4344 	9060
9059
6465 	10190
6465
935
796
1979
451 	452 	2303 	6540
6561 	9068
6561 	9067
959
4918
4918
4918 	10236
1833 	4918 	10520
4918
907
1695
5921
5569
7644
9081
893 	9080
2936
9084
2348 	9083 	10046 	10247 	10678
3225
3225 	10251
7443
1293
2219
4871 	9091 	9092
4871 	9090 	9092 	10167
4871 	9090 	9091 	10167
7083
2760
9096 	9097 	9098
371 	5844 	9095
9095
9095
193
6554
2906
3877 	9103
9102
6917 	9268
4434
6280 	9107
9106
5776 	5778 	9109
5778 	9108
2129 	7174 	10189 	10190 	10191
1004
1709 	6231
6997
249
1170
451
3098
6959
644
644
3977
1494
4680
365 	4005 	4006 	4008 	6450 	6608
56
2520
5634
5634
1219 	9130
1219 	9129
166
166
9134
4103 	9133 	10192 	10661
4952
6554 	8110
5556
1801 	2785
7262
404
9142
3314 	9141
1004
6
6174 	8463 	9146
9145
249
9149
6037 	9148 	9295
5193
3227
5981 	7641
8442
8534
8470
4992
9158
4842 	9157
2303
9161
4041 	4045 	9160
316 	8039 	9596
7152
2086
5785 	5788
228
2209 	4560 	5138
2209
228
228 	8370
228
228 	9662
438 	7063
9175
3618 	9174
2945
4357
677
9180
1610 	9179
4357
4357
5802
5802
5802
6399
5715
4384
5680
9191
7136 	9190
591
5166
5166 	8836
1091 	4879 	5956
9197
3274 	3276 	9196
8782
193
1219
879 	9202
879 	9201
9204
2520 	9203
5977
5974
742
1593
1593
1859
939
939
939
792
742 	935
40
313
6072
6048
9221
1807 	9220
6915
6749
7576
8923
544
6554
6497
7023 	9297 	9298
3461 	4509 	7023
827
4207
9234
193 	9233
3014
9237
8993 	9236 	10231
3883
42
729
7337
6791 	6792
5349
425
260 	9246 	9247
9245 	9247
9245 	9246
193
7716 	9250
9249
198 	509
198 	4673 	5486
198
198 	4773
277
277 	9257
277 	9256 	9259
277
277 	9257
4360
404
879
6064 	9264
9263
4286 	4288 	5035
3395 	7520 	7522
5979
9104
4492
1252
9272
40 	9271
6317
8446
9276
6439 	9275 	9493 	9494
1042 	4100
1042
260
371 	9281
9280
535
212 	907 	4360
847
3858 	6641
6547 	7800
8307
218
5572
8532
148
6559
5890
289
6036 	6037 	9149
7795
9229 	9298 	9299
9229 	9297
9297
4348 	9301
9300
904 	6998
772
469
469
2139
3642 	6445 	9308
9307 	9961 	10199 	10458
379
8865
959
1045
432 	433
432 	433
61
9317
15 	9316
6097
1284
9321
1711 	6334 	9320
6600
40
377
4297
8782
8782
8300
5830
624
8580
879
2017
6964 	9362 	9363
9336
6779 	9335
4732
1976
258
7091
2790
5865
40
8575
4688 	6699
2325
249
959
148 	5925
148 	5925
694
5486
1560 	9354
9353
841
879
4763
3446
9360
3212 	9359
8090
9334 	9363
9334 	9362
3305 	4172
337
4603
4603
4844 	7106
966 	1192 	3297
1212 	2640 	7918
9372 	9373
4537 	9371 	9373 	9620
1539 	4537 	9371 	9372
5099 	8316
193
1532
7977
2582 	7190
6191 	7022
3314 	4113 	8599 	9381
3314 	4113 	8599 	9380
4995
4597 	4610 	7364
1801
1233
5339
7756
497 	523 	1862 	3849 	4339 	9389 	9390
497 	523 	1268 	1862 	4339 	9388 	9390
497 	523 	4339 	9388 	9389
30
7991
1787
4360 	6848
1230
9397
4755 	6180 	8798 	8802 	8803 	9396
847
1803
9401
2874 	9400
1156 	1343 	8105
1343
701 	4518
3274 	3276
1977
8479
9409
9408 	9962 	9995
5668
371 	841 	10068
841 	9965
841
841 	9651 	9652
782
6563
6563
1170 	2025
5534
2955
2955
2955
1805
1805
1805 	9427
1805 	2260 	3988
1805 	9425 	9450
7793
7793 	9476 	10426
9431
879 	9430
2174
737 	7035
337
2357
8512 	8513
3961 	8512 	8513
5474 	10092
668
1524
1524
606 	608
5703 	9723
4840
3218 	3961
2638 	3961
3961 	9488
5248
1598
9427
2430
258
524
371 	2410 	9455
9454
7381 	9619
7579
3527
2699
563 	1711
5472
5472
2913
2913
2913
2913
9468
218 	9467
4146
3957
2143
33
1539
8049
776
9429
9478
3959 	9477
1168
58 	5670
5867
8145
879 	2240 	2242
2242
2666
8369
8369
9447
193
337
3490
2887
9276 	9494
9276 	9493
3334
368 	9497
368 	9496 	10359 	10360
9499
151 	8142 	9498 	9684
959
9502
1725 	7408 	8077 	9501
1386 	9504
1386 	9503
3584 	4724 	4726 	9506
3584 	9505
8122
1095
89
3844
563 	9918
563
563
563
563 	654 	3236 	9731 	9749
563
563
3183
3982 	9668
6869
4645
7224
1709
4888 	4889 	4890 	9525
3236 	4888 	4889 	9524
1802 	1874 	2733
1239 	1241
8939
1570
7795
1168
2500
1238 	1239
1238 	1239
1238 	1239
3689 	4108
4113
4113
9540
40 	9539
7101
1598 	2061
1598
1598
1598
1598 	2061
1598
1598 	2061
1598
1598
1598
1598
1598
1891 	7660
524
524
524
524
524 	8501
427 	524 	2840 	3001 	3732
4137
4137
1570
6435 	6436
1706
760 	7216
8563 	10556
5084
1801 	9570
9569
6528
907 	6528 	9573 	9574
907 	6528 	9572
907 	6528 	9572
5346
2144
64
2355 	2646
2646
1681
2031
2863
2863
2428 	3024
4165
3346
7543
1825
1825
1825
959 	5395 	9592 	9593
9591
9591
5246
4457 	4458
9162
2835
8410
7155
7155
7155
5088
9604
3086 	3087 	9603
193
27
747 	4033
885 	887 	6593 	6594
1932
766
8506
2433
1620 	2433
6122
5546
1962
9618
2575 	9617
9456
9372
1711 	7980
6124
907
6435 	6436
6146 	9626
4699 	6146 	9625
6146
311 	10673
311
1539
2881 	9632
9631
5587
2310
2488
3183
3350
4648
4648 	6489
4648 	8952
847
427
8799
2931
1239 	1241
3447 	6354
3504 	9648
9647
4403
3250
9414
9414
1381
3979
2945
5159
3504
1168 	3951
5515
1239 	1241
1709 	5940
9172
1538
2294
3020
4889
1714
9519
368
1268
1268
1268
1268
1268
1268
1268
3584
4497 	8203
1801
2122
9019
4165
4165
9499
9686
337 	9685
3189 	10257
9689
2290 	9688
5343 	7858 	7864
1321 	9692
1321 	9691
1497 	8900
8900
1497 	8900
8843 	9697 	9698
9696
9696
8561 	9962
1891
1891
3183
3183
1497
5246
1170
1170 	2025
5896
1689
2891
2891
1157
3472 	8402 	10555
4879 	9715
9714
2213 	10533
2213
959 	9719 	9720
9718
9718
752 	757 	761 	774 	3027
9723
8464 	9443 	9722
879 	5376 	8724
907 	9726 	9727
9725
9725
8594
6054
751
9515
917 	3751
3197
4837
816 	7037
9737
9736 	9768 	10159 	10222 	10594
4673
360
8853
2881
1430 	9743 	9744
9742
9742
8263
7157
5068 	9748
5068 	9747
9515
615
9752 	9753 	9754
9751
1252 	9751
9751
6009 	6010
1296
3958 	4420
4870
1044 	9760
1045 	9759
1644
5710
4085
2423 	4085 	10489
1998
4642
5710
2583 	9737
959
7213
1239
1156
2874
4951
1835
8498 	8499
1439
3594
3453 	9780
9779
2306
1467
1467
1509
959
4080
2931
1711
5172
4618
1840
2316 	3795 	8554
3795
7307
5246
1291 	2582
2171
7105
740 	2644
9801
193 	9800
866
7505
8715
1351
6600
2430
4705
38
530
7468
1243
3458
2695
1137
7727
9018
1095
1954
1368
4147
8820 	9823
9822
911
218
218
218
2598
7475
7475
7329
766 	5820
2881
313 	317 	2979 	6278
7385
8989
3374
30 	1767
2945
1899
4063
3312
7491
2294 	5223
2756 	3730
3730
1468
3689
1111 	9850
1111 	9849
6 	1475 	1476 	10216
2326
1753
7116
7457
8049
1351
2044 	5935
360
360 	9861 	9862
360 	9860
360 	9860
1761
2273 	9929 	9930 	9931
959
5316
4496 	4497
4024
2876
3822 	3824
8341
6276
1296 	2257 	4573 	5244 	9983 	10546 	10547
5081
879
1191
1243
21 	371
3596 	8920
260
2900
2900
2348
3173
1635
2764 	9887
9886
2071
2292 	3867
2292
2292
337
8058
7300
7552
7753
7753
7753
7753
7753
5193
3353
1202
785
3444
3239
3933
8543
5046
3439
1339
1339 	3727 	6210
6159
6159
6159
3732
9918
9511 	9917
9920
3334 	9919 	10518
4898
3706
3654
959
1881
3723
7977 	8119
4693
9864 	9930
9864 	9929
9864
9933
4979 	9932 	10436 	10437
7455
2025
1353
3675
3675
3675
8142
6359
879
329
6
5313
5388
1788 	4498
959
3594
8346
1293
1736 	9953 	9954
9952
9952
29
547
354
2348
3173
3173
3517 	9308
9409 	9699
4743
8045
9412
1111 	3967
1239 	1241
5138
1277
2488
6600
766 	3316
2143
1362
9976
2430 	9975 	10548
7199 	7850
337
3314
2593
2096
5068
9873
2348
3453 	7288
3802 	8638 	10282
7981
4803
30
30
6623
4256 	6396
5723 	5964
5964
9409
2712
724
1191 	9999
9998
1267 	10028
1267
2931
448 	5228 	10352
1709
2304
226 	10007
10006
1976
3836
1887 	7668
6459
2171
2325
8200
3204
1888 	3631
1168
1239 	1241
238
6824
3717
3346
3314
427
959 	4409
7858
5146 	5155
10000
1221 	10030
1221 	10029
1570
3782
4732
9002 	10296 	10565
2533
3594
8903
3527
8906
1277 	1685
4202
1121
2840
1270 	1685 	6852
4815 	10229
9084
662
662
4041 	4045
1412
5358
8977
337
1221
417
6180
2017
2430
2430
2430
2430
699 	911 	5388 	10063
699 	911 	5388 	10062
4983
4983
2423
1381
9411
959
10071
371 	10070
4897
6222
6222
58
1636
7055 	10205
10079
3877 	10078
477
5484 	6644 	6645
40
823
4010
4010
1741
4502 	10088
10087
3098
79
636 	7749
9438
4554
5867
10096 	10097
10095
879 	10095
767
4897
3229
6777
313 	5322 	6990
2096
879
3653
1620
917 	2940 	2941
5557
40
354 	8594
10112
959 	10111
3680
3680
4836 	10116
4751 	10115
371 	10118
371 	10117
1293
7110
7766 	10122
10121
149 	151 	10124
149 	151 	10123
1045
3405 	3406
4206
879 	8641 	8847 	9014
4560 	5138
862
3971
668
249 	10135
249
249 	10133
249
249
249 	5976 	9054
249
40
907
5547
8616
5885
5376
5376
5808
226
5856 	10175
6524
879
7091
4688
8548
40
7470
5662
5385 	8729 	10325
9737
4681
417
438 	7063
546
1290
959
6554
9091 	9092
6639 	10169
6639 	10168
847
1606 	10172 	10173
10171 	10173
10171 	10172
40
10149
193 	10177
1955 	10176 	10297
6854
417
672 	847
5973
4093 	8828
337 	944
831
40
484
8778
5317
9110 	10476
9061 	9110
9110
9134
8707
5240
5240
672
672 	847
672 	847
5930 	9308
432
1027
4494
694 	1661
4509
10077
862
10208
4045 	10207
1296
1620 	2443 	5089
4080
5130 	7063
5528
407 	408
226
9851
847
7043
904
5981
8724
9737 	10223
10222
173
911
337
452
452
879 	10045 	10230
10229
9237
10233
862 	10232 	10675
8799
8799
9072
2898
751
10240
959 	10239
893
5829
6126
2611
6316
6370
2348 	9084
494
421
6543
9086
5967
2611 	6566
7521
193
427
9687
2309
3548
3548
8757
7420
3883
847
847
847
4030
8491
8491
8410 	10576
879
2945
5981 	7641
879 	8862
625
625
8535
8535
40
3346
7482
8638 	9986
8737
6197
8836
7660
3677 	10519
5450
5954 	10301 	10609
5954
5437
1496 	1497
8047 	10294
8047 	10293
8047
10034
10177
7644
8613
8638
10289
4030
10304
959 	10303
4842
4673
879
8774
3751 	10310 	10311
3751 	10309 	10311
3751 	10309 	10310
5973 	10519
6421
5527
10316
193 	879 	10315
5544
5544
5544 	10598
165
5680
1079
1079
6048
10158
5816
4336
5816
6280
668
8903
40 	10616
40
40 	8282
40
408
4492
3495 	4492
2611
10341
6334 	10340 	10658 	10659
547
879
4297
3975
2506
6894
535
535
2758
2506
10003
8828
879 	8646
865
7018
193
368
368 	9497
368 	9497
2228
4014
608
6751
4093 	8828
4093
5089
6971
4271
879
6899
1083
8554
6800
371
774 	10377
752 	774 	10376
10379
6036 	10378
7937
7730
4360
1473
10385
2006 	10384
4346
2170
2170
5037
1977
2624
5251
594
4089
317
3432 	3433 	5190
270
4014
7180
2575
6639
8244
2029
1977
2760
2282
7902
7902
1801 	2785
1252
1252
4619
1496 	1497
668
1519
2662
371
371 	879
4699
2144
5595
5485
3822
3346 	7834 	10425
10424
9429
2062
1570 	2062 	10429
2062 	10428
7505
337
337
337
337
337
9933
9933
10439
959 	10438
1883
3453
3453
3453
2440 	10592
2440 	10572
1241
7329 	7505
4879
2050
1788
1998
1875
4089 	10492
2144
4336
879
4147
9308
3957
7472
1351
879
8334
1168
2121 	7199
1095 	10467
10466
3776
1736
1296 	1736
959
3871
879
2228
451
10189
1090
2898 	10479
2898 	10478
2142
4008
2142
2121 	7199
2290
1219
447
7937
1833
9764
3433
2535
10453
1239 	1241
7123
2306
130 	6457
8383
1065 	1961 	6894 	7854
5130
2738
582
3732
8464
4573 	10506
4573
10504
1239
1239
1239
1239
7012
1854
7659
1046
1341
408
1233
9920
10287 	10312
1833 	9073
1608
1307
1801
509
497 	523
2061
1095
1248 	1311
3513
1296
959 	10532
10531
9716
130
1202
2661
6104
6507
546
2460
4615
3204
8249
1307
4988
9873
9873
9976
959
3949
8346 	10552
10551
3363
2249
3472 	9713
9567
959 	10593
959
959 	10587
959
959 	7166
959
959
959
959 	10034
959
4336
2988
3275
404
3305
10445
6852
3922
7808
10270
1307
2777
7117
193
1168
1412
1725
204 	211
7938
4167
10559
2718
4879
4612
3032 	4612
10444
10557
9737
1560
141
1095
10319
7472
7335
4992
448
879
6977
1174
130
408 	3272
7995
10289
4297
5313
5925
5925
408
226
10332
2593
2249
4355 	10620
4355 	10619
7371
1977
3282
8931
2575
710
193
1412
3334
1045
4525
1977
4768
5738
5738
5788
879
6542
4739
8724
6633
1836
5786
948
193
879
57
8506
668
668
8966
917
752
1045 	1801
165
165
911
10341
10341
193
9134
8191
5829
7577
4360
530
1065
58
879
879
879
3470
9628
5528
10233
1610
58
9084
879
